{"type": "FeatureCollection", "meta": {"iata": "AMS", "name": "Amsterdam Schiphol", "city": "Amsterdam", "center": [52.308, 4.7642], "elev_m": -3, "source": "OpenStreetMap (© OpenStreetMap contributors, ODbL)"}, "features": [{"type": "Feature", "properties": {"kind": "building", "h": 10.0, "name": "P1 Kort Parkeren"}, "geometry": {"type": "Polygon", "coordinates": [[[4.756652, 52.307223], [4.756926, 52.30695], [4.756987, 52.306889], [4.757471, 52.306407], [4.75753, 52.306347], [4.759001, 52.306896], [4.759114, 52.306938], [4.75923, 52.306982], [4.760711, 52.307535], [4.76082, 52.307576], [4.760932, 52.307618], [4.760641, 52.30791], [4.760322, 52.308228], [4.760301, 52.30825], [4.760134, 52.308413], [4.759994, 52.30855], [4.759771, 52.308466], [4.759965, 52.308272], [4.759768, 52.308197], [4.759546, 52.308417], [4.759481, 52.308392], [4.759431, 52.308374], [4.759339, 52.308339], [4.759399, 52.30828], [4.759211, 52.30821], [4.759154, 52.308262], [4.759035, 52.308217], [4.758892, 52.308164], [4.759117, 52.307939], [4.758916, 52.307864], [4.758693, 52.308086], [4.758634, 52.308064], [4.758578, 52.308043], [4.758482, 52.308007], [4.758545, 52.307945], [4.758384, 52.307884], [4.758325, 52.307943], [4.758041, 52.307837], [4.758373, 52.307505], [4.758184, 52.307434], [4.757847, 52.30777], [4.757775, 52.307744], [4.757718, 52.307722], [4.757635, 52.307691], [4.757704, 52.307623], [4.757514, 52.307552], [4.757386, 52.307506], [4.757244, 52.307455], [4.757525, 52.307176], [4.757336, 52.307105], [4.757069, 52.307371], [4.756998, 52.307442], [4.756926, 52.307415], [4.756863, 52.307392], [4.756777, 52.307359], [4.756842, 52.307294], [4.756652, 52.307223]]]}}, {"type": "Feature", "properties": {"kind": "building", "h": 11.5, "name": "P12"}, "geometry": {"type": "Polygon", "coordinates": [[[4.752003, 52.30404], [4.75152, 52.304513], [4.751456, 52.304488], [4.751428, 52.304517], [4.751491, 52.304542], [4.751475, 52.304557], [4.751621, 52.304613], [4.751731, 52.304656], [4.752589, 52.304985], [4.752549, 52.305024], [4.752595, 52.305042], [4.752636, 52.305002], [4.753619, 52.30538], [4.753579, 52.305419], [4.753625, 52.305437], [4.753665, 52.305397], [4.753749, 52.30543], [4.753812, 52.305368], [4.754277, 52.304912], [4.754193, 52.30488], [4.754235, 52.30484], [4.754188, 52.304822], [4.754147, 52.304862], [4.753149, 52.304479], [4.753188, 52.304439], [4.753145, 52.304422], [4.753105, 52.304462], [4.752134, 52.30409], [4.752176, 52.30405], [4.752129, 52.304033], [4.752088, 52.304072], [4.752003, 52.30404]]]}}, {"type": "Feature", "properties": {"kind": "building", "h": 24.5, "name": "Outlook"}, "geometry": {"type": "Polygon", "coordinates": [[[4.750394, 52.304004], [4.750819, 52.303588], [4.749746, 52.303175], [4.749462, 52.303066], [4.748926, 52.302859], [4.748884, 52.302898], [4.748757, 52.302849], [4.748417, 52.303182], [4.748544, 52.303231], [4.7485, 52.303275], [4.748768, 52.303378], [4.748601, 52.30354], [4.748886, 52.30365], [4.749053, 52.303488], [4.749304, 52.303585], [4.749138, 52.303747], [4.74923, 52.303782], [4.749349, 52.303828], [4.749422, 52.303856], [4.749588, 52.303696], [4.74984, 52.303794], [4.749674, 52.303953], [4.749816, 52.304008], [4.749958, 52.304063], [4.750128, 52.303901], [4.750394, 52.304004]]]}}, {"type": "Feature", "properties": {"kind": "building", "h": 27.4, "name": ""}, "geometry": {"type": "Polygon", "coordinates": [[[4.747698, 52.303463], [4.747347, 52.303471], [4.747349, 52.303598], [4.747192, 52.303585], [4.747157, 52.303669], [4.747091, 52.303742], [4.746997, 52.303804], [4.746938, 52.30383], [4.747022, 52.303911], [4.746606, 52.304152], [4.746889, 52.304279], [4.746985, 52.304209], [4.747076, 52.30426], [4.746992, 52.304322], [4.746905, 52.304411], [4.746853, 52.304486], [4.746822, 52.304542], [4.746929, 52.304598], [4.747013, 52.304642], [4.747035, 52.304575], [4.747081, 52.304496], [4.747169, 52.304401], [4.747236, 52.304352], [4.747313, 52.304308], [4.747462, 52.304248], [4.747593, 52.304215], [4.747533, 52.30427], [4.74753, 52.304341], [4.747607, 52.304408], [4.747695, 52.30443], [4.747769, 52.304428], [4.747695, 52.304198], [4.747853, 52.30419], [4.748039, 52.304204], [4.748202, 52.304237], [4.748343, 52.30429], [4.748457, 52.30435], [4.748542, 52.304415], [4.748596, 52.304473], [4.7485, 52.304567], [4.748687, 52.304638], [4.749307, 52.304031], [4.749122, 52.30396], [4.748785, 52.304288], [4.748703, 52.304257], [4.748759, 52.304202], [4.748483, 52.304096], [4.748428, 52.304151], [4.748345, 52.304119], [4.748683, 52.30379], [4.748495, 52.303718], [4.748127, 52.304079], [4.748043, 52.304066], [4.747956, 52.30406], [4.747964, 52.30404], [4.748045, 52.303987], [4.748063, 52.303898], [4.748014, 52.303833], [4.747921, 52.303791], [4.747805, 52.303785], [4.747746, 52.303796], [4.747774, 52.304057], [4.747598, 52.304075], [4.747459, 52.304093], [4.747399, 52.304], [4.747502, 52.303926], [4.74763, 52.303784], [4.747672, 52.303707], [4.747697, 52.303628], [4.747698, 52.303463]]]}}, {"type": "Feature", "properties": {"kind": "building", "h": 35.0, "name": "Toren A"}, "geometry": {"type": "Polygon", "coordinates": [[[4.759531, 52.308699], [4.759592, 52.308638], [4.759965, 52.308272], [4.759768, 52.308197], [4.759546, 52.308417], [4.759481, 52.308392], [4.759354, 52.308519], [4.759413, 52.308541], [4.759331, 52.308624], [4.759531, 52.308699]]]}}, {"type": "Feature", "properties": {"kind": "building", "h": 45.0, "name": "Toren D"}, "geometry": {"type": "Polygon", "coordinates": [[[4.758126, 52.308364], [4.758182, 52.308309], [4.758355, 52.308138], [4.758447, 52.308173], [4.758578, 52.308043], [4.758482, 52.308007], [4.758545, 52.307945], [4.758384, 52.307884], [4.758325, 52.307943], [4.758016, 52.308247], [4.757964, 52.308298], [4.757961, 52.308301], [4.758126, 52.308364]]]}}, {"type": "Feature", "properties": {"kind": "building", "h": 35.0, "name": "Toren C"}, "geometry": {"type": "Polygon", "coordinates": [[[4.758668, 52.308368], [4.758892, 52.308164], [4.759117, 52.307939], [4.758916, 52.307864], [4.758693, 52.308086], [4.758634, 52.308064], [4.758498, 52.308193], [4.758558, 52.308217], [4.758478, 52.308293], [4.758668, 52.308368]]]}}, {"type": "Feature", "properties": {"kind": "building", "h": 45.0, "name": "Toren B"}, "geometry": {"type": "Polygon", "coordinates": [[[4.758782, 52.308635], [4.758972, 52.308707], [4.759046, 52.308632], [4.759214, 52.308467], [4.759304, 52.3085], [4.759431, 52.308374], [4.759339, 52.308339], [4.759399, 52.30828], [4.759211, 52.30821], [4.759154, 52.308262], [4.758855, 52.308561], [4.758782, 52.308635]]]}}, {"type": "Feature", "properties": {"kind": "building", "h": 9.0, "name": ""}, "geometry": {"type": "Polygon", "coordinates": [[[4.761019, 52.309181], [4.761058, 52.309137], [4.760963, 52.309105], [4.760726, 52.309344], [4.760827, 52.309379], [4.760871, 52.309329], [4.761019, 52.309181]]]}}, {"type": "Feature", "properties": {"kind": "building", "h": 9.0, "name": ""}, "geometry": {"type": "Polygon", "coordinates": [[[4.760726, 52.309344], [4.760963, 52.309105], [4.760874, 52.309074], [4.760827, 52.309121], [4.760803, 52.309112], [4.760687, 52.309238], [4.760621, 52.309307], [4.760726, 52.309344]]]}}, {"type": "Feature", "properties": {"kind": "building", "h": 9.0, "name": ""}, "geometry": {"type": "Polygon", "coordinates": [[[4.760803, 52.309112], [4.76068, 52.309066], [4.760468, 52.309001], [4.760354, 52.309117], [4.760687, 52.309238], [4.760803, 52.309112]]]}}, {"type": "Feature", "properties": {"kind": "building", "h": 9.0, "name": "T206"}, "geometry": {"type": "Polygon", "coordinates": [[[4.773588, 52.297618], [4.773556, 52.297623], [4.773525, 52.297632], [4.773497, 52.297643], [4.773472, 52.297656], [4.773451, 52.297672], [4.773433, 52.297689], [4.77342, 52.297708], [4.773412, 52.297728], [4.773408, 52.297748], [4.77341, 52.297768], [4.773417, 52.297789], [4.773428, 52.297808], [4.773444, 52.297826], [4.773464, 52.297842], [4.773488, 52.297856], [4.773515, 52.297868], [4.773545, 52.297877], [4.773576, 52.297884], [4.773609, 52.297888], [4.773643, 52.297888], [4.773676, 52.297886], [4.773708, 52.29788], [4.773739, 52.297872], [4.773767, 52.297861], [4.773792, 52.297847], [4.773813, 52.297832], [4.773831, 52.297814], [4.773844, 52.297795], [4.773852, 52.297776], [4.773855, 52.297755], [4.773854, 52.297735], [4.773847, 52.297715], [4.773836, 52.297696], [4.77382, 52.297677], [4.7738, 52.297661], [4.773776, 52.297647], [4.773749, 52.297635], [4.773719, 52.297626], [4.773687, 52.297619], [4.773654, 52.297616], [4.773621, 52.297615], [4.773588, 52.297618]]]}}, {"type": "Feature", "properties": {"kind": "building", "h": 9.0, "name": "T109"}, "geometry": {"type": "Polygon", "coordinates": [[[4.772744, 52.299597], [4.772742, 52.299577], [4.772732, 52.299557], [4.772717, 52.299538], [4.772696, 52.299521], [4.77267, 52.299507], [4.772641, 52.299497], [4.772608, 52.29949], [4.772575, 52.299487], [4.77254, 52.299487], [4.772507, 52.299492], [4.772476, 52.299501], [4.772448, 52.299513], [4.772424, 52.299528], [4.772405, 52.299545], [4.772392, 52.299565], [4.772385, 52.299585], [4.772385, 52.299606], [4.772391, 52.299627], [4.772404, 52.299646], [4.772422, 52.299664], [4.772445, 52.299679], [4.772473, 52.299691], [4.772504, 52.2997], [4.772537, 52.299705], [4.772571, 52.299707], [4.772605, 52.299704], [4.772638, 52.299697], [4.772667, 52.299687], [4.772694, 52.299673], [4.772715, 52.299657], [4.772731, 52.299638], [4.772741, 52.299618], [4.772744, 52.299597]]]}}, {"type": "Feature", "properties": {"kind": "building", "h": 9.0, "name": "T205"}, "geometry": {"type": "Polygon", "coordinates": [[[4.773355, 52.298023], [4.773352, 52.297998], [4.773341, 52.297973], [4.773322, 52.29795], [4.773298, 52.29793], [4.773267, 52.297913], [4.773232, 52.297899], [4.773194, 52.29789], [4.773153, 52.297885], [4.773111, 52.297885], [4.773071, 52.297889], [4.773032, 52.297898], [4.772996, 52.297911], [4.772965, 52.297928], [4.77294, 52.297949], [4.772921, 52.297971], [4.77291, 52.297995], [4.772906, 52.298021], [4.772909, 52.298046], [4.77292, 52.298071], [4.772938, 52.298093], [4.772963, 52.298114], [4.772993, 52.298131], [4.773028, 52.298144], [4.773067, 52.298154], [4.773108, 52.298159], [4.773149, 52.298159], [4.77319, 52.298155], [4.773229, 52.298146], [4.773264, 52.298132], [4.773295, 52.298115], [4.77332, 52.298095], [4.773339, 52.298073], [4.773351, 52.298048], [4.773355, 52.298023]]]}}, {"type": "Feature", "properties": {"kind": "building", "h": 9.0, "name": "T203"}, "geometry": {"type": "Polygon", "coordinates": [[[4.771637, 52.298149], [4.771604, 52.29815], [4.771571, 52.298154], [4.771539, 52.298162], [4.771509, 52.298172], [4.771483, 52.298184], [4.771459, 52.298199], [4.77144, 52.298216], [4.771425, 52.298235], [4.771414, 52.298254], [4.771409, 52.298275], [4.771408, 52.298295], [4.771413, 52.298316], [4.771422, 52.298336], [4.771436, 52.298354], [4.771455, 52.298372], [4.771478, 52.298387], [4.771504, 52.2984], [4.771533, 52.298411], [4.771564, 52.298418], [4.771597, 52.298423], [4.77163, 52.298425], [4.771664, 52.298424], [4.771697, 52.29842], [4.771729, 52.298412], [4.771758, 52.298402], [4.771785, 52.29839], [4.771808, 52.298375], [4.771828, 52.298358], [4.771843, 52.298339], [4.771853, 52.29832], [4.771859, 52.298299], [4.771859, 52.298279], [4.771855, 52.298258], [4.771845, 52.298238], [4.771831, 52.29822], [4.771813, 52.298203], [4.77179, 52.298187], [4.771764, 52.298174], [4.771735, 52.298164], [4.771704, 52.298156], [4.771671, 52.298151], [4.771637, 52.298149]]]}}, {"type": "Feature", "properties": {"kind": "building", "h": 9.0, "name": "T204"}, "geometry": {"type": "Polygon", "coordinates": [[[4.772849, 52.298298], [4.772845, 52.298272], [4.772833, 52.298246], [4.772814, 52.298223], [4.772788, 52.298202], [4.772755, 52.298185], [4.772718, 52.298171], [4.772678, 52.298163], [4.772635, 52.298159], [4.772592, 52.29816], [4.772551, 52.298166], [4.772511, 52.298176], [4.772476, 52.298192], [4.772446, 52.29821], [4.772423, 52.298232], [4.772406, 52.298257], [4.772398, 52.298282], [4.772398, 52.298309], [4.772405, 52.298335], [4.772421, 52.298359], [4.772444, 52.298381], [4.772473, 52.2984], [4.772508, 52.298416], [4.772547, 52.298427], [4.772589, 52.298433], [4.772632, 52.298435], [4.772674, 52.298431], [4.772715, 52.298423], [4.772752, 52.29841], [4.772785, 52.298393], [4.772812, 52.298372], [4.772832, 52.298349], [4.772844, 52.298324], [4.772849, 52.298298]]]}}, {"type": "Feature", "properties": {"kind": "building", "h": 9.0, "name": "T202"}, "geometry": {"type": "Polygon", "coordinates": [[[4.771125, 52.298424], [4.771089, 52.298426], [4.771055, 52.29843], [4.771022, 52.298438], [4.770991, 52.298449], [4.770964, 52.298463], [4.77094, 52.298479], [4.770921, 52.298498], [4.770907, 52.298518], [4.770898, 52.298539], [4.770895, 52.29856], [4.770897, 52.298582], [4.770905, 52.298603], [4.770918, 52.298623], [4.770936, 52.298642], [4.770959, 52.298659], [4.770985, 52.298673], [4.771015, 52.298685], [4.771048, 52.298693], [4.771082, 52.298699], [4.771118, 52.298701], [4.771153, 52.298699], [4.771188, 52.298695], [4.771221, 52.298687], [4.771251, 52.298676], [4.771278, 52.298662], [4.771302, 52.298645], [4.771321, 52.298627], [4.771335, 52.298607], [4.771344, 52.298586], [4.771347, 52.298565], [4.771345, 52.298543], [4.771337, 52.298522], [4.771324, 52.298502], [4.771306, 52.298483], [4.771283, 52.298466], [4.771257, 52.298452], [4.771227, 52.29844], [4.771194, 52.298432], [4.77116, 52.298426], [4.771125, 52.298424]]]}}, {"type": "Feature", "properties": {"kind": "building", "h": 9.0, "name": "T201"}, "geometry": {"type": "Polygon", "coordinates": [[[4.770616, 52.298687], [4.770581, 52.298689], [4.770548, 52.298695], [4.770516, 52.298704], [4.770486, 52.298716], [4.77046, 52.29873], [4.770438, 52.298747], [4.77042, 52.298765], [4.770407, 52.298785], [4.770399, 52.298806], [4.770397, 52.298827], [4.770399, 52.298849], [4.770408, 52.29887], [4.770421, 52.298889], [4.770439, 52.298908], [4.770461, 52.298924], [4.770487, 52.298938], [4.770517, 52.29895], [4.770549, 52.298959], [4.770583, 52.298964], [4.770618, 52.298967], [4.770653, 52.298966], [4.770687, 52.298962], [4.77072, 52.298955], [4.770751, 52.298944], [4.770778, 52.298931], [4.770803, 52.298916], [4.770823, 52.298898], [4.770838, 52.298879], [4.770849, 52.298858], [4.770854, 52.298837], [4.770854, 52.298816], [4.770848, 52.298794], [4.770838, 52.298774], [4.770822, 52.298755], [4.770802, 52.298737], [4.770778, 52.298722], [4.770749, 52.298709], [4.770719, 52.298699], [4.770686, 52.298692], [4.770651, 52.298688], [4.770616, 52.298687]]]}}, {"type": "Feature", "properties": {"kind": "building", "h": 9.0, "name": "T107"}, "geometry": {"type": "Polygon", "coordinates": [[[4.77333, 52.299084], [4.773327, 52.299063], [4.773317, 52.299042], [4.7733, 52.299023], [4.773278, 52.299006], [4.773251, 52.298992], [4.77322, 52.298982], [4.773186, 52.298975], [4.773151, 52.298973], [4.773116, 52.298975], [4.773082, 52.298981], [4.773051, 52.298991], [4.773023, 52.299005], [4.773001, 52.299021], [4.772984, 52.29904], [4.772973, 52.299061], [4.77297, 52.299082], [4.772973, 52.299104], [4.772983, 52.299124], [4.772999, 52.299144], [4.773021, 52.29916], [4.773049, 52.299174], [4.77308, 52.299185], [4.773113, 52.299191], [4.773148, 52.299193], [4.773184, 52.299191], [4.773217, 52.299185], [4.773249, 52.299175], [4.773276, 52.299162], [4.773299, 52.299145], [4.773316, 52.299126], [4.773326, 52.299106], [4.77333, 52.299084]]]}}, {"type": "Feature", "properties": {"kind": "building", "h": 9.0, "name": "T106"}, "geometry": {"type": "Polygon", "coordinates": [[[4.772794, 52.299234], [4.772791, 52.299212], [4.772781, 52.299191], [4.772764, 52.299172], [4.772741, 52.299154], [4.772714, 52.29914], [4.772682, 52.29913], [4.772647, 52.299123], [4.772612, 52.299121], [4.772576, 52.299123], [4.772541, 52.299129], [4.772509, 52.299139], [4.772481, 52.299153], [4.772458, 52.29917], [4.77244, 52.299189], [4.77243, 52.299211], [4.772426, 52.299233], [4.772429, 52.299255], [4.772439, 52.299276], [4.772456, 52.299295], [4.772478, 52.299312], [4.772506, 52.299327], [4.772538, 52.299337], [4.772572, 52.299344], [4.772608, 52.299346], [4.772644, 52.299344], [4.772679, 52.299338], [4.772711, 52.299328], [4.772739, 52.299314], [4.772762, 52.299297], [4.77278, 52.299278], [4.77279, 52.299256], [4.772794, 52.299234]]]}}, {"type": "Feature", "properties": {"kind": "building", "h": 9.0, "name": "T108"}, "geometry": {"type": "Polygon", "coordinates": [[[4.773304, 52.299445], [4.773301, 52.299425], [4.773292, 52.299405], [4.773277, 52.299387], [4.773258, 52.299371], [4.773233, 52.299357], [4.773205, 52.299346], [4.773174, 52.299338], [4.773142, 52.299335], [4.773109, 52.299334], [4.773076, 52.299338], [4.773045, 52.299345], [4.773016, 52.299355], [4.772992, 52.299369], [4.772971, 52.299385], [4.772956, 52.299403], [4.772947, 52.299423], [4.772944, 52.299443], [4.772946, 52.299463], [4.772955, 52.299483], [4.77297, 52.299501], [4.772989, 52.299518], [4.773014, 52.299531], [4.773042, 52.299542], [4.773073, 52.29955], [4.773105, 52.299554], [4.773138, 52.299554], [4.773171, 52.29955], [4.773202, 52.299543], [4.773231, 52.299532], [4.773256, 52.299519], [4.773276, 52.299503], [4.773291, 52.299485], [4.7733, 52.299465], [4.773304, 52.299445]]]}}, {"type": "Feature", "properties": {"kind": "building", "h": 9.0, "name": "T101"}, "geometry": {"type": "Polygon", "coordinates": [[[4.774546, 52.298363], [4.774543, 52.298341], [4.774533, 52.29832], [4.774516, 52.298301], [4.774494, 52.298285], [4.774467, 52.298271], [4.774436, 52.29826], [4.774402, 52.298254], [4.774367, 52.298251], [4.774332, 52.298253], [4.774298, 52.29826], [4.774267, 52.29827], [4.77424, 52.298283], [4.774217, 52.2983], [4.7742, 52.298319], [4.774189, 52.298339], [4.774186, 52.298361], [4.774189, 52.298382], [4.774199, 52.298403], [4.774215, 52.298422], [4.774237, 52.298439], [4.774264, 52.298453], [4.774295, 52.298463], [4.774329, 52.298469], [4.774364, 52.298472], [4.774399, 52.29847], [4.774433, 52.298464], [4.774464, 52.298454], [4.774492, 52.29844], [4.774515, 52.298424], [4.774531, 52.298405], [4.774542, 52.298384], [4.774546, 52.298363]]]}}, {"type": "Feature", "properties": {"kind": "building", "h": 9.0, "name": "T102"}, "geometry": {"type": "Polygon", "coordinates": [[[4.774577, 52.298724], [4.774574, 52.298704], [4.774564, 52.298683], [4.774549, 52.298665], [4.774528, 52.298648], [4.774502, 52.298634], [4.774473, 52.298624], [4.774441, 52.298617], [4.774407, 52.298613], [4.774373, 52.298614], [4.774339, 52.298619], [4.774308, 52.298628], [4.77428, 52.29864], [4.774256, 52.298654], [4.774237, 52.298672], [4.774224, 52.298691], [4.774217, 52.298712], [4.774217, 52.298733], [4.774223, 52.298753], [4.774236, 52.298773], [4.774254, 52.298791], [4.774277, 52.298806], [4.774305, 52.298818], [4.774336, 52.298827], [4.774369, 52.298832], [4.774404, 52.298833], [4.774437, 52.298831], [4.77447, 52.298824], [4.7745, 52.298814], [4.774526, 52.2988], [4.774547, 52.298784], [4.774563, 52.298765], [4.774573, 52.298745], [4.774577, 52.298724]]]}}, {"type": "Feature", "properties": {"kind": "building", "h": 9.0, "name": "T105"}, "geometry": {"type": "Polygon", "coordinates": [[[4.774009, 52.298888], [4.774006, 52.298867], [4.773996, 52.298846], [4.77398, 52.298827], [4.773957, 52.29881], [4.77393, 52.298796], [4.773899, 52.298786], [4.773866, 52.298779], [4.77383, 52.298777], [4.773795, 52.298779], [4.773761, 52.298785], [4.77373, 52.298795], [4.773703, 52.298809], [4.77368, 52.298825], [4.773663, 52.298844], [4.773653, 52.298865], [4.773649, 52.298886], [4.773652, 52.298908], [4.773662, 52.298929], [4.773678, 52.298948], [4.773701, 52.298964], [4.773728, 52.298978], [4.773759, 52.298989], [4.773792, 52.298995], [4.773827, 52.298997], [4.773863, 52.298995], [4.773897, 52.298989], [4.773928, 52.298979], [4.773955, 52.298966], [4.773978, 52.298949], [4.773995, 52.29893], [4.774005, 52.29891], [4.774009, 52.298888]]]}}, {"type": "Feature", "properties": {"kind": "building", "h": 9.0, "name": "T103"}, "geometry": {"type": "Polygon", "coordinates": [[[4.77462, 52.299086], [4.774617, 52.299064], [4.774607, 52.299044], [4.77459, 52.299024], [4.774568, 52.299008], [4.774541, 52.298994], [4.77451, 52.298983], [4.774476, 52.298977], [4.774441, 52.298975], [4.774406, 52.298977], [4.774372, 52.298983], [4.774341, 52.298993], [4.774313, 52.299006], [4.774291, 52.299023], [4.774274, 52.299042], [4.774263, 52.299063], [4.77426, 52.299084], [4.774263, 52.299106], [4.774273, 52.299126], [4.774289, 52.299145], [4.774311, 52.299162], [4.774339, 52.299176], [4.77437, 52.299186], [4.774403, 52.299193], [4.774438, 52.299195], [4.774474, 52.299193], [4.774508, 52.299187], [4.774539, 52.299177], [4.774566, 52.299163], [4.774589, 52.299147], [4.774606, 52.299128], [4.774616, 52.299107], [4.77462, 52.299086]]]}}, {"type": "Feature", "properties": {"kind": "building", "h": 9.0, "name": "T104"}, "geometry": {"type": "Polygon", "coordinates": [[[4.774011, 52.29925], [4.774008, 52.299229], [4.773999, 52.299209], [4.773984, 52.29919], [4.773963, 52.299173], [4.773937, 52.299159], [4.773908, 52.299149], [4.773875, 52.299142], [4.773841, 52.299139], [4.773807, 52.299139], [4.773774, 52.299144], [4.773743, 52.299153], [4.773715, 52.299165], [4.773691, 52.29918], [4.773672, 52.299197], [4.773659, 52.299217], [4.773652, 52.299237], [4.773652, 52.299258], [4.773658, 52.299279], [4.77367, 52.299298], [4.773689, 52.299316], [4.773712, 52.299331], [4.77374, 52.299343], [4.773771, 52.299352], [4.773804, 52.299357], [4.773838, 52.299359], [4.773872, 52.299356], [4.773905, 52.299349], [4.773934, 52.299339], [4.773961, 52.299325], [4.773982, 52.299309], [4.773998, 52.29929], [4.774008, 52.29927], [4.774011, 52.29925]]]}}, {"type": "Feature", "properties": {"kind": "terminal", "h": 18.0, "name": ""}, "geometry": {"type": "Polygon", "coordinates": [[[4.763874, 52.307756], [4.763882, 52.307834], [4.763956, 52.30783], [4.763961, 52.307903], [4.763888, 52.307908], [4.763897, 52.307998], [4.763793, 52.308002], [4.76379, 52.308021], [4.763594, 52.308027], [4.763592, 52.308008], [4.763407, 52.308015], [4.763178, 52.307927], [4.76331, 52.307798], [4.763387, 52.307827], [4.763383, 52.307773], [4.763553, 52.307767], [4.763481, 52.30699], [4.763378, 52.306951], [4.763386, 52.306944], [4.763418, 52.306912], [4.763425, 52.306905], [4.763566, 52.306959], [4.76358, 52.307104], [4.763591, 52.307227], [4.763642, 52.307764], [4.763874, 52.307756]]]}}, {"type": "Feature", "properties": {"kind": "building", "h": 35.0, "name": "Toren G"}, "geometry": {"type": "Polygon", "coordinates": [[[4.756978, 52.307719], [4.757186, 52.307513], [4.757244, 52.307455], [4.757525, 52.307176], [4.757336, 52.307105], [4.757069, 52.307371], [4.756998, 52.307442], [4.756926, 52.307415], [4.756795, 52.307544], [4.756854, 52.307567], [4.756778, 52.307643], [4.756978, 52.307719]]]}}, {"type": "Feature", "properties": {"kind": "building", "h": 45.0, "name": "Toren H"}, "geometry": {"type": "Polygon", "coordinates": [[[4.756435, 52.307728], [4.756488, 52.307675], [4.756665, 52.307496], [4.756735, 52.307522], [4.756863, 52.307392], [4.756777, 52.307359], [4.756842, 52.307294], [4.756652, 52.307223], [4.756383, 52.307494], [4.756295, 52.307582], [4.756227, 52.307651], [4.756435, 52.307728]]]}}, {"type": "Feature", "properties": {"kind": "building", "h": 45.0, "name": "Toren F"}, "geometry": {"type": "Polygon", "coordinates": [[[4.757271, 52.308053], [4.757333, 52.307991], [4.757508, 52.307816], [4.757592, 52.307848], [4.757718, 52.307722], [4.757635, 52.307691], [4.757704, 52.307623], [4.757514, 52.307552], [4.757456, 52.307609], [4.757144, 52.307921], [4.757082, 52.307983], [4.757271, 52.308053]]]}}, {"type": "Feature", "properties": {"kind": "building", "h": 35.0, "name": "Toren E"}, "geometry": {"type": "Polygon", "coordinates": [[[4.757828, 52.30804], [4.758041, 52.307837], [4.758373, 52.307505], [4.758184, 52.307434], [4.757847, 52.30777], [4.757775, 52.307744], [4.757647, 52.307871], [4.757707, 52.307893], [4.757633, 52.307966], [4.757828, 52.30804]]]}}, {"type": "Feature", "properties": {"kind": "building", "h": 15.0, "name": ""}, "geometry": {"type": "Polygon", "coordinates": [[[4.757144, 52.307921], [4.757456, 52.307609], [4.757325, 52.307563], [4.757186, 52.307513], [4.756978, 52.307719], [4.756778, 52.307643], [4.756854, 52.307567], [4.756795, 52.307544], [4.756926, 52.307415], [4.756863, 52.307392], [4.756735, 52.307522], [4.756665, 52.307496], [4.756488, 52.307675], [4.756999, 52.307866], [4.757144, 52.307921]]]}}, {"type": "Feature", "properties": {"kind": "building", "h": 15.0, "name": ""}, "geometry": {"type": "Polygon", "coordinates": [[[4.759354, 52.308519], [4.759481, 52.308392], [4.759431, 52.308374], [4.759304, 52.3085], [4.759214, 52.308467], [4.759046, 52.308632], [4.759372, 52.308756], [4.759562, 52.308828], [4.759668, 52.308868], [4.75977, 52.308769], [4.759818, 52.308722], [4.759592, 52.308638], [4.759531, 52.308699], [4.759331, 52.308624], [4.759413, 52.308541], [4.759354, 52.308519]]]}}, {"type": "Feature", "properties": {"kind": "building", "h": 15.0, "name": ""}, "geometry": {"type": "Polygon", "coordinates": [[[4.759154, 52.308262], [4.759035, 52.308217], [4.758892, 52.308164], [4.758668, 52.308368], [4.758478, 52.308293], [4.758558, 52.308217], [4.758498, 52.308193], [4.758634, 52.308064], [4.758578, 52.308043], [4.758447, 52.308173], [4.758355, 52.308138], [4.758182, 52.308309], [4.758736, 52.308516], [4.758855, 52.308561], [4.759154, 52.308262]]]}}, {"type": "Feature", "properties": {"kind": "building", "h": 15.0, "name": ""}, "geometry": {"type": "Polygon", "coordinates": [[[4.757333, 52.307991], [4.757844, 52.308183], [4.757934, 52.308216], [4.758016, 52.308247], [4.758325, 52.307943], [4.758041, 52.307837], [4.757828, 52.30804], [4.757633, 52.307966], [4.757707, 52.307893], [4.757647, 52.307871], [4.757775, 52.307744], [4.757718, 52.307722], [4.757592, 52.307848], [4.757508, 52.307816], [4.757333, 52.307991]]]}}, {"type": "Feature", "properties": {"kind": "building", "h": 9.0, "name": "DECO"}, "geometry": {"type": "Polygon", "coordinates": [[[4.744147, 52.31159], [4.744045, 52.311592], [4.744042, 52.311528], [4.744144, 52.311526], [4.744147, 52.31159]]]}}, {"type": "Feature", "properties": {"kind": "building", "h": 9.0, "name": ""}, "geometry": {"type": "Polygon", "coordinates": [[[4.757458, 52.309961], [4.757303, 52.310109], [4.757144, 52.31026], [4.756769, 52.31012], [4.756794, 52.310096], [4.756833, 52.310059], [4.756933, 52.309964], [4.75701, 52.30989], [4.757051, 52.30985], [4.757083, 52.30982], [4.757458, 52.309961]]]}}, {"type": "Feature", "properties": {"kind": "building", "h": 9.0, "name": ""}, "geometry": {"type": "Polygon", "coordinates": [[[4.772145, 52.3193], [4.772244, 52.319199], [4.771814, 52.319043], [4.771715, 52.319145], [4.772145, 52.3193]]]}}, {"type": "Feature", "properties": {"kind": "building", "h": 9.0, "name": ""}, "geometry": {"type": "Polygon", "coordinates": [[[4.772891, 52.319558], [4.772784, 52.319458], [4.773279, 52.319262], [4.773385, 52.319362], [4.772891, 52.319558]]]}}, {"type": "Feature", "properties": {"kind": "building", "h": 9.0, "name": ""}, "geometry": {"type": "Polygon", "coordinates": [[[4.773478, 52.319969], [4.773391, 52.319885], [4.773769, 52.319739], [4.773856, 52.319824], [4.773478, 52.319969]]]}}, {"type": "Feature", "properties": {"kind": "building", "h": 9.0, "name": ""}, "geometry": {"type": "Polygon", "coordinates": [[[4.773887, 52.320348], [4.773794, 52.320259], [4.77416, 52.320116], [4.774254, 52.320206], [4.773887, 52.320348]]]}}, {"type": "Feature", "properties": {"kind": "building", "h": 9.0, "name": "P6 Schiphol Valet Parking"}, "geometry": {"type": "Polygon", "coordinates": [[[4.760301, 52.30825], [4.760931, 52.308479], [4.760952, 52.308487], [4.761008, 52.308431], [4.761586, 52.307865], [4.760932, 52.307618], [4.760641, 52.30791], [4.760322, 52.308228], [4.760301, 52.30825]]]}}, {"type": "Feature", "properties": {"kind": "building", "h": 3.9, "name": ""}, "geometry": {"type": "Polygon", "coordinates": [[[4.75051, 52.300903], [4.750584, 52.300942], [4.750699, 52.30086], [4.750716, 52.300848], [4.750642, 52.300809], [4.75063, 52.300818], [4.75051, 52.300903]]]}}, {"type": "Feature", "properties": {"kind": "building", "h": 9.0, "name": ""}, "geometry": {"type": "Polygon", "coordinates": [[[4.77673, 52.322225], [4.776669, 52.322256], [4.776603, 52.32229], [4.776608, 52.322294], [4.776618, 52.322301], [4.776627, 52.322308], [4.776632, 52.322312], [4.776641, 52.322318], [4.77665, 52.322325], [4.776655, 52.322328], [4.776665, 52.322335], [4.776674, 52.322342], [4.776679, 52.322346], [4.776688, 52.322352], [4.776698, 52.322359], [4.776702, 52.322362], [4.776726, 52.322379], [4.776853, 52.322313], [4.776825, 52.322293], [4.776815, 52.322286], [4.776806, 52.32228], [4.776802, 52.322277], [4.776792, 52.322269], [4.776782, 52.322262], [4.776777, 52.322259], [4.776768, 52.322252], [4.776759, 52.322246], [4.776755, 52.322242], [4.776745, 52.322235], [4.776735, 52.322229], [4.77673, 52.322225]]]}}, {"type": "Feature", "properties": {"kind": "building", "h": 4.4, "name": ""}, "geometry": {"type": "Polygon", "coordinates": [[[4.749676, 52.298602], [4.749711, 52.298675], [4.749818, 52.298656], [4.749783, 52.298583], [4.749676, 52.298602]]]}}, {"type": "Feature", "properties": {"kind": "building", "h": 9.0, "name": ""}, "geometry": {"type": "Polygon", "coordinates": [[[4.745831, 52.301227], [4.745857, 52.301241], [4.745879, 52.301226], [4.745853, 52.301212], [4.745831, 52.301227]]]}}, {"type": "Feature", "properties": {"kind": "building", "h": 4.3, "name": ""}, "geometry": {"type": "Polygon", "coordinates": [[[4.742102, 52.301578], [4.742165, 52.301669], [4.742422, 52.301601], [4.742309, 52.301437], [4.742051, 52.301504], [4.742102, 52.301578]]]}}, {"type": "Feature", "properties": {"kind": "terminal", "h": 9.0, "name": "B-pier"}, "geometry": {"type": "Polygon", "coordinates": [[[4.761429, 52.305282], [4.761519, 52.305317], [4.761587, 52.305251], [4.761707, 52.305116], [4.76283, 52.304038], [4.763746, 52.303146], [4.763789, 52.303103], [4.76343, 52.302968], [4.763391, 52.303006], [4.762467, 52.303903], [4.761744, 52.304613], [4.761648, 52.304713], [4.761164, 52.30518], [4.76126, 52.305217], [4.761429, 52.305282]]]}}, {"type": "Feature", "properties": {"kind": "terminal", "h": 9.0, "name": "C-pier"}, "geometry": {"type": "Polygon", "coordinates": [[[4.764696, 52.30719], [4.764692, 52.307139], [4.764969, 52.306869], [4.765002, 52.306837], [4.765087, 52.306756], [4.765787, 52.306068], [4.766208, 52.305657], [4.766225, 52.30564], [4.766438, 52.305546], [4.766622, 52.305467], [4.767002, 52.305301], [4.767132, 52.305282], [4.7674, 52.305246], [4.767351, 52.30509], [4.767049, 52.305127], [4.766856, 52.305152], [4.766703, 52.305019], [4.766438, 52.304992], [4.76639, 52.304865], [4.766326, 52.304699], [4.766064, 52.304735], [4.766132, 52.304914], [4.766154, 52.304972], [4.765993, 52.305555], [4.765981, 52.305566], [4.765733, 52.30581], [4.765145, 52.306385], [4.765021, 52.306515], [4.764755, 52.306767], [4.764719, 52.306802], [4.764545, 52.306973], [4.764497, 52.30702], [4.764506, 52.307125], [4.764513, 52.307197], [4.764696, 52.30719]]]}}, {"type": "Feature", "properties": {"kind": "building", "h": 22.3, "name": "citizenM Schiphol Airport Hotel"}, "geometry": {"type": "Polygon", "coordinates": [[[4.755921, 52.309349], [4.755933, 52.309337], [4.755912, 52.309329], [4.755892, 52.309321], [4.755879, 52.309333], [4.755495, 52.309184], [4.755375, 52.3093], [4.756186, 52.309613], [4.756305, 52.309497], [4.755921, 52.309349]]]}}, {"type": "Feature", "properties": {"kind": "terminal", "h": 13.0, "name": "D-pier"}, "geometry": {"type": "Polygon", "coordinates": [[[4.765775, 52.308742], [4.765767, 52.3088], [4.765758, 52.308872], [4.766024, 52.308863], [4.766038, 52.308893], [4.766046, 52.308908], [4.766065, 52.308933], [4.76616, 52.308916], [4.766153, 52.308859], [4.766737, 52.308839], [4.766752, 52.308867], [4.76676, 52.308878], [4.766787, 52.308908], [4.766877, 52.308892], [4.766872, 52.308834], [4.767467, 52.308813], [4.767481, 52.30884], [4.767488, 52.308851], [4.767514, 52.308883], [4.767603, 52.308869], [4.767599, 52.308808], [4.768311, 52.308784], [4.768328, 52.308811], [4.768336, 52.308822], [4.768362, 52.308851], [4.768444, 52.308837], [4.768439, 52.308779], [4.768814, 52.308765], [4.769012, 52.308918], [4.768977, 52.30895], [4.768967, 52.30896], [4.768957, 52.308971], [4.769025, 52.309007], [4.769088, 52.308978], [4.769463, 52.30927], [4.769427, 52.3093], [4.769416, 52.309311], [4.769405, 52.309322], [4.769476, 52.309359], [4.769539, 52.309328], [4.769955, 52.309652], [4.76992, 52.30968], [4.769904, 52.309694], [4.769893, 52.309703], [4.769986, 52.309751], [4.770048, 52.309724], [4.770122, 52.309689], [4.770177, 52.309662], [4.770214, 52.30969], [4.77061, 52.309677], [4.771112, 52.309659], [4.771811, 52.309635], [4.772352, 52.309616], [4.773062, 52.309591], [4.773862, 52.309564], [4.773994, 52.309559], [4.773968, 52.309273], [4.773812, 52.309278], [4.770586, 52.30939], [4.770257, 52.309402], [4.770224, 52.309403], [4.770091, 52.3093], [4.769935, 52.309178], [4.77, 52.309144], [4.770098, 52.309093], [4.770107, 52.309197], [4.770572, 52.309181], [4.770682, 52.309177], [4.77065, 52.308791], [4.77058, 52.308101], [4.770552, 52.307798], [4.770282, 52.307808], [4.76998, 52.307819], [4.769991, 52.307932], [4.769873, 52.307888], [4.76985, 52.307878], [4.769802, 52.30786], [4.769867, 52.307797], [4.769991, 52.307674], [4.770039, 52.307672], [4.770539, 52.307655], [4.773559, 52.30755], [4.773716, 52.307544], [4.773696, 52.307328], [4.773537, 52.307334], [4.770009, 52.307457], [4.7699, 52.30746], [4.76985, 52.307442], [4.769728, 52.307396], [4.769583, 52.307539], [4.769536, 52.307531], [4.769508, 52.307527], [4.769488, 52.307525], [4.769457, 52.307579], [4.769519, 52.307602], [4.769266, 52.307854], [4.769207, 52.307844], [4.769187, 52.307842], [4.769167, 52.30784], [4.769134, 52.307894], [4.769199, 52.30792], [4.768946, 52.30817], [4.768887, 52.30816], [4.768868, 52.308158], [4.768848, 52.308155], [4.768815, 52.308211], [4.76888, 52.308236], [4.768777, 52.308339], [4.768156, 52.30836], [4.768144, 52.308327], [4.768137, 52.308311], [4.768132, 52.308301], [4.768029, 52.308316], [4.768033, 52.308365], [4.76743, 52.308385], [4.767413, 52.30835], [4.767405, 52.308336], [4.767403, 52.308331], [4.7673, 52.308348], [4.767304, 52.30839], [4.766701, 52.308411], [4.766687, 52.30838], [4.766679, 52.308365], [4.766673, 52.308355], [4.766581, 52.30837], [4.766586, 52.308415], [4.76603, 52.308434], [4.766014, 52.308407], [4.766007, 52.308397], [4.765996, 52.308382], [4.765904, 52.308398], [4.765908, 52.308439], [4.765787, 52.308442], [4.765727, 52.308446], [4.765756, 52.308617], [4.765771, 52.308717], [4.765775, 52.308742]]]}}, {"type": "Feature", "properties": {"kind": "terminal", "h": 18.0, "name": "E-pier"}, "geometry": {"type": "Polygon", "coordinates": [[[4.765121, 52.310309], [4.765071, 52.310258], [4.765052, 52.310238], [4.764847, 52.310321], [4.764821, 52.310296], [4.764789, 52.31031], [4.764832, 52.310351], [4.764867, 52.310384], [4.765355, 52.31085], [4.766192, 52.311629], [4.766518, 52.311932], [4.766432, 52.312054], [4.766775, 52.312375], [4.767113, 52.31269], [4.76778, 52.313315], [4.767925, 52.313315], [4.768006, 52.313391], [4.768778, 52.314111], [4.768878, 52.314207], [4.76933, 52.314025], [4.768456, 52.313207], [4.768395, 52.31315], [4.768179, 52.312948], [4.768236, 52.312866], [4.767386, 52.312069], [4.766954, 52.311668], [4.766738, 52.311666], [4.766543, 52.311484], [4.766254, 52.311214], [4.766168, 52.311138], [4.765857, 52.310847], [4.765235, 52.310263], [4.765121, 52.310309]]]}}, {"type": "Feature", "properties": {"kind": "building", "h": 34.4, "name": "Excellence parking"}, "geometry": {"type": "Polygon", "coordinates": [[[4.759157, 52.310306], [4.759426, 52.310315], [4.759427, 52.310299], [4.759497, 52.310301], [4.759501, 52.310249], [4.759504, 52.310225], [4.759165, 52.310213], [4.759166, 52.310205], [4.759175, 52.31011], [4.75918, 52.310042], [4.759183, 52.310012], [4.759187, 52.309967], [4.759194, 52.309892], [4.758282, 52.309861], [4.758272, 52.309968], [4.75826, 52.310097], [4.758236, 52.310361], [4.758216, 52.31058], [4.759129, 52.310612], [4.759137, 52.310528], [4.759149, 52.310392], [4.759157, 52.310306]]]}}, {"type": "Feature", "properties": {"kind": "terminal", "h": 10.5, "name": "F-pier"}, "geometry": {"type": "Polygon", "coordinates": [[[4.762211, 52.311296], [4.762225, 52.311101], [4.762176, 52.3111], [4.761866, 52.31109], [4.761859, 52.311157], [4.761831, 52.31142], [4.761828, 52.311449], [4.761766, 52.311446], [4.761757, 52.311549], [4.761749, 52.311635], [4.761693, 52.312244], [4.761699, 52.312262], [4.761694, 52.312317], [4.761689, 52.312385], [4.761362, 52.312873], [4.761333, 52.312922], [4.761322, 52.312938], [4.761252, 52.312976], [4.760951, 52.313141], [4.761237, 52.313337], [4.761565, 52.313157], [4.761642, 52.313114], [4.761827, 52.313159], [4.761887, 52.313142], [4.762009, 52.313118], [4.762019, 52.313127], [4.762065, 52.313159], [4.762381, 52.313376], [4.762605, 52.313251], [4.762701, 52.313194], [4.762439, 52.313021], [4.76237, 52.312974], [4.762314, 52.312847], [4.762282, 52.312772], [4.762115, 52.3124], [4.76214, 52.312104], [4.762146, 52.312036], [4.76219, 52.311576], [4.7622, 52.311462], [4.762212, 52.311339], [4.762211, 52.311296]]]}}, {"type": "Feature", "properties": {"kind": "terminal", "h": 18.0, "name": "G-pier"}, "geometry": {"type": "Polygon", "coordinates": [[[4.757546, 52.311374], [4.757471, 52.311371], [4.757415, 52.31137], [4.757416, 52.311366], [4.757424, 52.311273], [4.75749, 52.311275], [4.757509, 52.311049], [4.757517, 52.310962], [4.757521, 52.310904], [4.757437, 52.310901], [4.757441, 52.310853], [4.756929, 52.310837], [4.756925, 52.310887], [4.756815, 52.310884], [4.756805, 52.310998], [4.756794, 52.31114], [4.756784, 52.311254], [4.756852, 52.311256], [4.756846, 52.311341], [4.756837, 52.31146], [4.756759, 52.312524], [4.756639, 52.313807], [4.756632, 52.31388], [4.757203, 52.313898], [4.757209, 52.313831], [4.757402, 52.311538], [4.757404, 52.311503], [4.757407, 52.311469], [4.757452, 52.31147], [4.757536, 52.311473], [4.757546, 52.311374]]]}}, {"type": "Feature", "properties": {"kind": "terminal", "h": 11.4, "name": "H-pier"}, "geometry": {"type": "Polygon", "coordinates": [[[4.757657, 52.310855], [4.759358, 52.310911], [4.759364, 52.310859], [4.759371, 52.310804], [4.75916, 52.310796], [4.758401, 52.310767], [4.757639, 52.310742], [4.756907, 52.310717], [4.756896, 52.310715], [4.756545, 52.31058], [4.752831, 52.309146], [4.752669, 52.309305], [4.752847, 52.309426], [4.752936, 52.309339], [4.753259, 52.309463], [4.753208, 52.309513], [4.753386, 52.309634], [4.753476, 52.309547], [4.753799, 52.309671], [4.753748, 52.309721], [4.753926, 52.309843], [4.754016, 52.309755], [4.754339, 52.30988], [4.754288, 52.309929], [4.754466, 52.310051], [4.754555, 52.309964], [4.754878, 52.310088], [4.754828, 52.310138], [4.755006, 52.310259], [4.755095, 52.310172], [4.755418, 52.310296], [4.755367, 52.310346], [4.755545, 52.310468], [4.755635, 52.31038], [4.755958, 52.310505], [4.755907, 52.310554], [4.756085, 52.310676], [4.756132, 52.310629], [4.756149, 52.310637], [4.756097, 52.310688], [4.756274, 52.310811], [4.756417, 52.310679], [4.75652, 52.310721], [4.756834, 52.310842], [4.756929, 52.310837], [4.757441, 52.310853], [4.757657, 52.310855]]]}}, {"type": "Feature", "properties": {"kind": "building", "h": 31.7, "name": ""}, "geometry": {"type": "Polygon", "coordinates": [[[4.751218, 52.302953], [4.751167, 52.302934], [4.751142, 52.302958], [4.751193, 52.302978], [4.751138, 52.303032], [4.751868, 52.303312], [4.751989, 52.303193], [4.751809, 52.303124], [4.751813, 52.30312], [4.751713, 52.303082], [4.751634, 52.303051], [4.75163, 52.303055], [4.75126, 52.302913], [4.751218, 52.302953]]]}}, {"type": "Feature", "properties": {"kind": "building", "h": 14.6, "name": ""}, "geometry": {"type": "Polygon", "coordinates": [[[4.748041, 52.301523], [4.748719, 52.301784], [4.748724, 52.301786], [4.74893, 52.301584], [4.749068, 52.301637], [4.74899, 52.301714], [4.749309, 52.301836], [4.749426, 52.301722], [4.749407, 52.301715], [4.74943, 52.301692], [4.749449, 52.301699], [4.749485, 52.301664], [4.749555, 52.301595], [4.749683, 52.30147], [4.749557, 52.301422], [4.749523, 52.301454], [4.749459, 52.301517], [4.749422, 52.301503], [4.749435, 52.301489], [4.748682, 52.3012], [4.748538, 52.301341], [4.748313, 52.301257], [4.748041, 52.301523]]]}}, {"type": "Feature", "properties": {"kind": "terminal", "h": 9.4, "name": ""}, "geometry": {"type": "Polygon", "coordinates": [[[4.75943, 52.309954], [4.759434, 52.309965], [4.759441, 52.30997], [4.759469, 52.309972], [4.759477, 52.309969], [4.759507, 52.30997], [4.759511, 52.309973], [4.759516, 52.309974], [4.759526, 52.309976], [4.759524, 52.309999], [4.759514, 52.310108], [4.75951, 52.310155], [4.759832, 52.310164], [4.759884, 52.310165], [4.75993, 52.310167], [4.76002, 52.310171], [4.760109, 52.310175], [4.760571, 52.310192], [4.760619, 52.310193], [4.760663, 52.310195], [4.7613, 52.310215], [4.761347, 52.310217], [4.761386, 52.310217], [4.762032, 52.310241], [4.762082, 52.310243], [4.762128, 52.310245], [4.762623, 52.310261], [4.76262, 52.310305], [4.76289, 52.310308], [4.763663, 52.309999], [4.763809, 52.309916], [4.763801, 52.309815], [4.763797, 52.30979], [4.763769, 52.309425], [4.763762, 52.309343], [4.763709, 52.309344], [4.763672, 52.308995], [4.763726, 52.308991], [4.763726, 52.308959], [4.763715, 52.308845], [4.763674, 52.308404], [4.763671, 52.30837], [4.763507, 52.308374], [4.763496, 52.308195], [4.763399, 52.308199], [4.763401, 52.308219], [4.763314, 52.308222], [4.763318, 52.308269], [4.76329, 52.30827], [4.763288, 52.30825], [4.763253, 52.308251], [4.763222, 52.308252], [4.763223, 52.308272], [4.763198, 52.308273], [4.763192, 52.308192], [4.762924, 52.3082], [4.762935, 52.308355], [4.762936, 52.308372], [4.762921, 52.308372], [4.762912, 52.308369], [4.762902, 52.308368], [4.762891, 52.308369], [4.762882, 52.308372], [4.762873, 52.308384], [4.762874, 52.308388], [4.762883, 52.308398], [4.762898, 52.308402], [4.762905, 52.308402], [4.762912, 52.308401], [4.762918, 52.308399], [4.762923, 52.308397], [4.762938, 52.308395], [4.762942, 52.308429], [4.762957, 52.30859], [4.762968, 52.308699], [4.762974, 52.308763], [4.762981, 52.308841], [4.762912, 52.308843], [4.762899, 52.308844], [4.762791, 52.308894], [4.762782, 52.308886], [4.76278, 52.308877], [4.762775, 52.308869], [4.762763, 52.308865], [4.762742, 52.308865], [4.762728, 52.308872], [4.762722, 52.308884], [4.762727, 52.308893], [4.762741, 52.3089], [4.762756, 52.308911], [4.762654, 52.308959], [4.76264, 52.308965], [4.762589, 52.30899], [4.762539, 52.308977], [4.762491, 52.308972], [4.762442, 52.308968], [4.762393, 52.308966], [4.762342, 52.308966], [4.762341, 52.308996], [4.762301, 52.309016], [4.762347, 52.309054], [4.762391, 52.309084], [4.762356, 52.309101], [4.762251, 52.309151], [4.762231, 52.309161], [4.762218, 52.309151], [4.762217, 52.309144], [4.762212, 52.309138], [4.762204, 52.309134], [4.762194, 52.309132], [4.762183, 52.309132], [4.762174, 52.309134], [4.762168, 52.309137], [4.762164, 52.309141], [4.762164, 52.309157], [4.762168, 52.30916], [4.76218, 52.309165], [4.762186, 52.309166], [4.762199, 52.309176], [4.762056, 52.309245], [4.762043, 52.309235], [4.762042, 52.309228], [4.762038, 52.309222], [4.76203, 52.309218], [4.762019, 52.309215], [4.762009, 52.309216], [4.761999, 52.309218], [4.76199, 52.309224], [4.761987, 52.309228], [4.761987, 52.309237], [4.76199, 52.309241], [4.761999, 52.309247], [4.762005, 52.309249], [4.762012, 52.30925], [4.762025, 52.30926], [4.761834, 52.309352], [4.761664, 52.309346], [4.761662, 52.309364], [4.761564, 52.309412], [4.761398, 52.309492], [4.761484, 52.309521], [4.761361, 52.309582], [4.761347, 52.309572], [4.761346, 52.309565], [4.761341, 52.309559], [4.761333, 52.309555], [4.761323, 52.309553], [4.761312, 52.309553], [4.761297, 52.309559], [4.761293, 52.309562], [4.761291, 52.309571], [4.761292, 52.309575], [4.761303, 52.309584], [4.761309, 52.309586], [4.761316, 52.309587], [4.761329, 52.309598], [4.761016, 52.309751], [4.761013, 52.309806], [4.760839, 52.3098], [4.760837, 52.309819], [4.76083, 52.309812], [4.760822, 52.309806], [4.760811, 52.309801], [4.760798, 52.309798], [4.760785, 52.309796], [4.760772, 52.309797], [4.760759, 52.309799], [4.760743, 52.309806], [4.760732, 52.309815], [4.760717, 52.309815], [4.760708, 52.309814], [4.760709, 52.309795], [4.760683, 52.309794], [4.76036, 52.309784], [4.760307, 52.309782], [4.76003, 52.309771], [4.759843, 52.309766], [4.759659, 52.30976], [4.759494, 52.309754], [4.759481, 52.309899], [4.759479, 52.309915], [4.759532, 52.309917], [4.75953, 52.309941], [4.75952, 52.309942], [4.759514, 52.309943], [4.759509, 52.309946], [4.75948, 52.309944], [4.75945, 52.309939], [4.759444, 52.309941], [4.759431, 52.30995], [4.75943, 52.309954]]]}}, {"type": "Feature", "properties": {"kind": "terminal", "h": 18.0, "name": "Terminal 1A"}, "geometry": {"type": "Polygon", "coordinates": [[[4.762251, 52.306226], [4.76235, 52.306131], [4.761797, 52.305913], [4.761625, 52.306082], [4.76141, 52.306294], [4.762659, 52.306765], [4.763316, 52.307012], [4.763378, 52.306951], [4.763386, 52.306944], [4.763418, 52.306912], [4.763425, 52.306905], [4.763551, 52.306782], [4.764098, 52.306992], [4.764127, 52.306966], [4.764192, 52.306992], [4.764187, 52.306998], [4.764506, 52.307125], [4.764497, 52.30702], [4.764545, 52.306973], [4.762902, 52.306343], [4.762798, 52.306442], [4.762251, 52.306226]]]}}, {"type": "Feature", "properties": {"kind": "terminal", "h": 13.0, "name": ""}, "geometry": {"type": "Polygon", "coordinates": [[[4.763994, 52.308164], [4.764288, 52.308153], [4.764786, 52.308136], [4.76478, 52.308085], [4.764718, 52.307399], [4.764696, 52.30719], [4.764513, 52.307197], [4.763904, 52.307218], [4.763884, 52.307218], [4.763883, 52.307209], [4.763866, 52.30721], [4.763855, 52.307094], [4.76358, 52.307104], [4.763591, 52.307227], [4.763681, 52.307225], [4.763719, 52.307646], [4.763923, 52.307639], [4.763921, 52.307627], [4.763943, 52.307627], [4.763956, 52.30783], [4.763961, 52.307903], [4.763994, 52.308164]]]}}, {"type": "Feature", "properties": {"kind": "building", "h": 9.0, "name": "Topside"}, "geometry": {"type": "Polygon", "coordinates": [[[4.759026, 52.305164], [4.759, 52.305189], [4.75907, 52.305215], [4.759095, 52.30519], [4.759139, 52.305207], [4.759173, 52.30522], [4.759117, 52.305275], [4.759204, 52.305309], [4.759292, 52.305342], [4.759347, 52.305287], [4.759415, 52.305313], [4.759538, 52.305192], [4.759471, 52.305166], [4.759527, 52.305112], [4.759443, 52.305079], [4.759353, 52.305044], [4.759296, 52.305099], [4.759261, 52.305085], [4.759229, 52.305073], [4.75925, 52.305053], [4.758554, 52.304785], [4.75841, 52.304927], [4.759026, 52.305164]]]}}, {"type": "Feature", "properties": {"kind": "building", "h": 9.0, "name": "KLM Catering Services"}, "geometry": {"type": "Polygon", "coordinates": [[[4.75782, 52.304719], [4.758349, 52.304922], [4.758362, 52.304909], [4.75841, 52.304927], [4.758554, 52.304785], [4.75925, 52.305053], [4.759279, 52.305025], [4.759227, 52.305004], [4.759479, 52.304756], [4.759762, 52.304475], [4.758501, 52.30399], [4.758484, 52.304006], [4.75842, 52.304063], [4.758375, 52.304046], [4.758332, 52.304087], [4.758378, 52.304104], [4.757957, 52.304516], [4.757904, 52.304496], [4.757802, 52.304595], [4.757817, 52.304601], [4.757708, 52.304705], [4.757798, 52.30474], [4.75782, 52.304719]]]}}, {"type": "Feature", "properties": {"kind": "building", "h": 16.1, "name": "Vrachtgebouw 3"}, "geometry": {"type": "Polygon", "coordinates": [[[4.752858, 52.301786], [4.75226, 52.301556], [4.752253, 52.301538], [4.750983, 52.301051], [4.750972, 52.301062], [4.750797, 52.300995], [4.750767, 52.301], [4.750032, 52.301719], [4.75004, 52.301738], [4.750084, 52.301755], [4.749835, 52.302], [4.749833, 52.302016], [4.749862, 52.302027], [4.749956, 52.302062], [4.749944, 52.302073], [4.751075, 52.302507], [4.751106, 52.302503], [4.75125, 52.302558], [4.751256, 52.302577], [4.751734, 52.30276], [4.751746, 52.30275], [4.751789, 52.302766], [4.751837, 52.302785], [4.752858, 52.301786]]]}}, {"type": "Feature", "properties": {"kind": "terminal", "h": 18.0, "name": ""}, "geometry": {"type": "Polygon", "coordinates": [[[4.75832, 52.311379], [4.757763, 52.311364], [4.757547, 52.311358], [4.757546, 52.311374], [4.757536, 52.311473], [4.757536, 52.311483], [4.757767, 52.311491], [4.760128, 52.311572], [4.76017, 52.311573], [4.760171, 52.311565], [4.760306, 52.31157], [4.760308, 52.311543], [4.760879, 52.311563], [4.760885, 52.311495], [4.760315, 52.311476], [4.760318, 52.311435], [4.760322, 52.311395], [4.760233, 52.311392], [4.760229, 52.311432], [4.760226, 52.311467], [4.760182, 52.311465], [4.760183, 52.311449], [4.759095, 52.311406], [4.75832, 52.311379]]]}}, {"type": "Feature", "properties": {"kind": "building", "h": 9.0, "name": "Vrachtgebouw 2"}, "geometry": {"type": "Polygon", "coordinates": [[[4.751837, 52.302785], [4.751839, 52.3028], [4.752144, 52.302917], [4.752167, 52.302914], [4.752215, 52.302925], [4.752326, 52.302968], [4.752332, 52.302989], [4.753028, 52.303256], [4.75306, 52.303252], [4.753225, 52.303312], [4.753232, 52.303333], [4.753836, 52.303566], [4.753866, 52.303562], [4.754056, 52.303376], [4.75405, 52.303357], [4.754106, 52.303302], [4.754135, 52.303299], [4.754388, 52.30305], [4.754383, 52.303032], [4.754397, 52.303017], [4.754505, 52.303059], [4.754647, 52.303113], [4.754751, 52.303011], [4.754614, 52.302958], [4.754505, 52.302917], [4.754526, 52.302895], [4.754552, 52.302892], [4.754885, 52.302564], [4.754879, 52.302546], [4.754271, 52.302313], [4.754242, 52.302317], [4.754141, 52.302278], [4.754136, 52.302261], [4.75335, 52.30196], [4.753324, 52.301964], [4.753223, 52.301926], [4.753217, 52.301909], [4.752888, 52.301781], [4.752858, 52.301786], [4.751837, 52.302785]]]}}, {"type": "Feature", "properties": {"kind": "building", "h": 4.9, "name": ""}, "geometry": {"type": "Polygon", "coordinates": [[[4.752408, 52.311899], [4.752681, 52.311908], [4.752733, 52.311324], [4.75246, 52.311315], [4.752408, 52.311899]]]}}, {"type": "Feature", "properties": {"kind": "building", "h": 3.2, "name": ""}, "geometry": {"type": "Polygon", "coordinates": [[[4.752557, 52.311133], [4.752553, 52.311187], [4.752588, 52.311188], [4.752593, 52.311134], [4.752557, 52.311133]]]}}, {"type": "Feature", "properties": {"kind": "building", "h": 7.3, "name": ""}, "geometry": {"type": "Polygon", "coordinates": [[[4.752302, 52.312962], [4.75251, 52.312969], [4.752557, 52.312456], [4.752349, 52.312449], [4.752302, 52.312962]]]}}, {"type": "Feature", "properties": {"kind": "building", "h": 9.0, "name": ""}, "geometry": {"type": "Polygon", "coordinates": [[[4.753357, 52.303847], [4.753333, 52.30387], [4.753421, 52.303905], [4.753445, 52.303882], [4.753417, 52.303871], [4.753357, 52.303847]]]}}, {"type": "Feature", "properties": {"kind": "building", "h": 7.8, "name": "Doorlaatpost 60"}, "geometry": {"type": "Polygon", "coordinates": [[[4.757188, 52.310157], [4.757312, 52.310033], [4.757026, 52.309923], [4.7569, 52.310047], [4.757188, 52.310157]]]}}, {"type": "Feature", "properties": {"kind": "building", "h": 9.0, "name": ""}, "geometry": {"type": "Polygon", "coordinates": [[[4.751872, 52.303321], [4.75186, 52.303333], [4.751885, 52.303343], [4.751892, 52.303337], [4.751897, 52.303331], [4.751872, 52.303321]]]}}, {"type": "Feature", "properties": {"kind": "building", "h": 5.0, "name": ""}, "geometry": {"type": "Polygon", "coordinates": [[[4.753751, 52.303816], [4.753659, 52.303906], [4.753716, 52.303927], [4.753807, 52.303838], [4.753751, 52.303816]]]}}, {"type": "Feature", "properties": {"kind": "building", "h": 9.2, "name": ""}, "geometry": {"type": "Polygon", "coordinates": [[[4.749922, 52.301234], [4.750084, 52.301076], [4.749244, 52.300752], [4.749007, 52.300882], [4.749922, 52.301234]]]}}, {"type": "Feature", "properties": {"kind": "building", "h": 9.0, "name": ""}, "geometry": {"type": "Polygon", "coordinates": [[[4.763011, 52.311229], [4.762982, 52.311201], [4.762905, 52.311232], [4.762934, 52.31126], [4.763011, 52.311229]]]}}, {"type": "Feature", "properties": {"kind": "building", "h": 3.0, "name": ""}, "geometry": {"type": "Polygon", "coordinates": [[[4.752835, 52.314368], [4.752646, 52.314412], [4.752777, 52.31462], [4.752967, 52.314575], [4.752835, 52.314368]]]}}, {"type": "Feature", "properties": {"kind": "building", "h": 4.0, "name": ""}, "geometry": {"type": "Polygon", "coordinates": [[[4.75775, 52.310153], [4.757741, 52.310249], [4.757853, 52.310253], [4.757862, 52.310157], [4.75775, 52.310153]]]}}, {"type": "Feature", "properties": {"kind": "building", "h": 3.2, "name": ""}, "geometry": {"type": "Polygon", "coordinates": [[[4.763433, 52.303799], [4.763405, 52.303826], [4.763429, 52.303835], [4.763457, 52.303808], [4.763433, 52.303799]]]}}, {"type": "Feature", "properties": {"kind": "building", "h": 3.8, "name": ""}, "geometry": {"type": "Polygon", "coordinates": [[[4.766022, 52.308983], [4.765931, 52.308978], [4.765917, 52.309051], [4.76601, 52.309058], [4.766022, 52.308983]]]}}, {"type": "Feature", "properties": {"kind": "building", "h": 3.0, "name": ""}, "geometry": {"type": "Polygon", "coordinates": [[[4.751251, 52.30083], [4.751181, 52.300898], [4.751263, 52.30093], [4.751333, 52.300861], [4.751251, 52.30083]]]}}, {"type": "Feature", "properties": {"kind": "terminal", "h": 13.0, "name": ""}, "geometry": {"type": "Polygon", "coordinates": [[[4.765723, 52.308433], [4.765649, 52.308438], [4.765174, 52.308449], [4.765147, 52.308196], [4.765181, 52.308195], [4.765169, 52.308048], [4.764947, 52.308058], [4.764845, 52.308062], [4.764846, 52.308083], [4.764829, 52.308084], [4.76478, 52.308085], [4.764786, 52.308136], [4.764288, 52.308153], [4.763994, 52.308164], [4.763979, 52.308165], [4.76396, 52.308014], [4.76379, 52.308021], [4.763594, 52.308027], [4.763518, 52.308028], [4.763525, 52.308086], [4.763536, 52.308186], [4.763496, 52.308188], [4.763496, 52.308195], [4.763507, 52.308374], [4.763671, 52.30837], [4.763674, 52.308404], [4.763715, 52.308845], [4.763726, 52.308959], [4.763726, 52.308991], [4.763672, 52.308995], [4.763709, 52.309344], [4.763762, 52.309343], [4.763769, 52.309425], [4.763797, 52.30979], [4.763801, 52.309815], [4.763809, 52.309916], [4.763663, 52.309999], [4.76289, 52.310308], [4.76262, 52.310305], [4.762123, 52.310289], [4.762128, 52.310245], [4.762082, 52.310243], [4.762032, 52.310241], [4.761386, 52.310217], [4.761347, 52.310217], [4.7613, 52.310215], [4.760663, 52.310195], [4.760619, 52.310193], [4.760571, 52.310192], [4.760109, 52.310175], [4.76002, 52.310171], [4.760017, 52.310215], [4.759927, 52.310213], [4.75993, 52.310167], [4.759884, 52.310165], [4.759832, 52.310164], [4.75951, 52.310155], [4.759506, 52.310201], [4.759504, 52.310225], [4.759501, 52.310249], [4.759497, 52.310301], [4.759427, 52.310299], [4.759426, 52.310315], [4.759382, 52.310692], [4.759371, 52.310804], [4.759364, 52.310859], [4.759358, 52.310911], [4.759347, 52.31107], [4.759333, 52.311282], [4.759327, 52.31136], [4.760233, 52.311392], [4.760322, 52.311395], [4.761766, 52.311446], [4.761828, 52.311449], [4.761831, 52.31142], [4.761859, 52.311157], [4.761866, 52.31109], [4.762225, 52.311101], [4.7622, 52.311462], [4.764362, 52.310601], [4.764663, 52.310464], [4.764867, 52.310384], [4.764821, 52.310296], [4.764847, 52.310321], [4.765052, 52.310238], [4.765071, 52.310258], [4.765121, 52.310309], [4.765235, 52.310263], [4.765381, 52.310203], [4.765594, 52.310112], [4.765685, 52.309606], [4.765758, 52.308872], [4.765767, 52.3088], [4.765775, 52.308742], [4.765771, 52.308717], [4.765756, 52.308621], [4.765723, 52.308433]]]}}, {"type": "Feature", "properties": {"kind": "building", "h": 9.0, "name": ""}, "geometry": {"type": "Polygon", "coordinates": [[[4.756615, 52.313924], [4.756612, 52.313964], [4.756829, 52.313972], [4.756835, 52.313902], [4.756618, 52.313895], [4.756615, 52.313924]]]}}, {"type": "Feature", "properties": {"kind": "building", "h": 4.1, "name": ""}, "geometry": {"type": "Polygon", "coordinates": [[[4.750291, 52.30057], [4.750083, 52.300489], [4.750012, 52.300557], [4.749998, 52.300571], [4.750206, 52.300652], [4.75022, 52.300638], [4.750291, 52.30057]]]}}, {"type": "Feature", "properties": {"kind": "building", "h": 3.8, "name": ""}, "geometry": {"type": "Polygon", "coordinates": [[[4.76879, 52.309045], [4.768798, 52.309051], [4.768869, 52.309017], [4.76887, 52.309017], [4.768791, 52.308956], [4.768719, 52.30899], [4.76879, 52.309045]]]}}, {"type": "Feature", "properties": {"kind": "terminal", "h": 13.0, "name": ""}, "geometry": {"type": "Polygon", "coordinates": [[[4.765501, 52.307671], [4.765507, 52.307671], [4.765484, 52.307522], [4.765467, 52.307234], [4.765455, 52.307195], [4.765392, 52.307197], [4.765348, 52.307199], [4.764906, 52.307214], [4.764949, 52.30769], [4.765103, 52.307685], [4.765501, 52.307671]]]}}, {"type": "Feature", "properties": {"kind": "building", "h": 11.1, "name": ""}, "geometry": {"type": "Polygon", "coordinates": [[[4.749919, 52.301778], [4.749894, 52.301768], [4.749853, 52.301807], [4.749858, 52.301809], [4.749839, 52.301827], [4.749864, 52.301837], [4.749883, 52.301819], [4.749948, 52.301844], [4.749989, 52.301806], [4.749919, 52.301778]]]}}, {"type": "Feature", "properties": {"kind": "building", "h": 9.0, "name": "BRR"}, "geometry": {"type": "Polygon", "coordinates": [[[4.766192, 52.307189], [4.766155, 52.307174], [4.765538, 52.306921], [4.765411, 52.307037], [4.765404, 52.307039], [4.765455, 52.307195], [4.765467, 52.307234], [4.765621, 52.307709], [4.765627, 52.307707], [4.765627, 52.307705], [4.766192, 52.307189]]]}}, {"type": "Feature", "properties": {"kind": "terminal", "h": 13.0, "name": ""}, "geometry": {"type": "Polygon", "coordinates": [[[4.765103, 52.307685], [4.764949, 52.30769], [4.764906, 52.307214], [4.765348, 52.307199], [4.765348, 52.307197], [4.76528, 52.306988], [4.764969, 52.306869], [4.764692, 52.307139], [4.764696, 52.30719], [4.764718, 52.307399], [4.76478, 52.308085], [4.764829, 52.308084], [4.764846, 52.308083], [4.764845, 52.308062], [4.765169, 52.308048], [4.765181, 52.308195], [4.765147, 52.308196], [4.765174, 52.308449], [4.765649, 52.308438], [4.765723, 52.308433], [4.76561, 52.308042], [4.765501, 52.307671], [4.765103, 52.307685]]]}}, {"type": "Feature", "properties": {"kind": "building", "h": 28.0, "name": "The Base"}, "geometry": {"type": "Polygon", "coordinates": [[[4.75047, 52.304908], [4.750476, 52.30491], [4.750475, 52.304912], [4.750484, 52.304915], [4.750549, 52.30494], [4.75067, 52.304987], [4.750644, 52.305013], [4.75064, 52.305017], [4.751026, 52.305166], [4.751121, 52.305203], [4.751305, 52.305083], [4.751633, 52.305208], [4.751639, 52.305203], [4.751648, 52.305207], [4.75164, 52.305213], [4.751631, 52.30522], [4.751617, 52.305233], [4.751605, 52.305246], [4.751596, 52.305259], [4.751584, 52.305281], [4.751578, 52.305299], [4.751575, 52.305319], [4.751575, 52.305332], [4.751577, 52.305337], [4.751474, 52.305438], [4.751996, 52.305639], [4.751798, 52.305833], [4.751801, 52.305834], [4.751793, 52.305842], [4.751975, 52.305912], [4.751983, 52.305904], [4.751985, 52.305905], [4.752113, 52.305782], [4.752222, 52.305824], [4.752227, 52.30582], [4.752231, 52.305821], [4.752263, 52.305789], [4.75234, 52.305819], [4.752336, 52.305823], [4.752862, 52.306026], [4.752703, 52.306182], [4.752706, 52.306183], [4.7527, 52.306188], [4.752883, 52.306257], [4.752887, 52.306253], [4.75289, 52.306254], [4.753136, 52.306013], [4.753275, 52.305876], [4.753476, 52.30568], [4.753482, 52.305682], [4.753514, 52.305651], [4.753154, 52.305512], [4.751826, 52.305001], [4.750989, 52.304678], [4.750957, 52.30471], [4.750962, 52.304712], [4.750828, 52.304843], [4.750796, 52.304875], [4.750592, 52.304797], [4.750586, 52.304796], [4.750474, 52.304905], [4.75047, 52.304908]]]}}, {"type": "Feature", "properties": {"kind": "building", "h": 5.7, "name": ""}, "geometry": {"type": "Polygon", "coordinates": [[[4.751407, 52.30423], [4.751217, 52.304194], [4.751093, 52.304313], [4.751322, 52.304402], [4.751383, 52.304344], [4.751415, 52.30435], [4.751456, 52.304359], [4.751621, 52.304199], [4.751582, 52.304191], [4.751548, 52.304185], [4.751481, 52.304244], [4.751407, 52.30423]]]}}, {"type": "Feature", "properties": {"kind": "building", "h": 7.5, "name": ""}, "geometry": {"type": "Polygon", "coordinates": [[[4.748314, 52.302819], [4.746979, 52.302305], [4.746847, 52.302435], [4.746785, 52.302411], [4.746643, 52.302549], [4.746971, 52.302675], [4.746935, 52.30271], [4.747064, 52.302759], [4.747101, 52.302723], [4.747206, 52.302764], [4.747107, 52.302861], [4.74714, 52.302899], [4.747187, 52.302908], [4.747324, 52.302809], [4.747485, 52.302871], [4.747443, 52.302912], [4.747515, 52.30294], [4.747556, 52.3029], [4.748039, 52.303087], [4.748314, 52.302819]]]}}, {"type": "Feature", "properties": {"kind": "building", "h": 28.0, "name": "Avioport"}, "geometry": {"type": "Polygon", "coordinates": [[[4.748839, 52.304618], [4.748847, 52.304632], [4.748854, 52.304644], [4.748868, 52.304664], [4.748878, 52.304677], [4.748892, 52.304693], [4.748908, 52.304709], [4.748924, 52.304724], [4.74894, 52.304737], [4.748955, 52.304748], [4.748972, 52.30476], [4.748995, 52.304775], [4.749015, 52.304786], [4.749035, 52.304797], [4.749056, 52.304807], [4.749078, 52.304817], [4.749131, 52.304771], [4.749153, 52.30478], [4.749124, 52.304808], [4.749313, 52.30488], [4.749552, 52.304646], [4.74975, 52.304452], [4.749935, 52.304272], [4.749747, 52.304199], [4.749522, 52.30442], [4.749506, 52.304415], [4.749489, 52.30441], [4.749453, 52.304406], [4.749434, 52.304406], [4.749417, 52.304406], [4.749401, 52.304407], [4.749382, 52.304409], [4.74935, 52.304419], [4.749321, 52.304434], [4.749299, 52.304451], [4.749294, 52.304457], [4.749285, 52.304469], [4.749283, 52.304471], [4.749276, 52.304493], [4.749275, 52.304505], [4.749275, 52.304515], [4.749281, 52.304531], [4.748839, 52.304618]]]}}, {"type": "Feature", "properties": {"kind": "building", "h": 5.7, "name": ""}, "geometry": {"type": "Polygon", "coordinates": [[[4.745957, 52.302916], [4.746177, 52.303003], [4.746121, 52.303058], [4.746087, 52.303045], [4.746003, 52.303127], [4.746193, 52.3032], [4.746274, 52.303115], [4.746219, 52.303097], [4.746214, 52.303095], [4.74637, 52.302943], [4.746376, 52.302934], [4.746379, 52.302924], [4.746377, 52.302915], [4.74637, 52.302906], [4.74636, 52.302899], [4.746347, 52.302894], [4.746332, 52.302891], [4.746316, 52.302892], [4.746301, 52.302895], [4.74629, 52.302899], [4.746065, 52.302812], [4.745957, 52.302916]]]}}, {"type": "Feature", "properties": {"kind": "building", "h": 3.6, "name": ""}, "geometry": {"type": "Polygon", "coordinates": [[[4.746339, 52.303849], [4.746277, 52.30391], [4.746403, 52.303958], [4.746465, 52.303897], [4.746339, 52.303849]]]}}, {"type": "Feature", "properties": {"kind": "building", "h": 9.0, "name": ""}, "geometry": {"type": "Polygon", "coordinates": [[[4.747658, 52.303062], [4.747635, 52.303084], [4.747716, 52.303115], [4.747739, 52.303092], [4.747658, 52.303062]]]}}, {"type": "Feature", "properties": {"kind": "building", "h": 5.6, "name": ""}, "geometry": {"type": "Polygon", "coordinates": [[[4.745918, 52.302951], [4.745791, 52.303075], [4.745889, 52.303112], [4.746018, 52.302987], [4.74592, 52.302949], [4.745918, 52.302951]]]}}, {"type": "Feature", "properties": {"kind": "building", "h": 9.0, "name": ""}, "geometry": {"type": "Polygon", "coordinates": [[[4.76241, 52.307384], [4.762401, 52.307291], [4.762147, 52.307541], [4.762435, 52.307651], [4.762432, 52.30763], [4.762475, 52.307628], [4.762499, 52.307625], [4.762521, 52.307619], [4.762543, 52.307612], [4.762562, 52.307603], [4.76258, 52.307593], [4.762596, 52.307582], [4.762609, 52.30757], [4.762619, 52.307556], [4.762627, 52.307542], [4.762632, 52.307528], [4.762634, 52.307513], [4.762633, 52.307498], [4.762629, 52.307483], [4.762622, 52.307469], [4.762613, 52.307456], [4.7626, 52.307443], [4.762586, 52.307431], [4.762569, 52.307421], [4.76255, 52.307411], [4.762529, 52.307404], [4.762507, 52.307398], [4.76248, 52.307391], [4.762455, 52.307386], [4.76243, 52.307384], [4.76241, 52.307384]]]}}, {"type": "Feature", "properties": {"kind": "building", "h": 9.0, "name": "Sheraton Amsterdam Airport Hotel and Conference Center"}, "geometry": {"type": "Polygon", "coordinates": [[[4.759633, 52.308902], [4.759883, 52.308995], [4.759857, 52.309026], [4.759962, 52.309074], [4.760005, 52.30904], [4.760266, 52.309137], [4.760401, 52.309004], [4.760463, 52.308942], [4.760638, 52.30908], [4.760783, 52.308939], [4.760612, 52.308795], [4.760931, 52.308479], [4.760301, 52.30825], [4.760134, 52.308413], [4.759994, 52.30855], [4.759976, 52.308567], [4.759818, 52.308722], [4.75977, 52.308769], [4.759668, 52.308868], [4.759633, 52.308902]]]}}, {"type": "Feature", "properties": {"kind": "building", "h": 9.0, "name": ""}, "geometry": {"type": "Polygon", "coordinates": [[[4.761049, 52.308394], [4.761023, 52.30842], [4.761046, 52.308429], [4.761072, 52.308403], [4.761049, 52.308394]]]}}, {"type": "Feature", "properties": {"kind": "building", "h": 3.5, "name": ""}, "geometry": {"type": "Polygon", "coordinates": [[[4.755255, 52.30559], [4.755323, 52.305524], [4.755114, 52.305443], [4.755046, 52.305509], [4.755255, 52.30559]]]}}, {"type": "Feature", "properties": {"kind": "building", "h": 3.9, "name": ""}, "geometry": {"type": "Polygon", "coordinates": [[[4.754838, 52.305663], [4.754707, 52.305695], [4.754758, 52.305776], [4.75489, 52.305744], [4.754838, 52.305663]]]}}, {"type": "Feature", "properties": {"kind": "building", "h": 6.8, "name": "Schiphol"}, "geometry": {"type": "Polygon", "coordinates": [[[4.754061, 52.305688], [4.753864, 52.305879], [4.754176, 52.305999], [4.754372, 52.305809], [4.754061, 52.305688]]]}}, {"type": "Feature", "properties": {"kind": "building", "h": 3.9, "name": ""}, "geometry": {"type": "Polygon", "coordinates": [[[4.754765, 52.305549], [4.754634, 52.30558], [4.754686, 52.305661], [4.754817, 52.30563], [4.754765, 52.305549]]]}}, {"type": "Feature", "properties": {"kind": "building", "h": 9.0, "name": "Schiphol NS"}, "geometry": {"type": "Polygon", "coordinates": [[[4.7552, 52.305389], [4.755371, 52.305455], [4.755415, 52.305413], [4.755573, 52.305474], [4.755653, 52.305397], [4.755323, 52.305267], [4.7552, 52.305389]]]}}, {"type": "Feature", "properties": {"kind": "building", "h": 9.0, "name": ""}, "geometry": {"type": "Polygon", "coordinates": [[[4.771267, 52.299344], [4.771437, 52.299253], [4.771128, 52.299037], [4.770958, 52.299129], [4.771267, 52.299344]]]}}, {"type": "Feature", "properties": {"kind": "building", "h": 7.8, "name": ""}, "geometry": {"type": "Polygon", "coordinates": [[[4.774948, 52.300889], [4.774933, 52.300715], [4.775071, 52.300711], [4.775049, 52.30046], [4.774911, 52.300464], [4.774904, 52.300379], [4.774529, 52.300392], [4.774167, 52.300404], [4.774093, 52.300406], [4.773722, 52.300418], [4.774172, 52.300591], [4.774625, 52.300765], [4.774948, 52.300889]]]}}, {"type": "Feature", "properties": {"kind": "building", "h": 17.5, "name": "Vrachtgebouw 11"}, "geometry": {"type": "Polygon", "coordinates": [[[4.769038, 52.29547], [4.768065, 52.29642], [4.769928, 52.297135], [4.770702, 52.29638], [4.770902, 52.296185], [4.770583, 52.296063], [4.770111, 52.295881], [4.769796, 52.295761], [4.769119, 52.295501], [4.769038, 52.29547]]]}}, {"type": "Feature", "properties": {"kind": "building", "h": 13.6, "name": "Vrachtgebouw 10"}, "geometry": {"type": "Polygon", "coordinates": [[[4.766731, 52.295454], [4.766933, 52.295531], [4.766846, 52.295618], [4.767012, 52.295677], [4.767099, 52.295591], [4.768123, 52.295988], [4.768131, 52.29598], [4.768259, 52.29603], [4.768251, 52.296037], [4.768258, 52.29604], [4.768895, 52.295418], [4.768887, 52.295415], [4.768881, 52.295422], [4.768752, 52.295372], [4.768759, 52.295366], [4.767367, 52.294831], [4.766731, 52.295454]]]}}, {"type": "Feature", "properties": {"kind": "building", "h": 16.7, "name": "Vrachtgebouw 8"}, "geometry": {"type": "Polygon", "coordinates": [[[4.760389, 52.292152], [4.760311, 52.292228], [4.759499, 52.293022], [4.759488, 52.293032], [4.76107, 52.293638], [4.7609, 52.293804], [4.761083, 52.293874], [4.761253, 52.293708], [4.762089, 52.294029], [4.762151, 52.294052], [4.76198, 52.294219], [4.762163, 52.29429], [4.76233, 52.294127], [4.763684, 52.294645], [4.764594, 52.293756], [4.764429, 52.293693], [4.763838, 52.293467], [4.763325, 52.293271], [4.763491, 52.293109], [4.762887, 52.292878], [4.762717, 52.293044], [4.762188, 52.292841], [4.760798, 52.292309], [4.760389, 52.292152]]]}}, {"type": "Feature", "properties": {"kind": "building", "h": 9.0, "name": "Vrachtgebouw 9"}, "geometry": {"type": "Polygon", "coordinates": [[[4.763654, 52.294778], [4.766211, 52.295758], [4.767238, 52.294756], [4.766944, 52.294643], [4.766481, 52.294465], [4.765954, 52.294263], [4.765747, 52.294184], [4.765435, 52.294065], [4.765016, 52.293904], [4.764682, 52.293776], [4.764621, 52.293835], [4.764545, 52.293806], [4.763719, 52.294612], [4.763794, 52.294641], [4.763654, 52.294778]]]}}, {"type": "Feature", "properties": {"kind": "building", "h": 4.5, "name": ""}, "geometry": {"type": "Polygon", "coordinates": [[[4.771695, 52.299635], [4.771819, 52.299569], [4.77177, 52.299535], [4.771721, 52.299562], [4.77159, 52.299471], [4.771519, 52.29951], [4.771504, 52.299518], [4.771474, 52.299497], [4.771426, 52.299523], [4.771503, 52.299576], [4.771537, 52.299558], [4.771563, 52.299544], [4.771695, 52.299635]]]}}, {"type": "Feature", "properties": {"kind": "building", "h": 10.6, "name": ""}, "geometry": {"type": "Polygon", "coordinates": [[[4.772329, 52.296637], [4.772578, 52.296947], [4.772624, 52.296948], [4.772734, 52.296934], [4.77276, 52.296927], [4.77285, 52.296887], [4.772921, 52.296822], [4.772953, 52.296764], [4.772935, 52.296688], [4.772858, 52.296605], [4.772721, 52.296551], [4.772551, 52.296543], [4.772405, 52.296584], [4.772329, 52.296637]]]}}, {"type": "Feature", "properties": {"kind": "building", "h": 9.0, "name": ""}, "geometry": {"type": "Polygon", "coordinates": [[[4.759934, 52.292325], [4.759909, 52.292349], [4.760001, 52.292385], [4.760026, 52.292361], [4.759934, 52.292325]]]}}, {"type": "Feature", "properties": {"kind": "building", "h": 9.0, "name": ""}, "geometry": {"type": "Polygon", "coordinates": [[[4.766003, 52.295873], [4.766089, 52.295906], [4.766144, 52.295851], [4.766058, 52.295819], [4.766003, 52.295873]]]}}, {"type": "Feature", "properties": {"kind": "building", "h": 9.0, "name": ""}, "geometry": {"type": "Polygon", "coordinates": [[[4.759995, 52.292267], [4.759966, 52.292296], [4.760056, 52.29233], [4.760085, 52.292302], [4.759995, 52.292267]]]}}, {"type": "Feature", "properties": {"kind": "building", "h": 3.9, "name": ""}, "geometry": {"type": "Polygon", "coordinates": [[[4.759105, 52.292643], [4.75898, 52.292595], [4.758803, 52.292769], [4.758928, 52.292817], [4.759105, 52.292643]]]}}, {"type": "Feature", "properties": {"kind": "building", "h": 14.4, "name": ""}, "geometry": {"type": "Polygon", "coordinates": [[[4.757689, 52.292016], [4.757369, 52.292329], [4.758276, 52.292676], [4.758596, 52.292363], [4.757689, 52.292016]]]}}, {"type": "Feature", "properties": {"kind": "building", "h": 9.0, "name": ""}, "geometry": {"type": "Polygon", "coordinates": [[[4.774951, 52.299396], [4.774865, 52.299348], [4.774816, 52.29938], [4.774902, 52.299429], [4.774951, 52.299396]]]}}, {"type": "Feature", "properties": {"kind": "building", "h": 9.0, "name": ""}, "geometry": {"type": "Polygon", "coordinates": [[[4.77358, 52.298413], [4.773628, 52.298447], [4.773723, 52.298397], [4.773675, 52.298363], [4.77358, 52.298413]]]}}, {"type": "Feature", "properties": {"kind": "building", "h": 9.0, "name": ""}, "geometry": {"type": "Polygon", "coordinates": [[[4.759808, 52.292448], [4.759897, 52.292482], [4.759921, 52.292459], [4.759833, 52.292425], [4.759808, 52.292448]]]}}, {"type": "Feature", "properties": {"kind": "building", "h": 8.7, "name": ""}, "geometry": {"type": "Polygon", "coordinates": [[[4.77156, 52.296294], [4.771923, 52.296442], [4.772291, 52.296096], [4.771913, 52.295936], [4.77156, 52.296294]]]}}, {"type": "Feature", "properties": {"kind": "building", "h": 9.0, "name": ""}, "geometry": {"type": "Polygon", "coordinates": [[[4.773426, 52.297033], [4.773362, 52.297067], [4.773508, 52.29717], [4.773572, 52.297135], [4.773426, 52.297033]]]}}, {"type": "Feature", "properties": {"kind": "building", "h": 3.6, "name": ""}, "geometry": {"type": "Polygon", "coordinates": [[[4.758362, 52.293732], [4.75828, 52.293812], [4.7584, 52.293858], [4.758482, 52.293778], [4.758362, 52.293732]]]}}, {"type": "Feature", "properties": {"kind": "building", "h": 3.7, "name": "Schiphol ZO VS7"}, "geometry": {"type": "Polygon", "coordinates": [[[4.759727, 52.292529], [4.759596, 52.292657], [4.759704, 52.292698], [4.759835, 52.29257], [4.759727, 52.292529]]]}}, {"type": "Feature", "properties": {"kind": "building", "h": 9.0, "name": ""}, "geometry": {"type": "Polygon", "coordinates": [[[4.774039, 52.298669], [4.774032, 52.298589], [4.773849, 52.298595], [4.773857, 52.298676], [4.774039, 52.298669]]]}}, {"type": "Feature", "properties": {"kind": "building", "h": 3.1, "name": ""}, "geometry": {"type": "Polygon", "coordinates": [[[4.772129, 52.299145], [4.772099, 52.299162], [4.772161, 52.299203], [4.772191, 52.299186], [4.772129, 52.299145]]]}}, {"type": "Feature", "properties": {"kind": "building", "h": 4.5, "name": ""}, "geometry": {"type": "Polygon", "coordinates": [[[4.759622, 52.292791], [4.759662, 52.292752], [4.759539, 52.292706], [4.759533, 52.292703], [4.759492, 52.292744], [4.759621, 52.292792], [4.759622, 52.292791]]]}}, {"type": "Feature", "properties": {"kind": "building", "h": 9.0, "name": ""}, "geometry": {"type": "Polygon", "coordinates": [[[4.760036, 52.292228], [4.760012, 52.29225], [4.760042, 52.292262], [4.760066, 52.292239], [4.760036, 52.292228]]]}}, {"type": "Feature", "properties": {"kind": "building", "h": 7.3, "name": ""}, "geometry": {"type": "Polygon", "coordinates": [[[4.771658, 52.296625], [4.771715, 52.296569], [4.771426, 52.296457], [4.771368, 52.296513], [4.771658, 52.296625]]]}}, {"type": "Feature", "properties": {"kind": "building", "h": 4.0, "name": ""}, "geometry": {"type": "Polygon", "coordinates": [[[4.773809, 52.298358], [4.773729, 52.298401], [4.773723, 52.298397], [4.773628, 52.298447], [4.773729, 52.298519], [4.773824, 52.298468], [4.773818, 52.298464], [4.773899, 52.298422], [4.773934, 52.298403], [4.773845, 52.298339], [4.773809, 52.298358]]]}}, {"type": "Feature", "properties": {"kind": "building", "h": 4.7, "name": ""}, "geometry": {"type": "Polygon", "coordinates": [[[4.771781, 52.299413], [4.7719, 52.299495], [4.77197, 52.299457], [4.771994, 52.299474], [4.772105, 52.299414], [4.771987, 52.299333], [4.771942, 52.299357], [4.771917, 52.299339], [4.771781, 52.299413]]]}}, {"type": "Feature", "properties": {"kind": "building", "h": 7.0, "name": "Vrachtgebouw 1"}, "geometry": {"type": "Polygon", "coordinates": [[[4.757096, 52.303397], [4.755136, 52.302645], [4.755125, 52.302656], [4.754761, 52.303015], [4.754751, 52.303011], [4.754647, 52.303113], [4.754656, 52.303117], [4.754324, 52.303439], [4.754225, 52.303536], [4.756176, 52.304286], [4.757096, 52.303397]]]}}, {"type": "Feature", "properties": {"kind": "building", "h": 9.0, "name": ""}, "geometry": {"type": "Polygon", "coordinates": [[[4.750634, 52.317874], [4.750653, 52.317875], [4.750654, 52.317865], [4.750635, 52.317865], [4.750634, 52.317874]]]}}, {"type": "Feature", "properties": {"kind": "building", "h": 9.0, "name": ""}, "geometry": {"type": "Polygon", "coordinates": [[[4.776608, 52.322294], [4.776277, 52.322466], [4.776272, 52.322462], [4.776293, 52.322451], [4.776308, 52.322443], [4.776348, 52.322423], [4.776386, 52.322403], [4.776395, 52.322398], [4.776603, 52.32229], [4.776608, 52.322294]]]}}, {"type": "Feature", "properties": {"kind": "building", "h": 4.4, "name": "Schiphol Buffer"}, "geometry": {"type": "Polygon", "coordinates": [[[4.755549, 52.305813], [4.755781, 52.305757], [4.755721, 52.30566], [4.755486, 52.305716], [4.755549, 52.305813]]]}}, {"type": "Feature", "properties": {"kind": "building", "h": 9.0, "name": ""}, "geometry": {"type": "Polygon", "coordinates": [[[4.748878, 52.312628], [4.74892, 52.312574], [4.748994, 52.312536], [4.749088, 52.312519], [4.749185, 52.312528], [4.749267, 52.312559], [4.749319, 52.312607], [4.749336, 52.312662], [4.749317, 52.312718], [4.749263, 52.312764], [4.749185, 52.312794], [4.749093, 52.312802], [4.749014, 52.312791], [4.748946, 52.312764], [4.748898, 52.312725], [4.748874, 52.312678], [4.748878, 52.312628]]]}}, {"type": "Feature", "properties": {"kind": "building", "h": 9.0, "name": ""}, "geometry": {"type": "Polygon", "coordinates": [[[4.748347, 52.31265], [4.748389, 52.312596], [4.748463, 52.312557], [4.748557, 52.31254], [4.748654, 52.312549], [4.748736, 52.312581], [4.748788, 52.312628], [4.748805, 52.312683], [4.748786, 52.312739], [4.748732, 52.312785], [4.748653, 52.312815], [4.748562, 52.312824], [4.748483, 52.312813], [4.748415, 52.312786], [4.748367, 52.312746], [4.748343, 52.312699], [4.748347, 52.31265]]]}}, {"type": "Feature", "properties": {"kind": "building", "h": 9.0, "name": ""}, "geometry": {"type": "Polygon", "coordinates": [[[4.748919, 52.312961], [4.74896, 52.312907], [4.749035, 52.312869], [4.749128, 52.312852], [4.749225, 52.31286], [4.749307, 52.312892], [4.749359, 52.312939], [4.749377, 52.312995], [4.749357, 52.313051], [4.749304, 52.313097], [4.749225, 52.313127], [4.749133, 52.313135], [4.749054, 52.313124], [4.748987, 52.313097], [4.748938, 52.313058], [4.748914, 52.313011], [4.748919, 52.312961]]]}}, {"type": "Feature", "properties": {"kind": "building", "h": 9.0, "name": ""}, "geometry": {"type": "Polygon", "coordinates": [[[4.748385, 52.312981], [4.748426, 52.312927], [4.748501, 52.312888], [4.748595, 52.312872], [4.748691, 52.31288], [4.748774, 52.312912], [4.748825, 52.312959], [4.748843, 52.313015], [4.748823, 52.31307], [4.74877, 52.313116], [4.748691, 52.313146], [4.748599, 52.313155], [4.748521, 52.313144], [4.748453, 52.313117], [4.748404, 52.313077], [4.74838, 52.31303], [4.748385, 52.312981]]]}}, {"type": "Feature", "properties": {"kind": "building", "h": 9.0, "name": ""}, "geometry": {"type": "Polygon", "coordinates": [[[4.748945, 52.313284], [4.748987, 52.31323], [4.749061, 52.313192], [4.749155, 52.313175], [4.749252, 52.313183], [4.749334, 52.313215], [4.749386, 52.313263], [4.749403, 52.313318], [4.749384, 52.313373], [4.74933, 52.31342], [4.749252, 52.31345], [4.74916, 52.313458], [4.749081, 52.313447], [4.749013, 52.31342], [4.748965, 52.313381], [4.748941, 52.313334], [4.748945, 52.313284]]]}}, {"type": "Feature", "properties": {"kind": "building", "h": 9.0, "name": ""}, "geometry": {"type": "Polygon", "coordinates": [[[4.748416, 52.313297], [4.748458, 52.313243], [4.748532, 52.313204], [4.748626, 52.313187], [4.748722, 52.313196], [4.748805, 52.313228], [4.748856, 52.313275], [4.748874, 52.313331], [4.748854, 52.313386], [4.748801, 52.313432], [4.748722, 52.313462], [4.74863, 52.313471], [4.748552, 52.31346], [4.748484, 52.313433], [4.748435, 52.313393], [4.748412, 52.313346], [4.748416, 52.313297]]]}}, {"type": "Feature", "properties": {"kind": "building", "h": 9.0, "name": ""}, "geometry": {"type": "Polygon", "coordinates": [[[4.756281, 52.307173], [4.756074, 52.307375], [4.756189, 52.307419], [4.756231, 52.307435], [4.756383, 52.307494], [4.756295, 52.307582], [4.756142, 52.307526], [4.756095, 52.30751], [4.755229, 52.307196], [4.75505, 52.307207], [4.754914, 52.307216], [4.754888, 52.307216], [4.75487, 52.307215], [4.754857, 52.307214], [4.754849, 52.307212], [4.754842, 52.307209], [4.754791, 52.307161], [4.754693, 52.307072], [4.754637, 52.30699], [4.754548, 52.306777], [4.754549, 52.306769], [4.754552, 52.30676], [4.754557, 52.306753], [4.754565, 52.306746], [4.754575, 52.30674], [4.754633, 52.306718], [4.754699, 52.306694], [4.754776, 52.306671], [4.754856, 52.30665], [4.754937, 52.306632], [4.755141, 52.306604], [4.75519, 52.3066], [4.755214, 52.306598], [4.755239, 52.306596], [4.755252, 52.306596], [4.755264, 52.306598], [4.755276, 52.306601], [4.755286, 52.306606], [4.755294, 52.306612], [4.755325, 52.306641], [4.755353, 52.306671], [4.75538, 52.306701], [4.755405, 52.306733], [4.755428, 52.306764], [4.755443, 52.306787], [4.755463, 52.306808], [4.755486, 52.306828], [4.755514, 52.306845], [4.755546, 52.30686], [4.75558, 52.306873], [4.755988, 52.307029], [4.756206, 52.307113], [4.756269, 52.307137], [4.756278, 52.307142], [4.756285, 52.30715], [4.756288, 52.307157], [4.756286, 52.307165], [4.756281, 52.307173]]]}}, {"type": "Feature", "properties": {"kind": "building", "h": 5.8, "name": ""}, "geometry": {"type": "Polygon", "coordinates": [[[4.744559, 52.309351], [4.744734, 52.309346], [4.744729, 52.309216], [4.744553, 52.309219], [4.744559, 52.309351]]]}}, {"type": "Feature", "properties": {"kind": "building", "h": 3.1, "name": "Skihut"}, "geometry": {"type": "Polygon", "coordinates": [[[4.74417, 52.306653], [4.744339, 52.306648], [4.744329, 52.306516], [4.74416, 52.306521], [4.74417, 52.306653]]]}}, {"type": "Feature", "properties": {"kind": "building", "h": 6.7, "name": "Schiphol Mortuary"}, "geometry": {"type": "Polygon", "coordinates": [[[4.75612, 52.309726], [4.755467, 52.309473], [4.755413, 52.309514], [4.756081, 52.30986], [4.7561, 52.309864], [4.756114, 52.309855], [4.756118, 52.309811], [4.756119, 52.309788], [4.75612, 52.309726]]]}}, {"type": "Feature", "properties": {"kind": "building", "h": 9.0, "name": "Sleepdienst"}, "geometry": {"type": "Polygon", "coordinates": [[[4.751631, 52.311068], [4.751722, 52.310971], [4.751958, 52.311073], [4.751915, 52.311107], [4.75187, 52.31116], [4.751631, 52.311068]]]}}, {"type": "Feature", "properties": {"kind": "building", "h": 9.0, "name": ""}, "geometry": {"type": "Polygon", "coordinates": [[[4.754563, 52.303768], [4.754619, 52.303713], [4.754658, 52.303726], [4.754601, 52.30378], [4.754563, 52.303768]]]}}, {"type": "Feature", "properties": {"kind": "building", "h": 4.6, "name": ""}, "geometry": {"type": "Polygon", "coordinates": [[[4.763165, 52.306058], [4.763132, 52.30609], [4.76284, 52.305976], [4.762873, 52.305944], [4.763165, 52.306058]]]}}, {"type": "Feature", "properties": {"kind": "building", "h": 9.0, "name": ""}, "geometry": {"type": "Polygon", "coordinates": [[[4.764835, 52.307241], [4.76489, 52.307239], [4.764914, 52.307499], [4.764879, 52.3075], [4.764809, 52.307503], [4.764739, 52.307505], [4.764714, 52.307245], [4.764768, 52.307243], [4.764835, 52.307241]]]}}, {"type": "Feature", "properties": {"kind": "building", "h": 6.4, "name": ""}, "geometry": {"type": "Polygon", "coordinates": [[[4.751824, 52.299744], [4.751689, 52.299876], [4.751637, 52.299856], [4.751772, 52.299724], [4.751824, 52.299744]]]}}, {"type": "Feature", "properties": {"kind": "building", "h": 9.0, "name": ""}, "geometry": {"type": "Polygon", "coordinates": [[[4.752556, 52.313418], [4.752468, 52.313434], [4.752455, 52.31341], [4.752543, 52.313393], [4.752556, 52.313418]]]}}, {"type": "Feature", "properties": {"kind": "building", "h": 3.0, "name": ""}, "geometry": {"type": "Polygon", "coordinates": [[[4.75305, 52.31463], [4.753056, 52.314567], [4.753227, 52.314573], [4.753227, 52.314577], [4.753226, 52.314581], [4.753221, 52.314636], [4.75305, 52.31463]]]}}, {"type": "Feature", "properties": {"kind": "building", "h": 9.0, "name": ""}, "geometry": {"type": "Polygon", "coordinates": [[[4.756613, 52.306832], [4.756926, 52.30695], [4.756987, 52.306889], [4.756678, 52.306768], [4.756613, 52.306832]]]}}, {"type": "Feature", "properties": {"kind": "building", "h": 9.0, "name": "P1 Extensie"}, "geometry": {"type": "Polygon", "coordinates": [[[4.755708, 52.306688], [4.756464, 52.306977], [4.756613, 52.306832], [4.756678, 52.306768], [4.756937, 52.306515], [4.756864, 52.306487], [4.756918, 52.306434], [4.756629, 52.306324], [4.756567, 52.306385], [4.756494, 52.306357], [4.756441, 52.306409], [4.756273, 52.306345], [4.755594, 52.306497], [4.755708, 52.306688]]]}}, {"type": "Feature", "properties": {"kind": "building", "h": 9.0, "name": "A-pier"}, "geometry": {"type": "Polygon", "coordinates": [[[4.757125, 52.304275], [4.756797, 52.304597], [4.757439, 52.304842], [4.75824, 52.304057], [4.758071, 52.303992], [4.75853, 52.303543], [4.758565, 52.303508], [4.758672, 52.303404], [4.758994, 52.303088], [4.759173, 52.303157], [4.759153, 52.303177], [4.759193, 52.303192], [4.759184, 52.303201], [4.759264, 52.303232], [4.759388, 52.303109], [4.759308, 52.303079], [4.759089, 52.302995], [4.75932, 52.302768], [4.7595, 52.302837], [4.759479, 52.302857], [4.759519, 52.302873], [4.759511, 52.302881], [4.75959, 52.302912], [4.759715, 52.30279], [4.759634, 52.302759], [4.759416, 52.302675], [4.759671, 52.302425], [4.759847, 52.302492], [4.759827, 52.302512], [4.759867, 52.302528], [4.759858, 52.302537], [4.759938, 52.302567], [4.760062, 52.302445], [4.759982, 52.302414], [4.759766, 52.302332], [4.75998, 52.302123], [4.760149, 52.302187], [4.760126, 52.30221], [4.760254, 52.302259], [4.760419, 52.302097], [4.760292, 52.302048], [4.76027, 52.30207], [4.7601, 52.302005], [4.760152, 52.301954], [4.759669, 52.30177], [4.759334, 52.302097], [4.759123, 52.302017], [4.759147, 52.301993], [4.759018, 52.301944], [4.758832, 52.302126], [4.758957, 52.302174], [4.758978, 52.302153], [4.759193, 52.302235], [4.758643, 52.302774], [4.758442, 52.302697], [4.758466, 52.302673], [4.758337, 52.302624], [4.75815, 52.302806], [4.758276, 52.302854], [4.758297, 52.302833], [4.758502, 52.302912], [4.758152, 52.303255], [4.758094, 52.303312], [4.758049, 52.303356], [4.757959, 52.303444], [4.757808, 52.303386], [4.757754, 52.303365], [4.757778, 52.303342], [4.757649, 52.303292], [4.757463, 52.303475], [4.757588, 52.303523], [4.757609, 52.303502], [4.757669, 52.303525], [4.757818, 52.303582], [4.757269, 52.30412], [4.757214, 52.304099], [4.75706, 52.30425], [4.757125, 52.304275]]]}}, {"type": "Feature", "properties": {"kind": "terminal", "h": 18.0, "name": ""}, "geometry": {"type": "Polygon", "coordinates": [[[4.75832, 52.311379], [4.759095, 52.311406], [4.759097, 52.311376], [4.759119, 52.311135], [4.759126, 52.311063], [4.759139, 52.310923], [4.758364, 52.310896], [4.758356, 52.31099], [4.757517, 52.310962], [4.757509, 52.311049], [4.758348, 52.311077], [4.758345, 52.311104], [4.758325, 52.311329], [4.75832, 52.311379]]]}}, {"type": "Feature", "properties": {"kind": "building", "h": 9.0, "name": ""}, "geometry": {"type": "Polygon", "coordinates": [[[4.773347, 52.319588], [4.773273, 52.319517], [4.773379, 52.319476], [4.773453, 52.319547], [4.773347, 52.319588]]]}}, {"type": "Feature", "properties": {"kind": "building", "h": 9.0, "name": ""}, "geometry": {"type": "Polygon", "coordinates": [[[4.773308, 52.319629], [4.773339, 52.319616], [4.773387, 52.319661], [4.773372, 52.319668], [4.773357, 52.319674], [4.773308, 52.319629]]]}}, {"type": "Feature", "properties": {"kind": "terminal", "h": 18.0, "name": "AB-link"}, "geometry": {"type": "Polygon", "coordinates": [[[4.761648, 52.304713], [4.761524, 52.304665], [4.761353, 52.304598], [4.761273, 52.304567], [4.761179, 52.30453], [4.76109, 52.304495], [4.760858, 52.304405], [4.760475, 52.304255], [4.759994, 52.304067], [4.758565, 52.303508], [4.758672, 52.303404], [4.759221, 52.303624], [4.759267, 52.303642], [4.759844, 52.303873], [4.759984, 52.303929], [4.760699, 52.304216], [4.760754, 52.304236], [4.761623, 52.304567], [4.761744, 52.304613], [4.761648, 52.304713]]]}}, {"type": "Feature", "properties": {"kind": "terminal", "h": 18.0, "name": "Temporary BC-link"}, "geometry": {"type": "Polygon", "coordinates": [[[4.761587, 52.305251], [4.761727, 52.305302], [4.764855, 52.306454], [4.765021, 52.306515], [4.765145, 52.306385], [4.765047, 52.30635], [4.764927, 52.306305], [4.763928, 52.305936], [4.762817, 52.305526], [4.761859, 52.305172], [4.761707, 52.305116], [4.761587, 52.305251]]]}}, {"type": "Feature", "properties": {"kind": "building", "h": 21.8, "name": ""}, "geometry": {"type": "Polygon", "coordinates": [[[4.749573, 52.30579], [4.749999, 52.305954], [4.750193, 52.305906], [4.750176, 52.305895], [4.750281, 52.305793], [4.750534, 52.30589], [4.750551, 52.305889], [4.750552, 52.305854], [4.751051, 52.305844], [4.751059, 52.305837], [4.751267, 52.305634], [4.750875, 52.305483], [4.751016, 52.305346], [4.750945, 52.305318], [4.751121, 52.305203], [4.751026, 52.305166], [4.75064, 52.305017], [4.750644, 52.305013], [4.75067, 52.304987], [4.750549, 52.30494], [4.750484, 52.304915], [4.750475, 52.304912], [4.750476, 52.30491], [4.75047, 52.304908], [4.750468, 52.304907], [4.750446, 52.304928], [4.750301, 52.30507], [4.750211, 52.305036], [4.75007, 52.305173], [4.750063, 52.30517], [4.749698, 52.305526], [4.749573, 52.30579]]]}}, {"type": "Feature", "properties": {"kind": "building", "h": 9.0, "name": ""}, "geometry": {"type": "Polygon", "coordinates": [[[4.763476, 52.306174], [4.763569, 52.306086], [4.763976, 52.306242], [4.763876, 52.306331], [4.763476, 52.306174]]]}}, {"type": "Feature", "properties": {"kind": "building", "h": 6.7, "name": ""}, "geometry": {"type": "Polygon", "coordinates": [[[4.754338, 52.303999], [4.754311, 52.304025], [4.754274, 52.304011], [4.754251, 52.304033], [4.754211, 52.304018], [4.754189, 52.30404], [4.753814, 52.303895], [4.753886, 52.303825], [4.754338, 52.303999]]]}}, {"type": "Feature", "properties": {"kind": "building", "h": 9.0, "name": ""}, "geometry": {"type": "Polygon", "coordinates": [[[4.75908, 52.305574], [4.759106, 52.305548], [4.759156, 52.305566], [4.759133, 52.305592], [4.75908, 52.305574]]]}}, {"type": "Feature", "properties": {"kind": "building", "h": 5.4, "name": ""}, "geometry": {"type": "Polygon", "coordinates": [[[4.757784, 52.293892], [4.757685, 52.293854], [4.757783, 52.293759], [4.757882, 52.293797], [4.757784, 52.293892]]]}}, {"type": "Feature", "properties": {"kind": "building", "h": 3.3, "name": ""}, "geometry": {"type": "Polygon", "coordinates": [[[4.751778, 52.304093], [4.751824, 52.304046], [4.751863, 52.30406], [4.751816, 52.304107], [4.751778, 52.304093]]]}}, {"type": "Feature", "properties": {"kind": "building", "h": 4.2, "name": ""}, "geometry": {"type": "Polygon", "coordinates": [[[4.754548, 52.306007], [4.754508, 52.305943], [4.754673, 52.305904], [4.754713, 52.305968], [4.754548, 52.306007]]]}}, {"type": "Feature", "properties": {"kind": "building", "h": 9.0, "name": ""}, "geometry": {"type": "Polygon", "coordinates": [[[4.75426, 52.30857], [4.754225, 52.308564], [4.754235, 52.308542], [4.75427, 52.308548], [4.75426, 52.30857]]]}}, {"type": "Feature", "properties": {"kind": "building", "h": 3.0, "name": ""}, "geometry": {"type": "Polygon", "coordinates": [[[4.758955, 52.308936], [4.758995, 52.308951], [4.758971, 52.308975], [4.758931, 52.30896], [4.758955, 52.308936]]]}}, {"type": "Feature", "properties": {"kind": "building", "h": 3.8, "name": "Doorlaatpost 58"}, "geometry": {"type": "Polygon", "coordinates": [[[4.759818, 52.305099], [4.75974, 52.305068], [4.7599, 52.30491], [4.759939, 52.304872], [4.760002, 52.30481], [4.760079, 52.30484], [4.759818, 52.305099]]]}}, {"type": "Feature", "properties": {"kind": "building", "h": 9.0, "name": ""}, "geometry": {"type": "Polygon", "coordinates": [[[4.75916, 52.310796], [4.759166, 52.310734], [4.759171, 52.310684], [4.759382, 52.310692], [4.759371, 52.310804], [4.75916, 52.310796]]]}}, {"type": "Feature", "properties": {"kind": "building", "h": 9.0, "name": ""}, "geometry": {"type": "Polygon", "coordinates": [[[4.762248, 52.308584], [4.762172, 52.308555], [4.762388, 52.308345], [4.762464, 52.308374], [4.762248, 52.308584]]]}}, {"type": "Feature", "properties": {"kind": "building", "h": 9.0, "name": ""}, "geometry": {"type": "Polygon", "coordinates": [[[4.761874, 52.308951], [4.761798, 52.308922], [4.762125, 52.308602], [4.762201, 52.308631], [4.761874, 52.308951]]]}}, {"type": "Feature", "properties": {"kind": "building", "h": 9.0, "name": ""}, "geometry": {"type": "Polygon", "coordinates": [[[4.761826, 52.308995], [4.761751, 52.308967], [4.761475, 52.309238], [4.76155, 52.309267], [4.761826, 52.308995]]]}}, {"type": "Feature", "properties": {"kind": "building", "h": 9.0, "name": ""}, "geometry": {"type": "Polygon", "coordinates": [[[4.761327, 52.309177], [4.761287, 52.309162], [4.761559, 52.308893], [4.761598, 52.308908], [4.761327, 52.309177]]]}}, {"type": "Feature", "properties": {"kind": "building", "h": 9.0, "name": ""}, "geometry": {"type": "Polygon", "coordinates": [[[4.761933, 52.308527], [4.761975, 52.308543], [4.76165, 52.308862], [4.761608, 52.308847], [4.761933, 52.308527]]]}}, {"type": "Feature", "properties": {"kind": "building", "h": 9.0, "name": ""}, "geometry": {"type": "Polygon", "coordinates": [[[4.761982, 52.308481], [4.762022, 52.308496], [4.762236, 52.308287], [4.762196, 52.308272], [4.761982, 52.308481]]]}}, {"type": "Feature", "properties": {"kind": "building", "h": 9.0, "name": ""}, "geometry": {"type": "Polygon", "coordinates": [[[4.774854, 52.294147], [4.774907, 52.294145], [4.774903, 52.294114], [4.774875, 52.294115], [4.77485, 52.294117], [4.774854, 52.294147]]]}}, {"type": "Feature", "properties": {"kind": "building", "h": 9.0, "name": ""}, "geometry": {"type": "Polygon", "coordinates": [[[4.774911, 52.293771], [4.774996, 52.293769], [4.774993, 52.293718], [4.774908, 52.29372], [4.774911, 52.293771]]]}}, {"type": "Feature", "properties": {"kind": "building", "h": 9.0, "name": ""}, "geometry": {"type": "Polygon", "coordinates": [[[4.750956, 52.304158], [4.751169, 52.303949], [4.751616, 52.304035], [4.751407, 52.30423], [4.751392, 52.304245], [4.750956, 52.304158]]]}}, {"type": "Feature", "properties": {"kind": "building", "h": 4.8, "name": ""}, "geometry": {"type": "Polygon", "coordinates": [[[4.772939, 52.311858], [4.772887, 52.311861], [4.772882, 52.311819], [4.772934, 52.311816], [4.772939, 52.311858]]]}}, {"type": "Feature", "properties": {"kind": "building", "h": 9.0, "name": ""}, "geometry": {"type": "Polygon", "coordinates": [[[4.744777, 52.301303], [4.744338, 52.30157], [4.744335, 52.301566], [4.744009, 52.301047], [4.744006, 52.301043], [4.744042, 52.30102], [4.744777, 52.301303]]]}}, {"type": "Feature", "properties": {"kind": "building", "h": 9.0, "name": ""}, "geometry": {"type": "Polygon", "coordinates": [[[4.751778, 52.304047], [4.751694, 52.304015], [4.751722, 52.303987], [4.751806, 52.304019], [4.751778, 52.304047]]]}}, {"type": "Feature", "properties": {"kind": "building", "h": 5.5, "name": ""}, "geometry": {"type": "Polygon", "coordinates": [[[4.774209, 52.300393], [4.774166, 52.300395], [4.774167, 52.300404], [4.774093, 52.300406], [4.774092, 52.300397], [4.773701, 52.30041], [4.773698, 52.300378], [4.773696, 52.300353], [4.773777, 52.300351], [4.773789, 52.30035], [4.773782, 52.300265], [4.773922, 52.30026], [4.773944, 52.30026], [4.774107, 52.300254], [4.774197, 52.300252], [4.774209, 52.300393]]]}}, {"type": "Feature", "properties": {"kind": "building", "h": 9.0, "name": ""}, "geometry": {"type": "Polygon", "coordinates": [[[4.746038, 52.318157], [4.746086, 52.318158], [4.746083, 52.318186], [4.746036, 52.318185], [4.746038, 52.318157]]]}}, {"type": "Feature", "properties": {"kind": "building", "h": 9.0, "name": ""}, "geometry": {"type": "Polygon", "coordinates": [[[4.755019, 52.305273], [4.75475, 52.305173], [4.754834, 52.305088], [4.755103, 52.305188], [4.755019, 52.305273]]]}}, {"type": "Feature", "properties": {"kind": "building", "h": 9.0, "name": ""}, "geometry": {"type": "Polygon", "coordinates": [[[4.75174, 52.311264], [4.75174, 52.311214], [4.751838, 52.311215], [4.751837, 52.311264], [4.75174, 52.311264]]]}}, {"type": "Feature", "properties": {"kind": "building", "h": 9.0, "name": ""}, "geometry": {"type": "Polygon", "coordinates": [[[4.752489, 52.312172], [4.75249, 52.312145], [4.752571, 52.312145], [4.75257, 52.312173], [4.752543, 52.312173], [4.752489, 52.312172]]]}}, {"type": "Feature", "properties": {"kind": "building", "h": 9.0, "name": ""}, "geometry": {"type": "Polygon", "coordinates": [[[4.755218, 52.302467], [4.755144, 52.302492], [4.755098, 52.30244], [4.755172, 52.302415], [4.755218, 52.302467]]]}}, {"type": "Feature", "properties": {"kind": "building", "h": 9.0, "name": ""}, "geometry": {"type": "Polygon", "coordinates": [[[4.752283, 52.303333], [4.752317, 52.303337], [4.752345, 52.303349], [4.752364, 52.303367], [4.75237, 52.303387], [4.752364, 52.303408], [4.752343, 52.303427], [4.752311, 52.303438], [4.752274, 52.303441], [4.752239, 52.303435], [4.752213, 52.303422], [4.752197, 52.303404], [4.752193, 52.303383], [4.752201, 52.303363], [4.752222, 52.303347], [4.75225, 52.303336], [4.752283, 52.303333]]]}}, {"type": "Feature", "properties": {"kind": "building", "h": 9.0, "name": ""}, "geometry": {"type": "Polygon", "coordinates": [[[4.754709, 52.304546], [4.754677, 52.304578], [4.75462, 52.304556], [4.754602, 52.30455], [4.754581, 52.304542], [4.754564, 52.304536], [4.754526, 52.304521], [4.754557, 52.304489], [4.754709, 52.304546]]]}}, {"type": "Feature", "properties": {"kind": "building", "h": 3.7, "name": ""}, "geometry": {"type": "Polygon", "coordinates": [[[4.750677, 52.300117], [4.75079, 52.30016], [4.751002, 52.299953], [4.750889, 52.29991], [4.750677, 52.300117]]]}}, {"type": "Feature", "properties": {"kind": "building", "h": 9.0, "name": ""}, "geometry": {"type": "Polygon", "coordinates": [[[4.761527, 52.313323], [4.761307, 52.313444], [4.761348, 52.313472], [4.761296, 52.313501], [4.761197, 52.313434], [4.761469, 52.313284], [4.761527, 52.313323]]]}}, {"type": "Feature", "properties": {"kind": "building", "h": 9.0, "name": ""}, "geometry": {"type": "Polygon", "coordinates": [[[4.762035, 52.313422], [4.762157, 52.313398], [4.762009, 52.313118], [4.761887, 52.313142], [4.762035, 52.313422]]]}}, {"type": "Feature", "properties": {"kind": "building", "h": 9.0, "name": ""}, "geometry": {"type": "Polygon", "coordinates": [[[4.762605, 52.313251], [4.762701, 52.313194], [4.762892, 52.313315], [4.762796, 52.313372], [4.762605, 52.313251]]]}}, {"type": "Feature", "properties": {"kind": "building", "h": 9.0, "name": ""}, "geometry": {"type": "Polygon", "coordinates": [[[4.762925, 52.31275], [4.762893, 52.312674], [4.762282, 52.312772], [4.762314, 52.312847], [4.762925, 52.31275]]]}}, {"type": "Feature", "properties": {"kind": "building", "h": 9.0, "name": ""}, "geometry": {"type": "Polygon", "coordinates": [[[4.761135, 52.312878], [4.761333, 52.312922], [4.761362, 52.312873], [4.761164, 52.312829], [4.761135, 52.312878]]]}}, {"type": "Feature", "properties": {"kind": "building", "h": 9.0, "name": ""}, "geometry": {"type": "Polygon", "coordinates": [[[4.761349, 52.312348], [4.761414, 52.312351], [4.761418, 52.312307], [4.761694, 52.312317], [4.761699, 52.312262], [4.761359, 52.31225], [4.761349, 52.312348]]]}}, {"type": "Feature", "properties": {"kind": "building", "h": 9.0, "name": ""}, "geometry": {"type": "Polygon", "coordinates": [[[4.76214, 52.312104], [4.762451, 52.312115], [4.762457, 52.312046], [4.762146, 52.312036], [4.76214, 52.312104]]]}}, {"type": "Feature", "properties": {"kind": "building", "h": 9.0, "name": ""}, "geometry": {"type": "Polygon", "coordinates": [[[4.756226, 52.304481], [4.756387, 52.304541], [4.755955, 52.304975], [4.755794, 52.304915], [4.756226, 52.304481]]]}}, {"type": "Feature", "properties": {"kind": "building", "h": 9.0, "name": ""}, "geometry": {"type": "Polygon", "coordinates": [[[4.756235, 52.305126], [4.756318, 52.30504], [4.756639, 52.305158], [4.756556, 52.305243], [4.756235, 52.305126]]]}}, {"type": "Feature", "properties": {"kind": "building", "h": 9.0, "name": ""}, "geometry": {"type": "Polygon", "coordinates": [[[4.757755, 52.305432], [4.75799, 52.305521], [4.758088, 52.305424], [4.757854, 52.305335], [4.757755, 52.305432]]]}}, {"type": "Feature", "properties": {"kind": "building", "h": 9.0, "name": ""}, "geometry": {"type": "Polygon", "coordinates": [[[4.760669, 52.306241], [4.761595, 52.3066], [4.761701, 52.306498], [4.760775, 52.306138], [4.760669, 52.306241]]]}}, {"type": "Feature", "properties": {"kind": "building", "h": 9.0, "name": ""}, "geometry": {"type": "Polygon", "coordinates": [[[4.761731, 52.306657], [4.762346, 52.306883], [4.762454, 52.306774], [4.761839, 52.306548], [4.761731, 52.306657]]]}}, {"type": "Feature", "properties": {"kind": "building", "h": 9.0, "name": ""}, "geometry": {"type": "Polygon", "coordinates": [[[4.749618, 52.300625], [4.749706, 52.300538], [4.749964, 52.300637], [4.749876, 52.300723], [4.749618, 52.300625]]]}}, {"type": "Feature", "properties": {"kind": "building", "h": 9.0, "name": ""}, "geometry": {"type": "Polygon", "coordinates": [[[4.76166, 52.308513], [4.761476, 52.308429], [4.760881, 52.309029], [4.761107, 52.309107], [4.76166, 52.308513]]]}}, {"type": "Feature", "properties": {"kind": "building", "h": 9.0, "name": ""}, "geometry": {"type": "Polygon", "coordinates": [[[4.759105, 52.292643], [4.758928, 52.292817], [4.758878, 52.292865], [4.758925, 52.292883], [4.759002, 52.292913], [4.759027, 52.292922], [4.759088, 52.292862], [4.759299, 52.292656], [4.759274, 52.292646], [4.759196, 52.292617], [4.75915, 52.292599], [4.759105, 52.292643]]]}}, {"type": "Feature", "properties": {"kind": "building", "h": 9.0, "name": ""}, "geometry": {"type": "Polygon", "coordinates": [[[4.758287, 52.293944], [4.758335, 52.293897], [4.758373, 52.293912], [4.758325, 52.293958], [4.758287, 52.293944]]]}}, {"type": "Feature", "properties": {"kind": "building", "h": 9.0, "name": ""}, "geometry": {"type": "Polygon", "coordinates": [[[4.759533, 52.292773], [4.759559, 52.292783], [4.759578, 52.292798], [4.759588, 52.292816], [4.759588, 52.292834], [4.759579, 52.292852], [4.75956, 52.292867], [4.759535, 52.292877], [4.759505, 52.292882], [4.759475, 52.292881], [4.759447, 52.292873], [4.759424, 52.292861], [4.759409, 52.292844], [4.759404, 52.292826], [4.759409, 52.292807], [4.759423, 52.292791], [4.759445, 52.292778], [4.759473, 52.29277], [4.759503, 52.292769], [4.759533, 52.292773]]]}}, {"type": "Feature", "properties": {"kind": "building", "h": 9.0, "name": ""}, "geometry": {"type": "Polygon", "coordinates": [[[4.757308, 52.29328], [4.757342, 52.293246], [4.757356, 52.293233], [4.757503, 52.293289], [4.757455, 52.293336], [4.757308, 52.29328]]]}}, {"type": "Feature", "properties": {"kind": "building", "h": 9.0, "name": ""}, "geometry": {"type": "Polygon", "coordinates": [[[4.764005, 52.292968], [4.76397, 52.293014], [4.763968, 52.293019], [4.76397, 52.293022], [4.763974, 52.293025], [4.763978, 52.293027], [4.763984, 52.293028], [4.76399, 52.293027], [4.763995, 52.293025], [4.763999, 52.293023], [4.764049, 52.292984], [4.764033, 52.292971], [4.764005, 52.292968]]]}}, {"type": "Feature", "properties": {"kind": "terminal", "h": 9.0, "name": ""}, "geometry": {"type": "Polygon", "coordinates": [[[4.761869, 52.305818], [4.761776, 52.305905], [4.761797, 52.305913], [4.76235, 52.306131], [4.762251, 52.306226], [4.762798, 52.306442], [4.762902, 52.306343], [4.764545, 52.306973], [4.764719, 52.306802], [4.764244, 52.30673], [4.761869, 52.305818]]]}}, {"type": "Feature", "properties": {"kind": "building", "h": 9.0, "name": ""}, "geometry": {"type": "Polygon", "coordinates": [[[4.751003, 52.306801], [4.75199, 52.306857], [4.751995, 52.306829], [4.752052, 52.306832], [4.752067, 52.306756], [4.752007, 52.306751], [4.752057, 52.306398], [4.751793, 52.306384], [4.751212, 52.30635], [4.75106, 52.30642], [4.751051, 52.306475], [4.751003, 52.306801]]]}}, {"type": "Feature", "properties": {"kind": "building", "h": 4.7, "name": ""}, "geometry": {"type": "Polygon", "coordinates": [[[4.749625, 52.300616], [4.749818, 52.30069], [4.749868, 52.300641], [4.749675, 52.300567], [4.749625, 52.300616]]]}}, {"type": "Feature", "properties": {"kind": "building", "h": 9.0, "name": ""}, "geometry": {"type": "Polygon", "coordinates": [[[4.773662, 52.300261], [4.773665, 52.300327], [4.773755, 52.300325], [4.773751, 52.300259], [4.773662, 52.300261]]]}}, {"type": "Feature", "properties": {"kind": "building", "h": 9.0, "name": ""}, "geometry": {"type": "Polygon", "coordinates": [[[4.774755, 52.29987], [4.774789, 52.299853], [4.77482, 52.299875], [4.774786, 52.299893], [4.774755, 52.29987]]]}}, {"type": "Feature", "properties": {"kind": "building", "h": 9.0, "name": ""}, "geometry": {"type": "Polygon", "coordinates": [[[4.744592, 52.304977], [4.744593, 52.304909], [4.744646, 52.304909], [4.744645, 52.304977], [4.744592, 52.304977]]]}}, {"type": "Feature", "properties": {"kind": "building", "h": 3.7, "name": "Baanstation J"}, "geometry": {"type": "Polygon", "coordinates": [[[4.758479, 52.293684], [4.758641, 52.293746], [4.758821, 52.293572], [4.75866, 52.29351], [4.758479, 52.293684]]]}}, {"type": "Feature", "properties": {"kind": "building", "h": 9.0, "name": ""}, "geometry": {"type": "Polygon", "coordinates": [[[4.750681, 52.306994], [4.750539, 52.306951], [4.7507, 52.306749], [4.750843, 52.306792], [4.750681, 52.306994]]]}}, {"type": "Feature", "properties": {"kind": "runway", "ref": "18L/36R", "w": 45.0, "name": "Aalsmeerbaan"}, "geometry": {"type": "LineString", "coordinates": [[4.779691, 52.31614], [4.779677, 52.315992], [4.779622, 52.315403], [4.77945, 52.313553], [4.779406, 52.313077], [4.779349, 52.312464], [4.7789, 52.307631], [4.778611, 52.30452], [4.778472, 52.303022], [4.778306, 52.301162], [4.778212, 52.300199], [4.7779, 52.29687], [4.777844, 52.296224], [4.777385, 52.291317], [4.777344, 52.290884]]}}, {"type": "Feature", "properties": {"kind": "runway", "ref": "04/22", "w": 45.0, "name": "Oostbaan"}, "geometry": {"type": "LineString", "coordinates": [[4.783566, 52.300427], [4.784718, 52.301232], [4.785004, 52.301432], [4.790215, 52.305075], [4.790438, 52.305231], [4.790779, 52.305469], [4.795786, 52.308969], [4.795995, 52.309115], [4.796195, 52.309255], [4.799623, 52.31165], [4.799969, 52.311892], [4.802639, 52.313759], [4.803011, 52.314019]]}}, {"type": "Feature", "properties": {"kind": "runway", "ref": "18C/36C", "w": 45.0, "name": "Zwanenburgbaan"}, "geometry": {"type": "LineString", "coordinates": [[4.740035, 52.331396], [4.73997, 52.330695], [4.739747, 52.32827], [4.73934, 52.323845], [4.739227, 52.322618], [4.739088, 52.321109], [4.739026, 52.320432], [4.738933, 52.319428], [4.738842, 52.318434], [4.738662, 52.316474], [4.738392, 52.313542], [4.737948, 52.30871], [4.737682, 52.305822]]}}, {"type": "Feature", "properties": {"kind": "runway", "ref": "09/27", "w": 45.0, "name": "Buitenveldertbaan"}, "geometry": {"type": "LineString", "coordinates": [[4.747716, 52.316689], [4.749659, 52.316755], [4.764134, 52.317249], [4.766294, 52.317323], [4.768681, 52.317405], [4.776914, 52.317686], [4.778439, 52.317738], [4.778955, 52.317755], [4.77984, 52.317786], [4.783466, 52.317909], [4.795872, 52.318333], [4.796916, 52.318369]]}}, {"type": "Feature", "properties": {"kind": "runway", "ref": "18R/36L", "w": 60.0, "name": "Polderbaan"}, "geometry": {"type": "LineString", "coordinates": [[4.708835, 52.328579], [4.70888, 52.329064], [4.709352, 52.334246], [4.709404, 52.334813], [4.709583, 52.336779], [4.709896, 52.340208], [4.710191, 52.343445], [4.710383, 52.345527], [4.71144, 52.357146], [4.711723, 52.36025]]}}, {"type": "Feature", "properties": {"kind": "runway", "ref": "06/24", "w": 45.0, "name": "Kaagbaan"}, "geometry": {"type": "LineString", "coordinates": [[4.737248, 52.289117], [4.744186, 52.291782], [4.744813, 52.292023], [4.745594, 52.292323], [4.745788, 52.292397], [4.746176, 52.292546], [4.752944, 52.295146], [4.753261, 52.295268], [4.754212, 52.295633], [4.755487, 52.296123], [4.756349, 52.296454], [4.759277, 52.297579], [4.763748, 52.299296], [4.767097, 52.300583], [4.768332, 52.301057], [4.771579, 52.302304], [4.77346, 52.303026], [4.775728, 52.303898], [4.775901, 52.303964], [4.776334, 52.30413], [4.776973, 52.304375]]}}, {"type": "Feature", "properties": {"kind": "runway", "ref": "", "w": 45.0, "name": "Aalsmeerbaan"}, "geometry": {"type": "LineString", "coordinates": [[4.780162, 52.32133], [4.780143, 52.321115], [4.780123, 52.320871], [4.77984, 52.317786], [4.779709, 52.316344], [4.779691, 52.31614]]}}, {"type": "Feature", "properties": {"kind": "runway", "ref": "", "w": 45.0, "name": "Zwanenburgbaan"}, "geometry": {"type": "LineString", "coordinates": [[4.737318, 52.301778], [4.737368, 52.302336], [4.73753, 52.304131], [4.737575, 52.304628], [4.737682, 52.305822]]}}, {"type": "Feature", "properties": {"kind": "gate", "ref": "F7", "gtype": "gate"}, "geometry": {"type": "Point", "coordinates": [4.761224, 52.313384]}}, {"type": "Feature", "properties": {"kind": "gate", "ref": "F9", "gtype": "gate"}, "geometry": {"type": "Point", "coordinates": [4.762029, 52.313223]}}, {"type": "Feature", "properties": {"kind": "gate", "ref": "F8", "gtype": "gate"}, "geometry": {"type": "Point", "coordinates": [4.762689, 52.313256]}}, {"type": "Feature", "properties": {"kind": "gate", "ref": "F6", "gtype": "gate"}, "geometry": {"type": "Point", "coordinates": [4.762324, 52.312816]}}, {"type": "Feature", "properties": {"kind": "gate", "ref": "F4", "gtype": "gate"}, "geometry": {"type": "Point", "coordinates": [4.76218, 52.312075]}}, {"type": "Feature", "properties": {"kind": "gate", "ref": "F5", "gtype": "gate"}, "geometry": {"type": "Point", "coordinates": [4.761326, 52.312879]}}, {"type": "Feature", "properties": {"kind": "gate", "ref": "F2", "gtype": "gate"}, "geometry": {"type": "Point", "coordinates": [4.762287, 52.3114]}}, {"type": "Feature", "properties": {"kind": "gate", "ref": "F3", "gtype": "gate"}, "geometry": {"type": "Point", "coordinates": [4.761648, 52.312334]}}, {"type": "Feature", "properties": {"kind": "gate", "ref": "G2", "gtype": "gate"}, "geometry": {"type": "Point", "coordinates": [4.757475, 52.31158]}}, {"type": "Feature", "properties": {"kind": "gate", "ref": "G6", "gtype": "gate"}, "geometry": {"type": "Point", "coordinates": [4.757362, 52.312679]}}, {"type": "Feature", "properties": {"kind": "gate", "ref": "G8", "gtype": "gate"}, "geometry": {"type": "Point", "coordinates": [4.757298, 52.313338]}}, {"type": "Feature", "properties": {"kind": "gate", "ref": "G4", "gtype": "gate"}, "geometry": {"type": "Point", "coordinates": [4.757427, 52.312029]}}, {"type": "Feature", "properties": {"kind": "gate", "ref": "G3", "gtype": "gate"}, "geometry": {"type": "Point", "coordinates": [4.756769, 52.31185]}}, {"type": "Feature", "properties": {"kind": "gate", "ref": "G5", "gtype": "gate"}, "geometry": {"type": "Point", "coordinates": [4.756708, 52.312511]}}, {"type": "Feature", "properties": {"kind": "gate", "ref": "G7", "gtype": "gate"}, "geometry": {"type": "Point", "coordinates": [4.756649, 52.313171]}}, {"type": "Feature", "properties": {"kind": "gate", "ref": "G9", "gtype": "gate"}, "geometry": {"type": "Point", "coordinates": [4.756581, 52.313834]}}, {"type": "Feature", "properties": {"kind": "gate", "ref": "E2", "gtype": "gate"}, "geometry": {"type": "Point", "coordinates": [4.765264, 52.310265]}}, {"type": "Feature", "properties": {"kind": "gate", "ref": "E4", "gtype": "gate"}, "geometry": {"type": "Point", "coordinates": [4.765715, 52.310672]}}, {"type": "Feature", "properties": {"kind": "gate", "ref": "E5", "gtype": "gate"}, "geometry": {"type": "Point", "coordinates": [4.76602, 52.311482]}}, {"type": "Feature", "properties": {"kind": "gate", "ref": "E6", "gtype": "gate"}, "geometry": {"type": "Point", "coordinates": [4.76623, 52.311144]}}, {"type": "Feature", "properties": {"kind": "gate", "ref": "E7", "gtype": "gate"}, "geometry": {"type": "Point", "coordinates": [4.766487, 52.312137]}}, {"type": "Feature", "properties": {"kind": "gate", "ref": "E8", "gtype": "gate"}, "geometry": {"type": "Point", "coordinates": [4.766992, 52.311672]}}, {"type": "Feature", "properties": {"kind": "gate", "ref": "E9", "gtype": "gate"}, "geometry": {"type": "Point", "coordinates": [4.767013, 52.312652]}}, {"type": "Feature", "properties": {"kind": "gate", "ref": "E20", "gtype": "gate"}, "geometry": {"type": "Point", "coordinates": [4.768242, 52.312816]}}, {"type": "Feature", "properties": {"kind": "gate", "ref": "E17", "gtype": "gate"}, "geometry": {"type": "Point", "coordinates": [4.767657, 52.313223]}}, {"type": "Feature", "properties": {"kind": "gate", "ref": "E22", "gtype": "gate"}, "geometry": {"type": "Point", "coordinates": [4.768805, 52.313466]}}, {"type": "Feature", "properties": {"kind": "gate", "ref": "E19", "gtype": "gate"}, "geometry": {"type": "Point", "coordinates": [4.768354, 52.313797]}}, {"type": "Feature", "properties": {"kind": "gate", "ref": "E24", "gtype": "gate"}, "geometry": {"type": "Point", "coordinates": [4.769309, 52.313932]}}, {"type": "Feature", "properties": {"kind": "gate", "ref": "D3", "gtype": "gate"}, "geometry": {"type": "Point", "coordinates": [4.766784, 52.308879]}}, {"type": "Feature", "properties": {"kind": "gate", "ref": "D5", "gtype": "gate"}, "geometry": {"type": "Point", "coordinates": [4.767512, 52.308874]}}, {"type": "Feature", "properties": {"kind": "gate", "ref": "D7", "gtype": "gate"}, "geometry": {"type": "Point", "coordinates": [4.768349, 52.308841]}}, {"type": "Feature", "properties": {"kind": "gate", "ref": "D41", "gtype": "gate"}, "geometry": {"type": "Point", "coordinates": [4.76944, 52.30933]}}, {"type": "Feature", "properties": {"kind": "gate", "ref": "D43", "gtype": "gate"}, "geometry": {"type": "Point", "coordinates": [4.769933, 52.309707]}}, {"type": "Feature", "properties": {"kind": "gate", "ref": "D47", "gtype": "gate"}, "geometry": {"type": "Point", "coordinates": [4.770715, 52.309711]}}, {"type": "Feature", "properties": {"kind": "gate", "ref": "D49", "gtype": "gate"}, "geometry": {"type": "Point", "coordinates": [4.771278, 52.30969]}}, {"type": "Feature", "properties": {"kind": "gate", "ref": "D51", "gtype": "gate"}, "geometry": {"type": "Point", "coordinates": [4.772012, 52.309665]}}, {"type": "Feature", "properties": {"kind": "gate", "ref": "D53", "gtype": "gate"}, "geometry": {"type": "Point", "coordinates": [4.772742, 52.309632]}}, {"type": "Feature", "properties": {"kind": "gate", "ref": "D55", "gtype": "gate"}, "geometry": {"type": "Point", "coordinates": [4.773305, 52.309622]}}, {"type": "Feature", "properties": {"kind": "gate", "ref": "D57", "gtype": "gate"}, "geometry": {"type": "Point", "coordinates": [4.773956, 52.30961]}}, {"type": "Feature", "properties": {"kind": "gate", "ref": "D48", "gtype": "gate"}, "geometry": {"type": "Point", "coordinates": [4.771475, 52.309341]}}, {"type": "Feature", "properties": {"kind": "gate", "ref": "D56", "gtype": "gate"}, "geometry": {"type": "Point", "coordinates": [4.773375, 52.309278]}}, {"type": "Feature", "properties": {"kind": "gate", "ref": "D52", "gtype": "gate"}, "geometry": {"type": "Point", "coordinates": [4.772092, 52.30932]}}, {"type": "Feature", "properties": {"kind": "gate", "ref": "D2", "gtype": "gate"}, "geometry": {"type": "Point", "coordinates": [4.765886, 52.308399]}}, {"type": "Feature", "properties": {"kind": "gate", "ref": "D4", "gtype": "gate"}, "geometry": {"type": "Point", "coordinates": [4.766621, 52.308379]}}, {"type": "Feature", "properties": {"kind": "gate", "ref": "D10", "gtype": "gate"}, "geometry": {"type": "Point", "coordinates": [4.768837, 52.308172]}}, {"type": "Feature", "properties": {"kind": "gate", "ref": "D12", "gtype": "gate"}, "geometry": {"type": "Point", "coordinates": [4.769202, 52.30787]}}, {"type": "Feature", "properties": {"kind": "gate", "ref": "D14", "gtype": "gate"}, "geometry": {"type": "Point", "coordinates": [4.76952, 52.307544]}}, {"type": "Feature", "properties": {"kind": "gate", "ref": "D16", "gtype": "gate"}, "geometry": {"type": "Point", "coordinates": [4.769947, 52.307385]}}, {"type": "Feature", "properties": {"kind": "gate", "ref": "D18", "gtype": "gate"}, "geometry": {"type": "Point", "coordinates": [4.770575, 52.307365]}}, {"type": "Feature", "properties": {"kind": "gate", "ref": "D22", "gtype": "gate"}, "geometry": {"type": "Point", "coordinates": [4.771251, 52.307342]}}, {"type": "Feature", "properties": {"kind": "gate", "ref": "D28", "gtype": "gate"}, "geometry": {"type": "Point", "coordinates": [4.773128, 52.307283]}}, {"type": "Feature", "properties": {"kind": "gate", "ref": "D26", "gtype": "gate"}, "geometry": {"type": "Point", "coordinates": [4.772482, 52.307302]}}, {"type": "Feature", "properties": {"kind": "gate", "ref": "D24", "gtype": "gate"}, "geometry": {"type": "Point", "coordinates": [4.77186, 52.307319]}}, {"type": "Feature", "properties": {"kind": "gate", "ref": "D31", "gtype": "gate"}, "geometry": {"type": "Point", "coordinates": [4.773341, 52.307644]}}, {"type": "Feature", "properties": {"kind": "gate", "ref": "D27", "gtype": "gate"}, "geometry": {"type": "Point", "coordinates": [4.771996, 52.307677]}}, {"type": "Feature", "properties": {"kind": "gate", "ref": "D23", "gtype": "gate"}, "geometry": {"type": "Point", "coordinates": [4.77069, 52.307721]}}, {"type": "Feature", "properties": {"kind": "gate", "ref": "C5", "gtype": "gate"}, "geometry": {"type": "Point", "coordinates": [4.765663, 52.306275]}}, {"type": "Feature", "properties": {"kind": "gate", "ref": "C7", "gtype": "gate"}, "geometry": {"type": "Point", "coordinates": [4.766121, 52.305825]}}, {"type": "Feature", "properties": {"kind": "gate", "ref": "C9", "gtype": "gate"}, "geometry": {"type": "Point", "coordinates": [4.766983, 52.30534]}}, {"type": "Feature", "properties": {"kind": "gate", "ref": "C11", "gtype": "gate"}, "geometry": {"type": "Point", "coordinates": [4.767474, 52.305269]}}, {"type": "Feature", "properties": {"kind": "gate", "ref": "C13", "gtype": "gate"}, "geometry": {"type": "Point", "coordinates": [4.767388, 52.305036]}}, {"type": "Feature", "properties": {"kind": "gate", "ref": "C18", "gtype": "gate"}, "geometry": {"type": "Point", "coordinates": [4.766608, 52.304979]}}, {"type": "Feature", "properties": {"kind": "gate", "ref": "C16", "gtype": "gate"}, "geometry": {"type": "Point", "coordinates": [4.766329, 52.304687]}}, {"type": "Feature", "properties": {"kind": "gate", "ref": "C14", "gtype": "gate"}, "geometry": {"type": "Point", "coordinates": [4.766076, 52.304717]}}, {"type": "Feature", "properties": {"kind": "gate", "ref": "C12", "gtype": "gate"}, "geometry": {"type": "Point", "coordinates": [4.766101, 52.305066]}}, {"type": "Feature", "properties": {"kind": "gate", "ref": "C10", "gtype": "gate"}, "geometry": {"type": "Point", "coordinates": [4.76599, 52.305484]}}, {"type": "Feature", "properties": {"kind": "gate", "ref": "C8", "gtype": "gate"}, "geometry": {"type": "Point", "coordinates": [4.765602, 52.305905]}}, {"type": "Feature", "properties": {"kind": "gate", "ref": "C4", "gtype": "gate"}, "geometry": {"type": "Point", "coordinates": [4.764945, 52.306521]}}, {"type": "Feature", "properties": {"kind": "gate", "ref": "C6", "gtype": "gate"}, "geometry": {"type": "Point", "coordinates": [4.765261, 52.306209]}}, {"type": "Feature", "properties": {"kind": "gate", "ref": "B15", "gtype": "gate"}, "geometry": {"type": "Point", "coordinates": [4.762319, 52.304707]}}, {"type": "Feature", "properties": {"kind": "gate", "ref": "B17", "gtype": "gate"}, "geometry": {"type": "Point", "coordinates": [4.762647, 52.304374]}}, {"type": "Feature", "properties": {"kind": "gate", "ref": "B23", "gtype": "gate"}, "geometry": {"type": "Point", "coordinates": [4.762992, 52.304034]}}, {"type": "Feature", "properties": {"kind": "gate", "ref": "B27", "gtype": "gate"}, "geometry": {"type": "Point", "coordinates": [4.763319, 52.303687]}}, {"type": "Feature", "properties": {"kind": "gate", "ref": "B31", "gtype": "gate"}, "geometry": {"type": "Point", "coordinates": [4.763679, 52.303359]}}, {"type": "Feature", "properties": {"kind": "gate", "ref": "B35", "gtype": "gate"}, "geometry": {"type": "Point", "coordinates": [4.763897, 52.303093]}}, {"type": "Feature", "properties": {"kind": "gate", "ref": "B16", "gtype": "gate"}, "geometry": {"type": "Point", "coordinates": [4.761734, 52.30449]}}, {"type": "Feature", "properties": {"kind": "gate", "ref": "B20", "gtype": "gate"}, "geometry": {"type": "Point", "coordinates": [4.76202, 52.304224]}}, {"type": "Feature", "properties": {"kind": "gate", "ref": "B24", "gtype": "gate"}, "geometry": {"type": "Point", "coordinates": [4.762311, 52.303952]}}, {"type": "Feature", "properties": {"kind": "gate", "ref": "B28", "gtype": "gate"}, "geometry": {"type": "Point", "coordinates": [4.76259, 52.303683]}}, {"type": "Feature", "properties": {"kind": "gate", "ref": "H7", "gtype": "gate"}, "geometry": {"type": "Point", "coordinates": [4.752746, 52.309381]}}, {"type": "Feature", "properties": {"kind": "gate", "ref": "H3", "gtype": "gate"}, "geometry": {"type": "Point", "coordinates": [4.754891, 52.310204]}}, {"type": "Feature", "properties": {"kind": "gate", "ref": "H4", "gtype": "gate"}, "geometry": {"type": "Point", "coordinates": [4.754369, 52.309999]}}, {"type": "Feature", "properties": {"kind": "gate", "ref": "H1", "gtype": "gate"}, "geometry": {"type": "Point", "coordinates": [4.755978, 52.310606]}}, {"type": "Feature", "properties": {"kind": "gate", "ref": "H6", "gtype": "gate"}, "geometry": {"type": "Point", "coordinates": [4.753287, 52.309584]}}, {"type": "Feature", "properties": {"kind": "gate", "ref": "H2", "gtype": "gate"}, "geometry": {"type": "Point", "coordinates": [4.755444, 52.310411]}}, {"type": "Feature", "properties": {"kind": "gate", "ref": "H5", "gtype": "gate"}, "geometry": {"type": "Point", "coordinates": [4.753818, 52.309784]}}, {"type": "Feature", "properties": {"kind": "gate", "ref": "B22", "gtype": "gate"}, "geometry": {"type": "Point", "coordinates": [4.762112, 52.304225]}}, {"type": "Feature", "properties": {"kind": "gate", "ref": "B18", "gtype": "gate"}, "geometry": {"type": "Point", "coordinates": [4.761828, 52.30449]}}, {"type": "Feature", "properties": {"kind": "gate", "ref": "B34", "gtype": "gate"}, "geometry": {"type": "Point", "coordinates": [4.762989, 52.3033]}}, {"type": "Feature", "properties": {"kind": "gate", "ref": "B13", "gtype": "gate"}, "geometry": {"type": "Point", "coordinates": [4.762021, 52.305051]}}, {"type": "Feature", "properties": {"kind": "gate", "ref": "B36", "gtype": "gate"}, "geometry": {"type": "Point", "coordinates": [4.763174, 52.3031]}}, {"type": "Feature", "properties": {"kind": "gate", "ref": "C15", "gtype": "gate"}, "geometry": {"type": "Point", "coordinates": [4.766817, 52.305054]}}, {"type": "Feature", "properties": {"kind": "gate", "ref": "B30", "gtype": "gate"}, "geometry": {"type": "Point", "coordinates": [4.762681, 52.303683]}}, {"type": "Feature", "properties": {"kind": "gate", "ref": "B32", "gtype": "gate"}, "geometry": {"type": "Point", "coordinates": [4.762858, 52.303408]}}, {"type": "Feature", "properties": {"kind": "gate", "ref": "B26", "gtype": "gate"}, "geometry": {"type": "Point", "coordinates": [4.762402, 52.303952]}}, {"type": "Feature", "properties": {"kind": "gate", "ref": "E3", "gtype": "gate"}, "geometry": {"type": "Point", "coordinates": [4.765468, 52.310957]}}, {"type": "Feature", "properties": {"kind": "gate", "ref": "E18", "gtype": "gate"}, "geometry": {"type": "Point", "coordinates": [4.767582, 52.312167]}}, {"type": "Feature", "properties": {"kind": "gate", "ref": "D6", "gtype": "gate"}, "geometry": {"type": "Point", "coordinates": [4.767351, 52.308602]}}, {"type": "Feature", "properties": {"kind": "gate", "ref": "D68", "gtype": "gate"}, "geometry": {"type": "Point", "coordinates": [4.769633, 52.307597]}}, {"type": "Feature", "properties": {"kind": "gate", "ref": "D66", "gtype": "gate"}, "geometry": {"type": "Point", "coordinates": [4.769314, 52.307924]}}, {"type": "Feature", "properties": {"kind": "gate", "ref": "D64", "gtype": "gate"}, "geometry": {"type": "Point", "coordinates": [4.767435, 52.308426]}}, {"type": "Feature", "properties": {"kind": "gate", "ref": "D62", "gtype": "gate"}, "geometry": {"type": "Point", "coordinates": [4.766706, 52.308449]}}, {"type": "Feature", "properties": {"kind": "gate", "ref": "D60", "gtype": "gate"}, "geometry": {"type": "Point", "coordinates": [4.765971, 52.308469]}}, {"type": "Feature", "properties": {"kind": "gate", "ref": "D63", "gtype": "gate"}, "geometry": {"type": "Point", "coordinates": [4.768437, 52.308763]}}, {"type": "Feature", "properties": {"kind": "gate", "ref": "D61", "gtype": "gate"}, "geometry": {"type": "Point", "coordinates": [4.7676, 52.308796]}}, {"type": "Feature", "properties": {"kind": "gate", "ref": "D59", "gtype": "gate"}, "geometry": {"type": "Point", "coordinates": [4.766873, 52.308801]}}, {"type": "Feature", "properties": {"kind": "gate", "ref": "M7", "gtype": "gate"}, "geometry": {"type": "Point", "coordinates": [4.752941, 52.309202]}}, {"type": "Feature", "properties": {"kind": "gate", "ref": "D86", "gtype": "gate"}, "geometry": {"type": "Point", "coordinates": [4.773372, 52.30924]}}, {"type": "Feature", "properties": {"kind": "gate", "ref": "D71", "gtype": "gate"}, "geometry": {"type": "Point", "coordinates": [4.769578, 52.309256]}}, {"type": "Feature", "properties": {"kind": "gate", "ref": "D84", "gtype": "gate"}, "geometry": {"type": "Point", "coordinates": [4.772732, 52.309261]}}, {"type": "Feature", "properties": {"kind": "gate", "ref": "D82", "gtype": "gate"}, "geometry": {"type": "Point", "coordinates": [4.772089, 52.309283]}}, {"type": "Feature", "properties": {"kind": "gate", "ref": "D54", "gtype": "gate"}, "geometry": {"type": "Point", "coordinates": [4.772735, 52.309299]}}, {"type": "Feature", "properties": {"kind": "gate", "ref": "D78", "gtype": "gate"}, "geometry": {"type": "Point", "coordinates": [4.771472, 52.309303]}}, {"type": "Feature", "properties": {"kind": "gate", "ref": "D74", "gtype": "gate"}, "geometry": {"type": "Point", "coordinates": [4.77065, 52.309331]}}, {"type": "Feature", "properties": {"kind": "gate", "ref": "D44", "gtype": "gate"}, "geometry": {"type": "Point", "coordinates": [4.770652, 52.309368]}}, {"type": "Feature", "properties": {"kind": "gate", "ref": "M6", "gtype": "gate"}, "geometry": {"type": "Point", "coordinates": [4.753459, 52.309402]}}, {"type": "Feature", "properties": {"kind": "gate", "ref": "M5", "gtype": "gate"}, "geometry": {"type": "Point", "coordinates": [4.754008, 52.309614]}}, {"type": "Feature", "properties": {"kind": "gate", "ref": "D73", "gtype": "gate"}, "geometry": {"type": "Point", "coordinates": [4.770072, 52.309633]}}, {"type": "Feature", "properties": {"kind": "gate", "ref": "D87", "gtype": "gate"}, "geometry": {"type": "Point", "coordinates": [4.773967, 52.309647]}}, {"type": "Feature", "properties": {"kind": "gate", "ref": "D85", "gtype": "gate"}, "geometry": {"type": "Point", "coordinates": [4.773316, 52.309659]}}, {"type": "Feature", "properties": {"kind": "gate", "ref": "D83", "gtype": "gate"}, "geometry": {"type": "Point", "coordinates": [4.772753, 52.309669]}}, {"type": "Feature", "properties": {"kind": "gate", "ref": "D81", "gtype": "gate"}, "geometry": {"type": "Point", "coordinates": [4.772023, 52.309701]}}, {"type": "Feature", "properties": {"kind": "gate", "ref": "D79", "gtype": "gate"}, "geometry": {"type": "Point", "coordinates": [4.771288, 52.309727]}}, {"type": "Feature", "properties": {"kind": "gate", "ref": "D77", "gtype": "gate"}, "geometry": {"type": "Point", "coordinates": [4.770725, 52.309747]}}, {"type": "Feature", "properties": {"kind": "gate", "ref": "M4", "gtype": "gate"}, "geometry": {"type": "Point", "coordinates": [4.754545, 52.309822]}}, {"type": "Feature", "properties": {"kind": "gate", "ref": "M3", "gtype": "gate"}, "geometry": {"type": "Point", "coordinates": [4.755085, 52.310031]}}, {"type": "Feature", "properties": {"kind": "gate", "ref": "M2", "gtype": "gate"}, "geometry": {"type": "Point", "coordinates": [4.755597, 52.310228]}}, {"type": "Feature", "properties": {"kind": "gate", "ref": "M1", "gtype": "gate"}, "geometry": {"type": "Point", "coordinates": [4.756186, 52.310456]}}, {"type": "Feature", "properties": {"kind": "gate", "ref": "G11 to G16", "gtype": "gate"}, "geometry": {"type": "Point", "coordinates": [4.756861, 52.311423]}}, {"type": "Feature", "properties": {"kind": "gate", "ref": "B14", "gtype": "gate"}, "geometry": {"type": "Point", "coordinates": [4.761522, 52.304825]}}, {"type": "Feature", "properties": {"kind": "gate", "ref": "B1", "gtype": "gate"}, "geometry": {"type": "Point", "coordinates": [4.76202, 52.304816]}}, {"type": "Feature", "properties": {"kind": "gate", "ref": "D25", "gtype": "gate"}, "geometry": {"type": "Point", "coordinates": [4.771391, 52.307709]}}, {"type": "Feature", "properties": {"kind": "gate", "ref": "D29", "gtype": "gate"}, "geometry": {"type": "Point", "coordinates": [4.772689, 52.307676]}}, {"type": "Feature", "properties": {"kind": "gate", "ref": "B3", "gtype": "gate"}, "geometry": {"type": "Point", "coordinates": [4.762225, 52.304626]}}, {"type": "Feature", "properties": {"kind": "gate", "ref": "B2", "gtype": "gate"}, "geometry": {"type": "Point", "coordinates": [4.761696, 52.304664]}}, {"type": "Feature", "properties": {"kind": "gate", "ref": "B5", "gtype": "gate"}, "geometry": {"type": "Point", "coordinates": [4.762989, 52.303874]}}, {"type": "Feature", "properties": {"kind": "gate", "ref": "B6", "gtype": "gate"}, "geometry": {"type": "Point", "coordinates": [4.762756, 52.30359]}}, {"type": "Feature", "properties": {"kind": "gate", "ref": "B8", "gtype": "gate"}, "geometry": {"type": "Point", "coordinates": [4.763085, 52.303252]}}, {"type": "Feature", "properties": {"kind": "gate", "ref": "B7", "gtype": "gate"}, "geometry": {"type": "Point", "coordinates": [4.763464, 52.303419]}}, {"type": "Feature", "properties": {"kind": "gate", "ref": "B4", "gtype": "gate"}, "geometry": {"type": "Point", "coordinates": [4.762152, 52.304147]}}, {"type": "Feature", "properties": {"kind": "gate", "ref": "PA", "gtype": "parking_position"}, "geometry": {"type": "Point", "coordinates": [4.775343, 52.314006]}}, {"type": "Feature", "properties": {"kind": "gate", "ref": "PB", "gtype": "parking_position"}, "geometry": {"type": "Point", "coordinates": [4.774892, 52.314252]}}, {"type": "Feature", "properties": {"kind": "gate", "ref": "PD", "gtype": "parking_position"}, "geometry": {"type": "Point", "coordinates": [4.77346, 52.314973]}}, {"type": "Feature", "properties": {"kind": "gate", "ref": "PC", "gtype": "parking_position"}, "geometry": {"type": "Point", "coordinates": [4.773979, 52.314755]}}, {"type": "Feature", "properties": {"kind": "gate", "ref": "D57", "gtype": "parking_position"}, "geometry": {"type": "Point", "coordinates": [4.773644, 52.310279]}}, {"type": "Feature", "properties": {"kind": "gate", "ref": "D55", "gtype": "parking_position"}, "geometry": {"type": "Point", "coordinates": [4.773053, 52.310353]}}, {"type": "Feature", "properties": {"kind": "gate", "ref": "D51", "gtype": "parking_position"}, "geometry": {"type": "Point", "coordinates": [4.771816, 52.310363]}}, {"type": "Feature", "properties": {"kind": "gate", "ref": "D53", "gtype": "parking_position"}, "geometry": {"type": "Point", "coordinates": [4.772411, 52.31031]}}, {"type": "Feature", "properties": {"kind": "gate", "ref": "D49", "gtype": "parking_position"}, "geometry": {"type": "Point", "coordinates": [4.77121, 52.310356]}}, {"type": "Feature", "properties": {"kind": "gate", "ref": "D47", "gtype": "parking_position"}, "geometry": {"type": "Point", "coordinates": [4.770178, 52.310381]}}, {"type": "Feature", "properties": {"kind": "gate", "ref": "D95", "gtype": "parking_position"}, "geometry": {"type": "Point", "coordinates": [4.773872, 52.311146]}}, {"type": "Feature", "properties": {"kind": "gate", "ref": "D94", "gtype": "parking_position"}, "geometry": {"type": "Point", "coordinates": [4.773226, 52.311151]}}, {"type": "Feature", "properties": {"kind": "gate", "ref": "D93", "gtype": "parking_position"}, "geometry": {"type": "Point", "coordinates": [4.772579, 52.311166]}}, {"type": "Feature", "properties": {"kind": "gate", "ref": "D92", "gtype": "parking_position"}, "geometry": {"type": "Point", "coordinates": [4.771934, 52.311186]}}, {"type": "Feature", "properties": {"kind": "gate", "ref": "D90", "gtype": "parking_position"}, "geometry": {"type": "Point", "coordinates": [4.771292, 52.311202]}}, {"type": "Feature", "properties": {"kind": "gate", "ref": "D88", "gtype": "parking_position"}, "geometry": {"type": "Point", "coordinates": [4.770645, 52.311221]}}, {"type": "Feature", "properties": {"kind": "gate", "ref": "E75", "gtype": "parking_position"}, "geometry": {"type": "Point", "coordinates": [4.772724, 52.312441]}}, {"type": "Feature", "properties": {"kind": "gate", "ref": "E72", "gtype": "parking_position"}, "geometry": {"type": "Point", "coordinates": [4.771653, 52.312479]}}, {"type": "Feature", "properties": {"kind": "gate", "ref": "S68", "gtype": "parking_position"}, "geometry": {"type": "Point", "coordinates": [4.754592, 52.29273]}}, {"type": "Feature", "properties": {"kind": "gate", "ref": "S69", "gtype": "parking_position"}, "geometry": {"type": "Point", "coordinates": [4.755657, 52.293138]}}, {"type": "Feature", "properties": {"kind": "gate", "ref": "", "gtype": "parking_position"}, "geometry": {"type": "Point", "coordinates": [4.786712, 52.298832]}}, {"type": "Feature", "properties": {"kind": "gate", "ref": "", "gtype": "parking_position"}, "geometry": {"type": "Point", "coordinates": [4.7863, 52.298559]}}, {"type": "Feature", "properties": {"kind": "gate", "ref": "", "gtype": "parking_position"}, "geometry": {"type": "Point", "coordinates": [4.785909, 52.29828]}}, {"type": "Feature", "properties": {"kind": "gate", "ref": "G4", "gtype": "parking_position"}, "geometry": {"type": "Point", "coordinates": [4.758656, 52.312357]}}, {"type": "Feature", "properties": {"kind": "gate", "ref": "G6", "gtype": "parking_position"}, "geometry": {"type": "Point", "coordinates": [4.758605, 52.313005]}}, {"type": "Feature", "properties": {"kind": "gate", "ref": "G8", "gtype": "parking_position"}, "geometry": {"type": "Point", "coordinates": [4.758552, 52.313659]}}, {"type": "Feature", "properties": {"kind": "gate", "ref": "G9", "gtype": "parking_position"}, "geometry": {"type": "Point", "coordinates": [4.755417, 52.313526]}}, {"type": "Feature", "properties": {"kind": "gate", "ref": "G7", "gtype": "parking_position"}, "geometry": {"type": "Point", "coordinates": [4.755535, 52.312847]}}, {"type": "Feature", "properties": {"kind": "gate", "ref": "G5", "gtype": "parking_position"}, "geometry": {"type": "Point", "coordinates": [4.75547, 52.312192]}}, {"type": "Feature", "properties": {"kind": "gate", "ref": "F7", "gtype": "parking_position"}, "geometry": {"type": "Point", "coordinates": [4.760244, 52.313967]}}, {"type": "Feature", "properties": {"kind": "gate", "ref": "F9", "gtype": "parking_position"}, "geometry": {"type": "Point", "coordinates": [4.761724, 52.314027]}}, {"type": "Feature", "properties": {"kind": "gate", "ref": "F6", "gtype": "parking_position"}, "geometry": {"type": "Point", "coordinates": [4.763701, 52.313107]}}, {"type": "Feature", "properties": {"kind": "gate", "ref": "F4", "gtype": "parking_position"}, "geometry": {"type": "Point", "coordinates": [4.763627, 52.31232]}}, {"type": "Feature", "properties": {"kind": "gate", "ref": "E77", "gtype": "parking_position"}, "geometry": {"type": "Point", "coordinates": [4.773785, 52.312404]}}, {"type": "Feature", "properties": {"kind": "gate", "ref": "L5", "gtype": "parking_position"}, "geometry": {"type": "Point", "coordinates": [4.789406, 52.312963]}}, {"type": "Feature", "properties": {"kind": "gate", "ref": "L6", "gtype": "parking_position"}, "geometry": {"type": "Point", "coordinates": [4.788933, 52.313219]}}, {"type": "Feature", "properties": {"kind": "gate", "ref": "G1A/G1F", "gtype": "parking_position"}, "geometry": {"type": "Point", "coordinates": [4.755533, 52.311537]}}, {"type": "Feature", "properties": {"kind": "gate", "ref": "G2", "gtype": "parking_position"}, "geometry": {"type": "Point", "coordinates": [4.758664, 52.311863]}}, {"type": "Feature", "properties": {"kind": "gate", "ref": "F3", "gtype": "parking_position"}, "geometry": {"type": "Point", "coordinates": [4.760333, 52.312005]}}, {"type": "Feature", "properties": {"kind": "gate", "ref": "F5", "gtype": "parking_position"}, "geometry": {"type": "Point", "coordinates": [4.760103, 52.312845]}}, {"type": "Feature", "properties": {"kind": "gate", "ref": "F8", "gtype": "parking_position"}, "geometry": {"type": "Point", "coordinates": [4.763139, 52.31406]}}, {"type": "Feature", "properties": {"kind": "gate", "ref": "C9", "gtype": "parking_position"}, "geometry": {"type": "Point", "coordinates": [4.767257, 52.306025]}}, {"type": "Feature", "properties": {"kind": "gate", "ref": "C7", "gtype": "parking_position"}, "geometry": {"type": "Point", "coordinates": [4.766765, 52.306414]}}, {"type": "Feature", "properties": {"kind": "gate", "ref": "C5", "gtype": "parking_position"}, "geometry": {"type": "Point", "coordinates": [4.766558, 52.306831]}}, {"type": "Feature", "properties": {"kind": "gate", "ref": "D2", "gtype": "parking_position"}, "geometry": {"type": "Point", "coordinates": [4.76664, 52.307491]}}, {"type": "Feature", "properties": {"kind": "gate", "ref": "D4", "gtype": "parking_position"}, "geometry": {"type": "Point", "coordinates": [4.767431, 52.307649]}}, {"type": "Feature", "properties": {"kind": "gate", "ref": "D10", "gtype": "parking_position"}, "geometry": {"type": "Point", "coordinates": [4.768077, 52.307521]}}, {"type": "Feature", "properties": {"kind": "gate", "ref": "D12", "gtype": "parking_position"}, "geometry": {"type": "Point", "coordinates": [4.76877, 52.307249]}}, {"type": "Feature", "properties": {"kind": "gate", "ref": "D14", "gtype": "parking_position"}, "geometry": {"type": "Point", "coordinates": [4.769404, 52.306908]}}, {"type": "Feature", "properties": {"kind": "gate", "ref": "D16", "gtype": "parking_position"}, "geometry": {"type": "Point", "coordinates": [4.770221, 52.306889]}}, {"type": "Feature", "properties": {"kind": "gate", "ref": "D18", "gtype": "parking_position"}, "geometry": {"type": "Point", "coordinates": [4.770862, 52.306865]}}, {"type": "Feature", "properties": {"kind": "gate", "ref": "D22", "gtype": "parking_position"}, "geometry": {"type": "Point", "coordinates": [4.771521, 52.306838]}}, {"type": "Feature", "properties": {"kind": "gate", "ref": "D24", "gtype": "parking_position"}, "geometry": {"type": "Point", "coordinates": [4.772131, 52.306818]}}, {"type": "Feature", "properties": {"kind": "gate", "ref": "D26", "gtype": "parking_position"}, "geometry": {"type": "Point", "coordinates": [4.772764, 52.306807]}}, {"type": "Feature", "properties": {"kind": "gate", "ref": "D28", "gtype": "parking_position"}, "geometry": {"type": "Point", "coordinates": [4.773403, 52.30678]}}, {"type": "Feature", "properties": {"kind": "gate", "ref": "D31", "gtype": "parking_position"}, "geometry": {"type": "Point", "coordinates": [4.773552, 52.308052]}}, {"type": "Feature", "properties": {"kind": "gate", "ref": "D29", "gtype": "parking_position"}, "geometry": {"type": "Point", "coordinates": [4.772916, 52.308076]}}, {"type": "Feature", "properties": {"kind": "gate", "ref": "D27", "gtype": "parking_position"}, "geometry": {"type": "Point", "coordinates": [4.772274, 52.308103]}}, {"type": "Feature", "properties": {"kind": "gate", "ref": "D25", "gtype": "parking_position"}, "geometry": {"type": "Point", "coordinates": [4.771663, 52.30811]}}, {"type": "Feature", "properties": {"kind": "gate", "ref": "D23", "gtype": "parking_position"}, "geometry": {"type": "Point", "coordinates": [4.771029, 52.308136]}}, {"type": "Feature", "properties": {"kind": "gate", "ref": "D44", "gtype": "parking_position"}, "geometry": {"type": "Point", "coordinates": [4.771085, 52.30879]}}, {"type": "Feature", "properties": {"kind": "gate", "ref": "D48", "gtype": "parking_position"}, "geometry": {"type": "Point", "coordinates": [4.771718, 52.308767]}}, {"type": "Feature", "properties": {"kind": "gate", "ref": "D52", "gtype": "parking_position"}, "geometry": {"type": "Point", "coordinates": [4.772359, 52.308754]}}, {"type": "Feature", "properties": {"kind": "gate", "ref": "D54", "gtype": "parking_position"}, "geometry": {"type": "Point", "coordinates": [4.773001, 52.308729]}}, {"type": "Feature", "properties": {"kind": "gate", "ref": "D56", "gtype": "parking_position"}, "geometry": {"type": "Point", "coordinates": [4.773639, 52.308705]}}, {"type": "Feature", "properties": {"kind": "gate", "ref": "D43", "gtype": "parking_position"}, "geometry": {"type": "Point", "coordinates": [4.768883, 52.310049]}}, {"type": "Feature", "properties": {"kind": "gate", "ref": "D41", "gtype": "parking_position"}, "geometry": {"type": "Point", "coordinates": [4.768252, 52.309791]}}, {"type": "Feature", "properties": {"kind": "gate", "ref": "D7", "gtype": "parking_position"}, "geometry": {"type": "Point", "coordinates": [4.767953, 52.309582]}}, {"type": "Feature", "properties": {"kind": "gate", "ref": "D5", "gtype": "parking_position"}, "geometry": {"type": "Point", "coordinates": [4.76721, 52.309596]}}, {"type": "Feature", "properties": {"kind": "gate", "ref": "D3", "gtype": "parking_position"}, "geometry": {"type": "Point", "coordinates": [4.76653, 52.309475]}}, {"type": "Feature", "properties": {"kind": "gate", "ref": "E2", "gtype": "parking_position"}, "geometry": {"type": "Point", "coordinates": [4.766356, 52.310168]}}, {"type": "Feature", "properties": {"kind": "gate", "ref": "E4", "gtype": "parking_position"}, "geometry": {"type": "Point", "coordinates": [4.767362, 52.310408]}}, {"type": "Feature", "properties": {"kind": "gate", "ref": "E6", "gtype": "parking_position"}, "geometry": {"type": "Point", "coordinates": [4.767619, 52.310946]}}, {"type": "Feature", "properties": {"kind": "gate", "ref": "E8", "gtype": "parking_position"}, "geometry": {"type": "Point", "coordinates": [4.768314, 52.311443]}}, {"type": "Feature", "properties": {"kind": "gate", "ref": "E18", "gtype": "parking_position"}, "geometry": {"type": "Point", "coordinates": [4.769013, 52.312039]}}, {"type": "Feature", "properties": {"kind": "gate", "ref": "E20", "gtype": "parking_position"}, "geometry": {"type": "Point", "coordinates": [4.769634, 52.312684]}}, {"type": "Feature", "properties": {"kind": "gate", "ref": "E22", "gtype": "parking_position"}, "geometry": {"type": "Point", "coordinates": [4.770223, 52.313246]}}, {"type": "Feature", "properties": {"kind": "gate", "ref": "E24", "gtype": "parking_position"}, "geometry": {"type": "Point", "coordinates": [4.770883, 52.313872]}}, {"type": "Feature", "properties": {"kind": "gate", "ref": "E19", "gtype": "parking_position"}, "geometry": {"type": "Point", "coordinates": [4.766903, 52.313959]}}, {"type": "Feature", "properties": {"kind": "gate", "ref": "E17", "gtype": "parking_position"}, "geometry": {"type": "Point", "coordinates": [4.766231, 52.313362]}}, {"type": "Feature", "properties": {"kind": "gate", "ref": "E9", "gtype": "parking_position"}, "geometry": {"type": "Point", "coordinates": [4.76565, 52.312833]}}, {"type": "Feature", "properties": {"kind": "gate", "ref": "E7", "gtype": "parking_position"}, "geometry": {"type": "Point", "coordinates": [4.765141, 52.312236]}}, {"type": "Feature", "properties": {"kind": "gate", "ref": "E5", "gtype": "parking_position"}, "geometry": {"type": "Point", "coordinates": [4.76479, 52.311613]}}, {"type": "Feature", "properties": {"kind": "gate", "ref": "E3", "gtype": "parking_position"}, "geometry": {"type": "Point", "coordinates": [4.764369, 52.311258]}}, {"type": "Feature", "properties": {"kind": "gate", "ref": "P10", "gtype": "parking_position"}, "geometry": {"type": "Point", "coordinates": [4.744922, 52.312894]}}, {"type": "Feature", "properties": {"kind": "gate", "ref": "P12", "gtype": "parking_position"}, "geometry": {"type": "Point", "coordinates": [4.744848, 52.311989]}}, {"type": "Feature", "properties": {"kind": "gate", "ref": "P13", "gtype": "parking_position"}, "geometry": {"type": "Point", "coordinates": [4.744827, 52.311297]}}, {"type": "Feature", "properties": {"kind": "gate", "ref": "P14", "gtype": "parking_position"}, "geometry": {"type": "Point", "coordinates": [4.744761, 52.311039]}}, {"type": "Feature", "properties": {"kind": "gate", "ref": "P15", "gtype": "parking_position"}, "geometry": {"type": "Point", "coordinates": [4.744728, 52.310648]}}, {"type": "Feature", "properties": {"kind": "gate", "ref": "P16", "gtype": "parking_position"}, "geometry": {"type": "Point", "coordinates": [4.744641, 52.309847]}}, {"type": "Feature", "properties": {"kind": "gate", "ref": "J87", "gtype": "parking_position"}, "geometry": {"type": "Point", "coordinates": [4.746456, 52.309671]}}, {"type": "Feature", "properties": {"kind": "gate", "ref": "J86", "gtype": "parking_position"}, "geometry": {"type": "Point", "coordinates": [4.746546, 52.310321]}}, {"type": "Feature", "properties": {"kind": "gate", "ref": "J85", "gtype": "parking_position"}, "geometry": {"type": "Point", "coordinates": [4.746598, 52.310971]}}, {"type": "Feature", "properties": {"kind": "gate", "ref": "J84", "gtype": "parking_position"}, "geometry": {"type": "Point", "coordinates": [4.746633, 52.311625]}}, {"type": "Feature", "properties": {"kind": "gate", "ref": "J83", "gtype": "parking_position"}, "geometry": {"type": "Point", "coordinates": [4.746709, 52.312274]}}, {"type": "Feature", "properties": {"kind": "gate", "ref": "J82", "gtype": "parking_position"}, "geometry": {"type": "Point", "coordinates": [4.746724, 52.312833]}}, {"type": "Feature", "properties": {"kind": "gate", "ref": "J81", "gtype": "parking_position"}, "geometry": {"type": "Point", "coordinates": [4.746763, 52.313015]}}, {"type": "Feature", "properties": {"kind": "gate", "ref": "", "gtype": "parking_position"}, "geometry": {"type": "Point", "coordinates": [4.746745, 52.313201]}}, {"type": "Feature", "properties": {"kind": "gate", "ref": "G76", "gtype": "parking_position"}, "geometry": {"type": "Point", "coordinates": [4.753551, 52.312763]}}, {"type": "Feature", "properties": {"kind": "gate", "ref": "G73", "gtype": "parking_position"}, "geometry": {"type": "Point", "coordinates": [4.753626, 52.312109]}}, {"type": "Feature", "properties": {"kind": "gate", "ref": "G71", "gtype": "parking_position"}, "geometry": {"type": "Point", "coordinates": [4.753868, 52.311556]}}, {"type": "Feature", "properties": {"kind": "gate", "ref": "G79", "gtype": "parking_position"}, "geometry": {"type": "Point", "coordinates": [4.753461, 52.313418]}}, {"type": "Feature", "properties": {"kind": "gate", "ref": "H2", "gtype": "parking_position"}, "geometry": {"type": "Point", "coordinates": [4.754962, 52.310667]}}, {"type": "Feature", "properties": {"kind": "gate", "ref": "H3", "gtype": "parking_position"}, "geometry": {"type": "Point", "coordinates": [4.754404, 52.310459]}}, {"type": "Feature", "properties": {"kind": "gate", "ref": "M4", "gtype": "parking_position"}, "geometry": {"type": "Point", "coordinates": [4.753879, 52.310237]}}, {"type": "Feature", "properties": {"kind": "gate", "ref": "M5", "gtype": "parking_position"}, "geometry": {"type": "Point", "coordinates": [4.753341, 52.310033]}}, {"type": "Feature", "properties": {"kind": "gate", "ref": "H6", "gtype": "parking_position"}, "geometry": {"type": "Point", "coordinates": [4.752761, 52.309822]}}, {"type": "Feature", "properties": {"kind": "gate", "ref": "H7", "gtype": "parking_position"}, "geometry": {"type": "Point", "coordinates": [4.752233, 52.309621]}}, {"type": "Feature", "properties": {"kind": "gate", "ref": "A31", "gtype": "parking_position"}, "geometry": {"type": "Point", "coordinates": [4.753563, 52.299304]}}, {"type": "Feature", "properties": {"kind": "gate", "ref": "A32", "gtype": "parking_position"}, "geometry": {"type": "Point", "coordinates": [4.753271, 52.299583]}}, {"type": "Feature", "properties": {"kind": "gate", "ref": "A34", "gtype": "parking_position"}, "geometry": {"type": "Point", "coordinates": [4.752697, 52.300154]}}, {"type": "Feature", "properties": {"kind": "gate", "ref": "A33", "gtype": "parking_position"}, "geometry": {"type": "Point", "coordinates": [4.752989, 52.299861]}}, {"type": "Feature", "properties": {"kind": "gate", "ref": "A35", "gtype": "parking_position"}, "geometry": {"type": "Point", "coordinates": [4.752406, 52.300441]}}, {"type": "Feature", "properties": {"kind": "gate", "ref": "A45", "gtype": "parking_position"}, "geometry": {"type": "Point", "coordinates": [4.75306, 52.300946]}}, {"type": "Feature", "properties": {"kind": "gate", "ref": "", "gtype": "parking_position"}, "geometry": {"type": "Point", "coordinates": [4.75337, 52.300637]}}, {"type": "Feature", "properties": {"kind": "gate", "ref": "A43", "gtype": "parking_position"}, "geometry": {"type": "Point", "coordinates": [4.753716, 52.300297]}}, {"type": "Feature", "properties": {"kind": "gate", "ref": "A42", "gtype": "parking_position"}, "geometry": {"type": "Point", "coordinates": [4.754056, 52.299955]}}, {"type": "Feature", "properties": {"kind": "gate", "ref": "A41", "gtype": "parking_position"}, "geometry": {"type": "Point", "coordinates": [4.754414, 52.299614]}}, {"type": "Feature", "properties": {"kind": "gate", "ref": "A51", "gtype": "parking_position"}, "geometry": {"type": "Point", "coordinates": [4.755819, 52.300135]}}, {"type": "Feature", "properties": {"kind": "gate", "ref": "A52", "gtype": "parking_position"}, "geometry": {"type": "Point", "coordinates": [4.755472, 52.300474]}}, {"type": "Feature", "properties": {"kind": "gate", "ref": "A53", "gtype": "parking_position"}, "geometry": {"type": "Point", "coordinates": [4.755126, 52.300814]}}, {"type": "Feature", "properties": {"kind": "gate", "ref": "A54", "gtype": "parking_position"}, "geometry": {"type": "Point", "coordinates": [4.754779, 52.301153]}}, {"type": "Feature", "properties": {"kind": "gate", "ref": "A55", "gtype": "parking_position"}, "geometry": {"type": "Point", "coordinates": [4.754464, 52.301462]}}, {"type": "Feature", "properties": {"kind": "gate", "ref": "A65", "gtype": "parking_position"}, "geometry": {"type": "Point", "coordinates": [4.755212, 52.301836]}}, {"type": "Feature", "properties": {"kind": "gate", "ref": "A64", "gtype": "parking_position"}, "geometry": {"type": "Point", "coordinates": [4.755585, 52.301484]}}, {"type": "Feature", "properties": {"kind": "gate", "ref": "A63", "gtype": "parking_position"}, "geometry": {"type": "Point", "coordinates": [4.755931, 52.301144]}}, {"type": "Feature", "properties": {"kind": "gate", "ref": "A62", "gtype": "parking_position"}, "geometry": {"type": "Point", "coordinates": [4.756278, 52.300805]}}, {"type": "Feature", "properties": {"kind": "gate", "ref": "A61", "gtype": "parking_position"}, "geometry": {"type": "Point", "coordinates": [4.75654, 52.300473]}}, {"type": "Feature", "properties": {"kind": "gate", "ref": "A71", "gtype": "parking_position"}, "geometry": {"type": "Point", "coordinates": [4.757873, 52.300919]}}, {"type": "Feature", "properties": {"kind": "gate", "ref": "A72", "gtype": "parking_position"}, "geometry": {"type": "Point", "coordinates": [4.757586, 52.301203]}}, {"type": "Feature", "properties": {"kind": "gate", "ref": "A73", "gtype": "parking_position"}, "geometry": {"type": "Point", "coordinates": [4.757302, 52.301486]}}, {"type": "Feature", "properties": {"kind": "gate", "ref": "A74", "gtype": "parking_position"}, "geometry": {"type": "Point", "coordinates": [4.757014, 52.30177]}}, {"type": "Feature", "properties": {"kind": "gate", "ref": "A75", "gtype": "parking_position"}, "geometry": {"type": "Point", "coordinates": [4.756727, 52.302056]}}, {"type": "Feature", "properties": {"kind": "gate", "ref": "A84", "gtype": "parking_position"}, "geometry": {"type": "Point", "coordinates": [4.757688, 52.302138]}}, {"type": "Feature", "properties": {"kind": "gate", "ref": "A83", "gtype": "parking_position"}, "geometry": {"type": "Point", "coordinates": [4.757974, 52.301851]}}, {"type": "Feature", "properties": {"kind": "gate", "ref": "A82", "gtype": "parking_position"}, "geometry": {"type": "Point", "coordinates": [4.758258, 52.301569]}}, {"type": "Feature", "properties": {"kind": "gate", "ref": "B16", "gtype": "parking_position"}, "geometry": {"type": "Point", "coordinates": [4.760915, 52.304026]}}, {"type": "Feature", "properties": {"kind": "gate", "ref": "", "gtype": "parking_position"}, "geometry": {"type": "Point", "coordinates": [4.761255, 52.303789]}}, {"type": "Feature", "properties": {"kind": "gate", "ref": "B24", "gtype": "parking_position"}, "geometry": {"type": "Point", "coordinates": [4.761532, 52.303516]}}, {"type": "Feature", "properties": {"kind": "gate", "ref": "B28", "gtype": "parking_position"}, "geometry": {"type": "Point", "coordinates": [4.761817, 52.303236]}}, {"type": "Feature", "properties": {"kind": "gate", "ref": "B32", "gtype": "parking_position"}, "geometry": {"type": "Point", "coordinates": [4.762089, 52.302982]}}, {"type": "Feature", "properties": {"kind": "gate", "ref": "B36", "gtype": "parking_position"}, "geometry": {"type": "Point", "coordinates": [4.762375, 52.30268]}}, {"type": "Feature", "properties": {"kind": "gate", "ref": "B35", "gtype": "parking_position"}, "geometry": {"type": "Point", "coordinates": [4.764595, 52.303535]}}, {"type": "Feature", "properties": {"kind": "gate", "ref": "B31", "gtype": "parking_position"}, "geometry": {"type": "Point", "coordinates": [4.76426, 52.303884]}}, {"type": "Feature", "properties": {"kind": "gate", "ref": "B27", "gtype": "parking_position"}, "geometry": {"type": "Point", "coordinates": [4.763907, 52.304217]}}, {"type": "Feature", "properties": {"kind": "gate", "ref": "B23", "gtype": "parking_position"}, "geometry": {"type": "Point", "coordinates": [4.763566, 52.304555]}}, {"type": "Feature", "properties": {"kind": "gate", "ref": "B17", "gtype": "parking_position"}, "geometry": {"type": "Point", "coordinates": [4.763229, 52.30489]}}, {"type": "Feature", "properties": {"kind": "gate", "ref": "B15", "gtype": "parking_position"}, "geometry": {"type": "Point", "coordinates": [4.762876, 52.305224]}}, {"type": "Feature", "properties": {"kind": "gate", "ref": "C6", "gtype": "parking_position"}, "geometry": {"type": "Point", "coordinates": [4.764485, 52.305574]}}, {"type": "Feature", "properties": {"kind": "gate", "ref": "C8", "gtype": "parking_position"}, "geometry": {"type": "Point", "coordinates": [4.764795, 52.305253]}}, {"type": "Feature", "properties": {"kind": "gate", "ref": "C10", "gtype": "parking_position"}, "geometry": {"type": "Point", "coordinates": [4.765184, 52.304947]}}, {"type": "Feature", "properties": {"kind": "gate", "ref": "C12", "gtype": "parking_position"}, "geometry": {"type": "Point", "coordinates": [4.765425, 52.304579]}}, {"type": "Feature", "properties": {"kind": "gate", "ref": "C14", "gtype": "parking_position"}, "geometry": {"type": "Point", "coordinates": [4.765753, 52.304243]}}, {"type": "Feature", "properties": {"kind": "gate", "ref": "C16", "gtype": "parking_position"}, "geometry": {"type": "Point", "coordinates": [4.7665, 52.303943]}}, {"type": "Feature", "properties": {"kind": "gate", "ref": "C18", "gtype": "parking_position"}, "geometry": {"type": "Point", "coordinates": [4.767347, 52.304278]}}, {"type": "Feature", "properties": {"kind": "gate", "ref": "C15", "gtype": "parking_position"}, "geometry": {"type": "Point", "coordinates": [4.767978, 52.304487]}}, {"type": "Feature", "properties": {"kind": "gate", "ref": "C13", "gtype": "parking_position"}, "geometry": {"type": "Point", "coordinates": [4.768512, 52.304778]}}, {"type": "Feature", "properties": {"kind": "gate", "ref": "C11", "gtype": "parking_position"}, "geometry": {"type": "Point", "coordinates": [4.768813, 52.305245]}}, {"type": "Feature", "properties": {"kind": "gate", "ref": "B91", "gtype": "parking_position"}, "geometry": {"type": "Point", "coordinates": [4.761484, 52.302346]}}, {"type": "Feature", "properties": {"kind": "gate", "ref": "B92", "gtype": "parking_position"}, "geometry": {"type": "Point", "coordinates": [4.761194, 52.302631]}}, {"type": "Feature", "properties": {"kind": "gate", "ref": "B93", "gtype": "parking_position"}, "geometry": {"type": "Point", "coordinates": [4.760905, 52.302914]}}, {"type": "Feature", "properties": {"kind": "gate", "ref": "B95", "gtype": "parking_position"}, "geometry": {"type": "Point", "coordinates": [4.760326, 52.303482]}}, {"type": "Feature", "properties": {"kind": "gate", "ref": "B94", "gtype": "parking_position"}, "geometry": {"type": "Point", "coordinates": [4.760614, 52.303199]}}, {"type": "Feature", "properties": {"kind": "gate", "ref": "A81", "gtype": "parking_position"}, "geometry": {"type": "Point", "coordinates": [4.758544, 52.301282]}}, {"type": "Feature", "properties": {"kind": "gate", "ref": "A85", "gtype": "parking_position"}, "geometry": {"type": "Point", "coordinates": [4.757394, 52.302424]}}, {"type": "Feature", "properties": {"kind": "gate", "ref": "Y72", "gtype": "parking_position"}, "geometry": {"type": "Point", "coordinates": [4.743928, 52.304942]}}, {"type": "Feature", "properties": {"kind": "gate", "ref": "Y74", "gtype": "parking_position"}, "geometry": {"type": "Point", "coordinates": [4.743211, 52.304967]}}, {"type": "Feature", "properties": {"kind": "gate", "ref": "Y73", "gtype": "parking_position"}, "geometry": {"type": "Point", "coordinates": [4.743308, 52.306009]}}, {"type": "Feature", "properties": {"kind": "gate", "ref": "Y71", "gtype": "parking_position"}, "geometry": {"type": "Point", "coordinates": [4.744023, 52.305985]}}, {"type": "Feature", "properties": {"kind": "gate", "ref": "H1", "gtype": "parking_position"}, "geometry": {"type": "Point", "coordinates": [4.755294, 52.311058]}}, {"type": "Feature", "properties": {"kind": "gate", "ref": "P11", "gtype": "parking_position"}, "geometry": {"type": "Point", "coordinates": [4.744857, 52.312082]}}, {"type": "Feature", "properties": {"kind": "gate", "ref": "", "gtype": "parking_position"}, "geometry": {"type": "Point", "coordinates": [4.788146, 52.300489]}}, {"type": "Feature", "properties": {"kind": "gate", "ref": "", "gtype": "parking_position"}, "geometry": {"type": "Point", "coordinates": [4.788353, 52.300637]}}, {"type": "Feature", "properties": {"kind": "gate", "ref": "", "gtype": "parking_position"}, "geometry": {"type": "Point", "coordinates": [4.787937, 52.300358]}}, {"type": "Feature", "properties": {"kind": "gate", "ref": "", "gtype": "parking_position"}, "geometry": {"type": "Point", "coordinates": [4.788755, 52.300911]}}, {"type": "Feature", "properties": {"kind": "gate", "ref": "S96", "gtype": "parking_position"}, "geometry": {"type": "Point", "coordinates": [4.768511, 52.298046]}}, {"type": "Feature", "properties": {"kind": "gate", "ref": "S94", "gtype": "parking_position"}, "geometry": {"type": "Point", "coordinates": [4.767549, 52.297677]}}, {"type": "Feature", "properties": {"kind": "gate", "ref": "S92", "gtype": "parking_position"}, "geometry": {"type": "Point", "coordinates": [4.766591, 52.297302]}}, {"type": "Feature", "properties": {"kind": "gate", "ref": "S90", "gtype": "parking_position"}, "geometry": {"type": "Point", "coordinates": [4.765628, 52.296933]}}, {"type": "Feature", "properties": {"kind": "gate", "ref": "S87", "gtype": "parking_position"}, "geometry": {"type": "Point", "coordinates": [4.764661, 52.296567]}}, {"type": "Feature", "properties": {"kind": "gate", "ref": "S84", "gtype": "parking_position"}, "geometry": {"type": "Point", "coordinates": [4.763698, 52.296198]}}, {"type": "Feature", "properties": {"kind": "gate", "ref": "S82", "gtype": "parking_position"}, "geometry": {"type": "Point", "coordinates": [4.762739, 52.295824]}}, {"type": "Feature", "properties": {"kind": "gate", "ref": "S79", "gtype": "parking_position"}, "geometry": {"type": "Point", "coordinates": [4.761775, 52.295454]}}, {"type": "Feature", "properties": {"kind": "gate", "ref": "S77", "gtype": "parking_position"}, "geometry": {"type": "Point", "coordinates": [4.760812, 52.295084]}}, {"type": "Feature", "properties": {"kind": "gate", "ref": "S74", "gtype": "parking_position"}, "geometry": {"type": "Point", "coordinates": [4.759896, 52.294671]}}, {"type": "Feature", "properties": {"kind": "gate", "ref": "S72", "gtype": "parking_position"}, "geometry": {"type": "Point", "coordinates": [4.75883, 52.294404]}}]}