{"type":"FeatureCollection","meta":{"iata":"DUS","name":"Dusseldorf Airport","city":"Dusseldorf","center":[51.2895,6.7668],"elev_m":45,"source":"OpenStreetMap (\u00a9 OpenStreetMap contributors, ODbL)"},"features":[{"type":"Feature","properties":{"kind":"building","h":9.0,"name":"Tor 36"},"geometry":{"type":"Polygon","coordinates":[[[6.773723,51.284132],[6.77392,51.283965],[6.773951,51.283979],[6.774095,51.284046],[6.774178,51.284084],[6.774253,51.284119],[6.774056,51.284286],[6.773981,51.284251],[6.7739,51.284214],[6.77375,51.284144],[6.773723,51.284132]]]}},{"type":"Feature","properties":{"kind":"building","h":7.0,"name":"Jagdaufseher"},"geometry":{"type":"Polygon","coordinates":[[[6.770784,51.297128],[6.770827,51.297094],[6.770843,51.29708],[6.770909,51.297113],[6.770898,51.297122],[6.77085,51.29716],[6.770784,51.297128]]]}},{"type":"Feature","properties":{"kind":"building","h":7.0,"name":"Wetterstation D\u00fcsseldorf (Flugh.)"},"geometry":{"type":"Polygon","coordinates":[[[6.768806,51.296238],[6.768879,51.296178],[6.768973,51.296223],[6.7689,51.296283],[6.768806,51.296238]]]}},{"type":"Feature","properties":{"kind":"building","h":3.5,"name":"Station F"},"geometry":{"type":"Polygon","coordinates":[[[6.76076,51.292316],[6.76083,51.29226],[6.76091,51.292299],[6.760883,51.292321],[6.760869,51.292315],[6.760827,51.292349],[6.76076,51.292316]]]}},{"type":"Feature","properties":{"kind":"building","h":9.0,"name":""},"geometry":{"type":"Polygon","coordinates":[[[6.754213,51.288521],[6.754258,51.288484],[6.754308,51.288508],[6.754263,51.288545],[6.754213,51.288521]]]}},{"type":"Feature","properties":{"kind":"terminal","h":21.0,"name":"Main Terminal"},"geometry":{"type":"Polygon","coordinates":[[[6.766579,51.280305],[6.766079,51.280335],[6.766058,51.280221],[6.766004,51.280202],[6.765986,51.280195],[6.765934,51.280172],[6.765847,51.280134],[6.765779,51.280104],[6.765714,51.280072],[6.765674,51.280053],[6.765635,51.280032],[6.765574,51.279999],[6.765516,51.279967],[6.765467,51.27994],[6.765404,51.279902],[6.7654,51.279905],[6.765375,51.279891],[6.765308,51.279848],[6.765264,51.279818],[6.765242,51.279804],[6.765248,51.279801],[6.765193,51.279762],[6.765133,51.279719],[6.765088,51.279684],[6.765032,51.279639],[6.76497,51.279586],[6.764914,51.279536],[6.764925,51.279532],[6.76491,51.279523],[6.764869,51.279489],[6.764945,51.279464],[6.764939,51.279419],[6.764908,51.279348],[6.764884,51.279304],[6.764839,51.279243],[6.764787,51.279175],[6.764716,51.279092],[6.764655,51.279039],[6.764564,51.278984],[6.764491,51.279007],[6.764466,51.278968],[6.76446,51.278956],[6.764449,51.278957],[6.764424,51.27891],[6.764399,51.27886],[6.764377,51.278811],[6.764357,51.278764],[6.764335,51.278705],[6.764311,51.278633],[6.764303,51.278634],[6.764293,51.278598],[6.764283,51.278561],[6.764265,51.278494],[6.764274,51.278494],[6.764263,51.278442],[6.764252,51.278366],[6.764242,51.278278],[6.764239,51.278209],[6.76424,51.278118],[6.764244,51.278043],[6.764252,51.277981],[6.764272,51.277984],[6.764246,51.277906],[6.7642,51.277767],[6.764122,51.277523],[6.764094,51.277446],[6.764358,51.277008],[6.764779,51.27682],[6.764719,51.276771],[6.764907,51.276686],[6.764964,51.276736],[6.765171,51.276643],[6.765155,51.276632],[6.765306,51.276565],[6.765378,51.276533],[6.765452,51.276501],[6.765433,51.276489],[6.765442,51.276484],[6.765597,51.276582],[6.766103,51.276903],[6.766069,51.276925],[6.766199,51.277012],[6.766237,51.277037],[6.766169,51.277084],[6.766098,51.277133],[6.765996,51.277217],[6.765898,51.277309],[6.765811,51.277402],[6.765752,51.277471],[6.765697,51.277553],[6.76565,51.277625],[6.765615,51.277698],[6.765606,51.277715],[6.765566,51.277811],[6.765555,51.277847],[6.765531,51.277926],[6.765513,51.278019],[6.765506,51.278112],[6.765505,51.278242],[6.765517,51.278354],[6.765535,51.278429],[6.765542,51.27846],[6.76559,51.278589],[6.765629,51.278672],[6.765682,51.278763],[6.765752,51.278866],[6.765785,51.27891],[6.765822,51.278959],[6.765899,51.279034],[6.765991,51.279117],[6.766085,51.279195],[6.766164,51.279253],[6.766179,51.279264],[6.766216,51.279291],[6.766227,51.279298],[6.76628,51.279333],[6.766343,51.279371],[6.766423,51.279413],[6.766497,51.279452],[6.766542,51.279473],[6.766624,51.279511],[6.766704,51.279542],[6.766804,51.27958],[6.766986,51.279641],[6.767268,51.279732],[6.767368,51.279764],[6.767343,51.279791],[6.767471,51.279832],[6.768017,51.279679],[6.768041,51.279684],[6.768069,51.279725],[6.768152,51.279703],[6.768249,51.279838],[6.76819,51.279855],[6.768179,51.27984],[6.768153,51.279846],[6.768158,51.279854],[6.768159,51.279858],[6.768158,51.279862],[6.768155,51.279865],[6.768149,51.279868],[6.768141,51.279872],[6.766927,51.280215],[6.76691,51.280215],[6.766902,51.280213],[6.766893,51.280207],[6.766865,51.280163],[6.7668,51.280183],[6.766579,51.280305]]]}},{"type":"Feature","properties":{"kind":"building","h":7.0,"name":"Feuerwache Nord"},"geometry":{"type":"Polygon","coordinates":[[[6.764196,51.294028],[6.764395,51.293864],[6.7647,51.294009],[6.764501,51.294173],[6.764196,51.294028]]]}},{"type":"Feature","properties":{"kind":"building","h":9.0,"name":"L\u00e4rmschutzhalle"},"geometry":{"type":"Polygon","coordinates":[[[6.782453,51.288314],[6.782821,51.288006],[6.783323,51.287787],[6.783561,51.287866],[6.783677,51.287922],[6.783851,51.288039],[6.783645,51.288404],[6.783283,51.28871],[6.782453,51.288314]]]}},{"type":"Feature","properties":{"kind":"building","h":9.0,"name":""},"geometry":{"type":"Polygon","coordinates":[[[6.782277,51.288228],[6.782048,51.288118],[6.782701,51.287579],[6.782706,51.287574],[6.782936,51.287683],[6.782277,51.288228]]]}},{"type":"Feature","properties":{"kind":"building","h":9.0,"name":"Flughafen Terminal A/B - Skytrain"},"geometry":{"type":"Polygon","coordinates":[[[6.766489,51.279537],[6.766396,51.279495],[6.766292,51.279441],[6.766192,51.279385],[6.766096,51.279323],[6.76613,51.279302],[6.766144,51.279294],[6.76618,51.279272],[6.766272,51.279334],[6.766366,51.279388],[6.766421,51.27942],[6.766489,51.279456],[6.766549,51.279483],[6.766529,51.279501],[6.766527,51.279503],[6.766524,51.279506],[6.766516,51.279512],[6.766508,51.27952],[6.766504,51.279523],[6.766489,51.279537]]]}},{"type":"Feature","properties":{"kind":"building","h":14.0,"name":"Ehemaliger Tower"},"geometry":{"type":"Polygon","coordinates":[[[6.76277,51.279929],[6.762734,51.279939],[6.762692,51.27994],[6.762654,51.279932],[6.762623,51.279917],[6.762601,51.279894],[6.762594,51.279868],[6.762605,51.27984],[6.76263,51.279818],[6.762669,51.279804],[6.762715,51.2798],[6.762752,51.279805],[6.762785,51.279819],[6.762809,51.27984],[6.76282,51.279865],[6.762816,51.27989],[6.762797,51.279913],[6.76277,51.279929]]]}},{"type":"Feature","properties":{"kind":"building","h":14.0,"name":""},"geometry":{"type":"Polygon","coordinates":[[[6.762882,51.279844],[6.762864,51.279845],[6.762845,51.279841],[6.762832,51.279831],[6.762827,51.279818],[6.762832,51.279806],[6.76285,51.279795],[6.762872,51.279792],[6.762893,51.279796],[6.762906,51.279805],[6.762912,51.279817],[6.762908,51.279831],[6.762898,51.279839],[6.762882,51.279844]]]}},{"type":"Feature","properties":{"kind":"building","h":3.5,"name":"RKB Ost"},"geometry":{"type":"Polygon","coordinates":[[[6.757266,51.290431],[6.757326,51.290459],[6.757358,51.290434],[6.757298,51.290405],[6.757266,51.290431]]]}},{"type":"Feature","properties":{"kind":"building","h":3.5,"name":""},"geometry":{"type":"Polygon","coordinates":[[[6.767266,51.295534],[6.767313,51.295555],[6.767283,51.295581],[6.767236,51.29556],[6.767266,51.295534]]]}},{"type":"Feature","properties":{"kind":"building","h":9.0,"name":""},"geometry":{"type":"Polygon","coordinates":[[[6.76858,51.279818],[6.768465,51.279649],[6.768446,51.27962],[6.768561,51.279587],[6.768697,51.279784],[6.76858,51.279818]]]}},{"type":"Feature","properties":{"kind":"building","h":7.0,"name":"Werkstatt f\u00fcr Automatisierung und F\u00f6rdertechnik (RWA)"},"geometry":{"type":"Polygon","coordinates":[[[6.768333,51.279887],[6.76858,51.279818],[6.768465,51.279649],[6.76822,51.27972],[6.768333,51.279887]]]}},{"type":"Feature","properties":{"kind":"building","h":3.5,"name":"RKB Mitte"},"geometry":{"type":"Polygon","coordinates":[[[6.757126,51.289991],[6.757253,51.290017],[6.757266,51.289989],[6.757138,51.289963],[6.757126,51.289991]]]}},{"type":"Feature","properties":{"kind":"building","h":7.0,"name":"Verbindungsgang Terminal A/B"},"geometry":{"type":"Polygon","coordinates":[[[6.764641,51.279607],[6.764708,51.279587],[6.764815,51.279675],[6.764913,51.279761],[6.764927,51.279771],[6.765526,51.280154],[6.765763,51.280306],[6.765854,51.280297],[6.76602,51.280286],[6.766004,51.280202],[6.766058,51.280221],[6.766079,51.280335],[6.766083,51.28035],[6.766083,51.280361],[6.766077,51.280372],[6.766058,51.280379],[6.766038,51.28038],[6.766034,51.280362],[6.765967,51.280367],[6.765951,51.280365],[6.765938,51.280361],[6.765931,51.280354],[6.765926,51.280347],[6.765927,51.28034],[6.765863,51.280344],[6.765733,51.280353],[6.765496,51.280199],[6.765259,51.280046],[6.76517,51.27999],[6.764987,51.279873],[6.76489,51.279811],[6.764867,51.279798],[6.764849,51.279784],[6.764714,51.279669],[6.764641,51.279607]]]}},{"type":"Feature","properties":{"kind":"building","h":9.0,"name":""},"geometry":{"type":"Polygon","coordinates":[[[6.769245,51.281752],[6.769172,51.281687],[6.769155,51.281689],[6.769138,51.281694],[6.769125,51.281699],[6.769111,51.281705],[6.769094,51.281715],[6.76908,51.281725],[6.769059,51.281748],[6.769052,51.281764],[6.769049,51.281777],[6.769049,51.281798],[6.769051,51.281804],[6.769056,51.281809],[6.769063,51.281813],[6.76907,51.281817],[6.769075,51.281818],[6.769084,51.28182],[6.769095,51.28182],[6.769102,51.28182],[6.769107,51.281819],[6.769125,51.281834],[6.769112,51.28184],[6.769131,51.281855],[6.769143,51.28185],[6.769148,51.281854],[6.769124,51.281864],[6.769164,51.281901],[6.769188,51.28189],[6.769191,51.281892],[6.769194,51.281891],[6.769494,51.282156],[6.769491,51.282157],[6.769558,51.282215],[6.769598,51.282197],[6.769624,51.28221],[6.769724,51.282124],[6.76971,51.282111],[6.769792,51.282074],[6.769567,51.281875],[6.769642,51.281841],[6.769812,51.281988],[6.769968,51.281917],[6.769937,51.28189],[6.769947,51.281886],[6.770207,51.281768],[6.770262,51.281743],[6.770083,51.281656],[6.769997,51.281614],[6.769962,51.281594],[6.769926,51.28157],[6.769902,51.281551],[6.769873,51.281527],[6.769834,51.281495],[6.76967,51.28157],[6.769709,51.281602],[6.76977,51.281655],[6.769729,51.281675],[6.769745,51.28169],[6.769719,51.281702],[6.769679,51.281667],[6.769604,51.281602],[6.769445,51.281671],[6.769475,51.281698],[6.769619,51.281822],[6.769545,51.281855],[6.769457,51.281778],[6.76946,51.281776],[6.76937,51.281697],[6.769308,51.281724],[6.769292,51.281712],[6.769234,51.281724],[6.769249,51.28175],[6.769245,51.281752]]]}},{"type":"Feature","properties":{"kind":"building","h":9.0,"name":""},"geometry":{"type":"Polygon","coordinates":[[[6.771354,51.282437],[6.771367,51.282437],[6.771396,51.282413],[6.771391,51.282405],[6.771349,51.282385],[6.771238,51.282332],[6.771222,51.282333],[6.771201,51.28235],[6.7712,51.282362],[6.771312,51.282416],[6.771354,51.282437]]]}},{"type":"Feature","properties":{"kind":"building","h":9.0,"name":""},"geometry":{"type":"Polygon","coordinates":[[[6.771264,51.282299],[6.77121,51.282273],[6.771257,51.282235],[6.770511,51.28188],[6.770464,51.281918],[6.770319,51.281849],[6.770035,51.282083],[6.769976,51.282055],[6.769694,51.282286],[6.769598,51.282365],[6.769796,51.28246],[6.770422,51.282758],[6.770518,51.282678],[6.771127,51.282968],[6.771119,51.282975],[6.771255,51.28304],[6.771238,51.283054],[6.771146,51.28313],[6.771837,51.283459],[6.771947,51.283369],[6.772007,51.283397],[6.771879,51.283502],[6.772048,51.283583],[6.772175,51.283477],[6.772224,51.283437],[6.77232,51.283358],[6.772334,51.283347],[6.77233,51.283344],[6.772365,51.283316],[6.772314,51.283291],[6.772693,51.28298],[6.772402,51.282842],[6.772119,51.283075],[6.77209,51.283062],[6.772047,51.283097],[6.772004,51.283133],[6.770893,51.282603],[6.771201,51.28235],[6.771222,51.282333],[6.771264,51.282299]]]}},{"type":"Feature","properties":{"kind":"building","h":9.0,"name":""},"geometry":{"type":"Polygon","coordinates":[[[6.772096,51.2829],[6.772139,51.282864],[6.772256,51.282767],[6.771436,51.28238],[6.771396,51.282413],[6.771367,51.282437],[6.771319,51.282477],[6.771276,51.282512],[6.772096,51.2829]]]}},{"type":"Feature","properties":{"kind":"building","h":9.0,"name":""},"geometry":{"type":"Polygon","coordinates":[[[6.774683,51.284459],[6.774996,51.284203],[6.775101,51.284116],[6.774849,51.283996],[6.774599,51.283874],[6.774179,51.284214],[6.77443,51.284336],[6.774683,51.284459]]]}},{"type":"Feature","properties":{"kind":"building","h":9.0,"name":""},"geometry":{"type":"Polygon","coordinates":[[[6.775327,51.283343],[6.775378,51.283301],[6.775499,51.283359],[6.775448,51.2834],[6.775327,51.283343]]]}},{"type":"Feature","properties":{"kind":"building","h":9.0,"name":""},"geometry":{"type":"Polygon","coordinates":[[[6.77565,51.283678],[6.775588,51.283628],[6.775667,51.283589],[6.77573,51.283639],[6.77565,51.283678]]]}},{"type":"Feature","properties":{"kind":"building","h":9.0,"name":""},"geometry":{"type":"Polygon","coordinates":[[[6.775632,51.284215],[6.77565,51.2842],[6.775691,51.28422],[6.775673,51.284234],[6.775632,51.284215]]]}},{"type":"Feature","properties":{"kind":"building","h":9.0,"name":""},"geometry":{"type":"Polygon","coordinates":[[[6.776803,51.285617],[6.777004,51.285453],[6.777011,51.285456],[6.777675,51.284912],[6.777632,51.284889],[6.777719,51.28481],[6.777761,51.284829],[6.77788,51.284732],[6.777611,51.284602],[6.777618,51.284595],[6.777577,51.284576],[6.777649,51.284514],[6.777622,51.284501],[6.777612,51.284512],[6.777572,51.284493],[6.777541,51.284519],[6.777512,51.284543],[6.777471,51.284523],[6.777463,51.28453],[6.777361,51.284482],[6.776927,51.284274],[6.776934,51.284268],[6.776965,51.284284],[6.776997,51.284258],[6.776924,51.284224],[6.776966,51.284189],[6.776939,51.284176],[6.776925,51.284186],[6.776889,51.284168],[6.776847,51.284203],[6.776704,51.284135],[6.776228,51.283907],[6.776284,51.283861],[6.776255,51.283848],[6.776242,51.283859],[6.776204,51.28384],[6.776175,51.283863],[6.776099,51.283828],[6.776066,51.283859],[6.776097,51.283874],[6.775974,51.283974],[6.775873,51.284062],[6.775938,51.284092],[6.775732,51.284265],[6.77556,51.284183],[6.775191,51.284486],[6.775137,51.284532],[6.775113,51.284551],[6.775285,51.284633],[6.77546,51.284716],[6.775264,51.284881],[6.776803,51.285617]]]}},{"type":"Feature","properties":{"kind":"building","h":9.0,"name":"Halle 7"},"geometry":{"type":"Polygon","coordinates":[[[6.779549,51.287014],[6.779612,51.286962],[6.779622,51.286967],[6.779649,51.286945],[6.779676,51.286957],[6.779719,51.286921],[6.779771,51.286879],[6.779743,51.286866],[6.780436,51.286296],[6.780309,51.286235],[6.78059,51.286004],[6.780481,51.285952],[6.780336,51.285883],[6.78029,51.285913],[6.780148,51.286037],[6.779908,51.285922],[6.780049,51.285806],[6.778565,51.2851],[6.778491,51.285161],[6.778455,51.285144],[6.778388,51.285198],[6.778424,51.285216],[6.778329,51.285294],[6.777957,51.285117],[6.777265,51.285686],[6.777241,51.285675],[6.77719,51.285716],[6.777146,51.285753],[6.777173,51.285766],[6.777145,51.285789],[6.777153,51.285793],[6.77709,51.285845],[6.779549,51.287014]]]}},{"type":"Feature","properties":{"kind":"building","h":9.0,"name":""},"geometry":{"type":"Polygon","coordinates":[[[6.780354,51.286202],[6.780491,51.286266],[6.780283,51.286437],[6.780324,51.286456],[6.780371,51.286418],[6.780367,51.286416],[6.780559,51.286258],[6.780386,51.286176],[6.780354,51.286202]]]}},{"type":"Feature","properties":{"kind":"building","h":9.0,"name":"Halle 8"},"geometry":{"type":"Polygon","coordinates":[[[6.781853,51.288024],[6.781933,51.287959],[6.78214,51.287788],[6.782086,51.287762],[6.782452,51.28746],[6.782458,51.287455],[6.782403,51.287429],[6.782347,51.287402],[6.780623,51.286583],[6.780513,51.286531],[6.779853,51.287075],[6.779958,51.287124],[6.781697,51.28795],[6.781853,51.288024]]]}},{"type":"Feature","properties":{"kind":"terminal","h":14.0,"name":"Terminal C"},"geometry":{"type":"Polygon","coordinates":[[[6.762557,51.276375],[6.762532,51.276369],[6.762418,51.276342],[6.762393,51.276383],[6.762494,51.276406],[6.762459,51.276464],[6.762413,51.276531],[6.762193,51.276479],[6.76218,51.276476],[6.762169,51.276477],[6.762167,51.276478],[6.76216,51.27648],[6.762153,51.276483],[6.762146,51.27649],[6.762141,51.276497],[6.762092,51.27647],[6.762031,51.276435],[6.7621,51.276384],[6.762048,51.276356],[6.761978,51.276406],[6.761929,51.276378],[6.761913,51.276389],[6.7619,51.276398],[6.762064,51.276489],[6.762126,51.276523],[6.761923,51.276848],[6.761845,51.276847],[6.761781,51.276846],[6.761784,51.276779],[6.761712,51.276779],[6.76171,51.276845],[6.761652,51.276844],[6.76162,51.276843],[6.761621,51.276871],[6.761835,51.276873],[6.761908,51.276875],[6.761904,51.276883],[6.761901,51.276892],[6.761904,51.276896],[6.761907,51.276901],[6.761915,51.276906],[6.761925,51.27691],[6.762165,51.276968],[6.762129,51.277026],[6.762063,51.277135],[6.7622,51.277169],[6.762226,51.277127],[6.762126,51.277103],[6.762167,51.277035],[6.762204,51.276978],[6.763072,51.277189],[6.763035,51.277247],[6.762909,51.277451],[6.762949,51.277461],[6.763,51.277474],[6.762966,51.277535],[6.762995,51.277542],[6.763016,51.277547],[6.763052,51.277488],[6.763141,51.277509],[6.763192,51.277437],[6.763053,51.277402],[6.763133,51.277272],[6.763167,51.277216],[6.763727,51.277352],[6.76369,51.27741],[6.763624,51.277518],[6.763644,51.277522],[6.763762,51.277551],[6.763787,51.27751],[6.763689,51.277484],[6.76373,51.27742],[6.763767,51.277361],[6.763916,51.277396],[6.764076,51.277435],[6.764094,51.277446],[6.764358,51.277008],[6.764299,51.276993],[6.764216,51.276973],[6.764036,51.276929],[6.764078,51.276862],[6.764139,51.276762],[6.764118,51.276756],[6.763999,51.276728],[6.763976,51.27677],[6.764075,51.276795],[6.76404,51.276853],[6.763997,51.276919],[6.763296,51.276748],[6.763338,51.276679],[6.763399,51.27658],[6.763378,51.276575],[6.76326,51.276547],[6.763235,51.276588],[6.763334,51.276612],[6.763298,51.276669],[6.763256,51.276737],[6.762605,51.276578],[6.762647,51.27651],[6.76271,51.276411],[6.762581,51.27638],[6.762554,51.276423],[6.762642,51.276444],[6.762607,51.2765],[6.762566,51.276568],[6.762456,51.276541],[6.762496,51.276474],[6.762557,51.276375]]]}},{"type":"Feature","properties":{"kind":"terminal","h":10.5,"name":"Terminal B"},"geometry":{"type":"Polygon","coordinates":[[[6.762725,51.280183],[6.762697,51.280263],[6.762681,51.280309],[6.762678,51.280308],[6.762658,51.280365],[6.762648,51.280393],[6.762704,51.280401],[6.762701,51.280411],[6.762619,51.2804],[6.762605,51.28044],[6.762734,51.280458],[6.762747,51.280418],[6.762739,51.280417],[6.76279,51.280268],[6.762821,51.280182],[6.763083,51.280098],[6.763129,51.280155],[6.763177,51.280216],[6.763174,51.280217],[6.763202,51.280251],[6.763226,51.280282],[6.763321,51.280252],[6.76329,51.280215],[6.763299,51.280212],[6.763305,51.280218],[6.763421,51.280182],[6.763392,51.280145],[6.763275,51.280182],[6.76328,51.280189],[6.763272,51.280191],[6.763221,51.280127],[6.763175,51.280069],[6.763619,51.27993],[6.763669,51.279991],[6.763713,51.280045],[6.76371,51.280046],[6.763743,51.280087],[6.763763,51.280111],[6.763859,51.280081],[6.763829,51.280043],[6.763834,51.280042],[6.76384,51.280048],[6.763958,51.280011],[6.76393,51.279975],[6.76381,51.280012],[6.763815,51.280018],[6.763809,51.28002],[6.76376,51.279961],[6.763712,51.2799],[6.764331,51.279705],[6.764379,51.279763],[6.764424,51.279823],[6.764422,51.279824],[6.764457,51.279867],[6.764474,51.279889],[6.764569,51.279859],[6.764539,51.279821],[6.764548,51.279818],[6.764553,51.279825],[6.76467,51.279788],[6.76464,51.279752],[6.764524,51.279789],[6.76453,51.279795],[6.764521,51.279798],[6.764467,51.279734],[6.764422,51.279675],[6.764641,51.279607],[6.764708,51.279587],[6.764785,51.279562],[6.76491,51.279523],[6.764869,51.279489],[6.764945,51.279464],[6.764939,51.279419],[6.764908,51.279348],[6.764884,51.279304],[6.764839,51.279243],[6.764787,51.279175],[6.764716,51.279092],[6.764655,51.279039],[6.764564,51.278984],[6.764491,51.279007],[6.764466,51.278968],[6.764359,51.279003],[6.764292,51.279024],[6.764287,51.279025],[6.764003,51.279115],[6.763824,51.27917],[6.763781,51.279121],[6.763729,51.279053],[6.763698,51.279013],[6.763678,51.278989],[6.763585,51.279018],[6.763614,51.279055],[6.763606,51.279058],[6.7636,51.279051],[6.763482,51.279088],[6.763513,51.279124],[6.763629,51.279088],[6.763624,51.279082],[6.763633,51.279079],[6.76369,51.279149],[6.76373,51.2792],[6.763267,51.279347],[6.763221,51.279292],[6.763171,51.279229],[6.763174,51.279228],[6.763142,51.279187],[6.763122,51.279162],[6.763027,51.279192],[6.763058,51.279231],[6.763048,51.279233],[6.763043,51.279227],[6.762927,51.279263],[6.762956,51.2793],[6.763072,51.279263],[6.763067,51.279257],[6.763077,51.279254],[6.763131,51.279322],[6.763175,51.279376],[6.762651,51.279539],[6.762606,51.279484],[6.762556,51.279423],[6.762559,51.279421],[6.762527,51.279382],[6.762507,51.279357],[6.762412,51.279387],[6.762444,51.279425],[6.762434,51.279428],[6.762428,51.279421],[6.762312,51.279457],[6.76234,51.279494],[6.762458,51.279458],[6.762452,51.279451],[6.762463,51.279448],[6.762515,51.279514],[6.762559,51.279569],[6.762332,51.279639],[6.762324,51.279643],[6.762316,51.279651],[6.762313,51.279656],[6.762312,51.279665],[6.762313,51.27967],[6.762316,51.279675],[6.762206,51.27968],[6.762098,51.279682],[6.762098,51.279681],[6.762008,51.279683],[6.761959,51.279685],[6.761963,51.279721],[6.761946,51.279722],[6.761941,51.27967],[6.761876,51.279671],[6.761884,51.279754],[6.761949,51.279751],[6.761949,51.279746],[6.762206,51.279737],[6.762362,51.279733],[6.762518,51.279925],[6.762412,51.279957],[6.76232,51.279986],[6.762319,51.279984],[6.762216,51.280017],[6.762237,51.280043],[6.762263,51.280076],[6.762322,51.280057],[6.762327,51.280062],[6.762316,51.280065],[6.762375,51.280138],[6.762436,51.28012],[6.762376,51.280048],[6.762365,51.280051],[6.76236,51.280045],[6.76246,51.280015],[6.762564,51.279982],[6.762725,51.280183]]]}},{"type":"Feature","properties":{"kind":"terminal","h":14.0,"name":"Terminal A"},"geometry":{"type":"Polygon","coordinates":[[[6.766086,51.281188],[6.766025,51.281194],[6.765916,51.281201],[6.765921,51.281225],[6.765944,51.281224],[6.76595,51.281267],[6.765946,51.281267],[6.76594,51.281237],[6.765922,51.281239],[6.765931,51.281284],[6.765974,51.28128],[6.765963,51.281221],[6.766029,51.281217],[6.766091,51.281212],[6.76616,51.281577],[6.7661,51.281581],[6.766039,51.281585],[6.766026,51.281513],[6.765954,51.281518],[6.765967,51.281591],[6.765983,51.281589],[6.765986,51.281615],[6.766006,51.281614],[6.766009,51.281624],[6.765973,51.281628],[6.765977,51.28165],[6.76605,51.281644],[6.766045,51.281621],[6.766038,51.281623],[6.766037,51.281612],[6.766105,51.281606],[6.766164,51.281602],[6.766243,51.28203],[6.766197,51.282034],[6.766117,51.28204],[6.766115,51.28203],[6.766121,51.28203],[6.766117,51.282007],[6.766044,51.282011],[6.766048,51.282034],[6.766086,51.282032],[6.766088,51.282042],[6.766068,51.282043],[6.766072,51.28207],[6.766056,51.282071],[6.76607,51.282142],[6.766181,51.282135],[6.766167,51.282063],[6.766203,51.282061],[6.766248,51.282058],[6.766275,51.282204],[6.766279,51.282215],[6.766282,51.282223],[6.766286,51.282227],[6.766292,51.282231],[6.766298,51.282234],[6.766309,51.282237],[6.766317,51.282238],[6.766508,51.282224],[6.76651,51.282237],[6.766432,51.282243],[6.766441,51.282295],[6.76657,51.282285],[6.766558,51.282221],[6.7666,51.282218],[6.766622,51.282336],[6.766633,51.282396],[6.766668,51.282395],[6.766657,51.282332],[6.766644,51.282246],[6.766738,51.282239],[6.766732,51.282212],[6.766662,51.282217],[6.766664,51.282229],[6.766712,51.282226],[6.766713,51.282229],[6.766642,51.282234],[6.766639,51.282215],[6.766905,51.282196],[6.766973,51.28223],[6.767056,51.28227],[6.76708,51.282251],[6.76714,51.282204],[6.767105,51.282188],[6.767045,51.282234],[6.766982,51.282203],[6.766929,51.282176],[6.766866,51.281833],[6.766913,51.281831],[6.767038,51.281821],[6.767025,51.281732],[6.766963,51.281735],[6.766977,51.2818],[6.766907,51.281805],[6.766862,51.281808],[6.766775,51.281351],[6.766824,51.281348],[6.766947,51.281338],[6.766932,51.281245],[6.766862,51.281249],[6.766873,51.281319],[6.76682,51.281322],[6.76677,51.281326],[6.766686,51.280868],[6.766739,51.280865],[6.76686,51.280856],[6.766848,51.280785],[6.766788,51.280789],[6.766797,51.280836],[6.766734,51.280839],[6.76668,51.280844],[6.766597,51.280407],[6.766657,51.280404],[6.766808,51.280395],[6.766802,51.280355],[6.766767,51.280358],[6.766758,51.280294],[6.766686,51.280299],[6.766696,51.280369],[6.766652,51.280371],[6.76659,51.280376],[6.766579,51.280305],[6.766079,51.280335],[6.766083,51.28035],[6.766083,51.280361],[6.766077,51.280372],[6.766058,51.280379],[6.766038,51.28038],[6.765958,51.280385],[6.765943,51.280393],[6.765939,51.280403],[6.765957,51.280491],[6.765891,51.280497],[6.765828,51.280502],[6.765815,51.280442],[6.765771,51.280446],[6.76578,51.28049],[6.765801,51.280488],[6.765795,51.28046],[6.7658,51.280459],[6.76581,51.280502],[6.765783,51.280504],[6.765789,51.280529],[6.765895,51.28052],[6.765962,51.280516],[6.76601,51.280774],[6.765943,51.280777],[6.76588,51.280782],[6.765869,51.280723],[6.765826,51.280727],[6.765834,51.280771],[6.765854,51.28077],[6.765847,51.280741],[6.765854,51.28074],[6.765862,51.280783],[6.765836,51.280785],[6.765841,51.280811],[6.765948,51.280803],[6.766014,51.2808],[6.766086,51.281188]]]}},{"type":"Feature","properties":{"kind":"building","h":9.0,"name":""},"geometry":{"type":"Polygon","coordinates":[[[6.770981,51.292127],[6.771021,51.292125],[6.77105,51.292107],[6.771054,51.292082],[6.771031,51.292061],[6.770992,51.292054],[6.770955,51.292065],[6.770937,51.292088],[6.770947,51.292112],[6.770981,51.292127]]]}},{"type":"Feature","properties":{"kind":"building","h":9.0,"name":""},"geometry":{"type":"Polygon","coordinates":[[[6.762075,51.292899],[6.762287,51.292995],[6.762376,51.292918],[6.762164,51.292822],[6.762075,51.292899]]]}},{"type":"Feature","properties":{"kind":"building","h":9.0,"name":""},"geometry":{"type":"Polygon","coordinates":[[[6.756665,51.289987],[6.756856,51.290122],[6.75698,51.290054],[6.756959,51.290039],[6.757091,51.289966],[6.756938,51.289859],[6.756809,51.28993],[6.756792,51.289917],[6.756665,51.289987]]]}},{"type":"Feature","properties":{"kind":"building","h":9.0,"name":""},"geometry":{"type":"Polygon","coordinates":[[[6.77328,51.298221],[6.773487,51.29832],[6.773578,51.298246],[6.773371,51.298147],[6.77328,51.298221]]]}},{"type":"Feature","properties":{"kind":"building","h":9.0,"name":""},"geometry":{"type":"Polygon","coordinates":[[[6.76517,51.27999],[6.765143,51.280006],[6.765232,51.280062],[6.765259,51.280046],[6.76517,51.27999]]]}},{"type":"Feature","properties":{"kind":"building","h":9.0,"name":""},"geometry":{"type":"Polygon","coordinates":[[[6.76489,51.279811],[6.764857,51.279831],[6.764954,51.279893],[6.764987,51.279873],[6.76489,51.279811]]]}},{"type":"Feature","properties":{"kind":"building","h":9.0,"name":""},"geometry":{"type":"Polygon","coordinates":[[[6.757207,51.289951],[6.757353,51.28998],[6.757342,51.290003],[6.757389,51.290013],[6.757399,51.289993],[6.757435,51.29],[6.757476,51.289922],[6.757447,51.289916],[6.757459,51.289893],[6.757258,51.289852],[6.757207,51.289951]]]}},{"type":"Feature","properties":{"kind":"building","h":9.0,"name":""},"geometry":{"type":"Polygon","coordinates":[[[6.757459,51.289893],[6.757498,51.289818],[6.757644,51.289849],[6.757593,51.289946],[6.757476,51.289922],[6.757447,51.289916],[6.757459,51.289893]]]}},{"type":"Feature","properties":{"kind":"building","h":9.0,"name":""},"geometry":{"type":"Polygon","coordinates":[[[6.757325,51.290759],[6.757063,51.290624],[6.757223,51.290508],[6.757272,51.290531],[6.757312,51.290497],[6.757521,51.290595],[6.757325,51.290759]]]}},{"type":"Feature","properties":{"kind":"building","h":9.0,"name":""},"geometry":{"type":"Polygon","coordinates":[[[6.757972,51.290334],[6.758035,51.29028],[6.758121,51.29032],[6.758058,51.290373],[6.757972,51.290334]]]}},{"type":"Feature","properties":{"kind":"building","h":9.0,"name":"Brandsimulationsanlage"},"geometry":{"type":"Polygon","coordinates":[[[6.750766,51.289311],[6.750725,51.289313],[6.750568,51.289288],[6.750549,51.289336],[6.750555,51.289392],[6.750492,51.289383],[6.750419,51.289261],[6.750347,51.289249],[6.750283,51.289213],[6.750282,51.289209],[6.750286,51.289206],[6.750369,51.289197],[6.750445,51.289208],[6.750612,51.289127],[6.750662,51.289136],[6.750611,51.289181],[6.750587,51.289234],[6.750746,51.28926],[6.75078,51.289274],[6.750844,51.289236],[6.750866,51.289242],[6.75083,51.289295],[6.75084,51.2893],[6.750836,51.289309],[6.750825,51.28931],[6.75081,51.28937],[6.750793,51.289367],[6.750766,51.289311]]]}},{"type":"Feature","properties":{"kind":"building","h":9.0,"name":""},"geometry":{"type":"Polygon","coordinates":[[[6.776959,51.28411],[6.776816,51.284042],[6.776704,51.284135],[6.776847,51.284203],[6.776889,51.284168],[6.776959,51.28411]]]}},{"type":"Feature","properties":{"kind":"building","h":9.0,"name":""},"geometry":{"type":"Polygon","coordinates":[[[6.777463,51.28453],[6.777471,51.284523],[6.777512,51.284543],[6.777541,51.284519],[6.777572,51.284493],[6.777642,51.284435],[6.777499,51.284367],[6.777361,51.284482],[6.777463,51.28453]]]}},{"type":"Feature","properties":{"kind":"building","h":9.0,"name":""},"geometry":{"type":"Polygon","coordinates":[[[6.775191,51.284486],[6.775111,51.284449],[6.775216,51.284361],[6.77504,51.284279],[6.77488,51.284413],[6.775137,51.284532],[6.775191,51.284486]]]}},{"type":"Feature","properties":{"kind":"building","h":9.0,"name":""},"geometry":{"type":"Polygon","coordinates":[[[6.772375,51.283405],[6.77269,51.283145],[6.774006,51.28377],[6.773691,51.28403],[6.772375,51.283405]]]}},{"type":"Feature","properties":{"kind":"runway","ref":"05L/23R","w":45.0,"name":""},"geometry":{"type":"LineString","coordinates":[[6.752084,51.285295],[6.752188,51.285345],[6.753677,51.286054],[6.759157,51.288664],[6.772627,51.295079],[6.775494,51.296445],[6.776122,51.296744]]}},{"type":"Feature","properties":{"kind":"runway","ref":"05R/23L","w":45.0,"name":""},"geometry":{"type":"LineString","coordinates":[[6.755396,51.281227],[6.755679,51.28136],[6.759508,51.283184],[6.761449,51.284111],[6.76582,51.286192],[6.766491,51.286516],[6.773782,51.289986],[6.775038,51.290584],[6.775441,51.290776],[6.77968,51.292796],[6.780914,51.293385],[6.781071,51.293458],[6.782773,51.294269]]}},{"type":"Feature","properties":{"kind":"runway","ref":"08/26","w":50.0,"name":""},"geometry":{"type":"LineString","coordinates":[[6.84665,51.263247],[6.848305,51.263617],[6.850071,51.264012],[6.856427,51.265431],[6.861288,51.266517]]}},{"type":"Feature","properties":{"kind":"runway","ref":"12/30","w":50.0,"name":""},"geometry":{"type":"LineString","coordinates":[[6.847433,51.263869],[6.848305,51.263617],[6.852915,51.262291]]}},{"type":"Feature","properties":{"kind":"gate","ref":"V01","gtype":"parking_position"},"geometry":{"type":"Point","coordinates":[6.782044,51.290167]}},{"type":"Feature","properties":{"kind":"gate","ref":"V97","gtype":"parking_position"},"geometry":{"type":"Point","coordinates":[6.757363,51.275213]}},{"type":"Feature","properties":{"kind":"gate","ref":"V94","gtype":"parking_position"},"geometry":{"type":"Point","coordinates":[6.756487,51.276295]}},{"type":"Feature","properties":{"kind":"gate","ref":"C07","gtype":"parking_position"},"geometry":{"type":"Point","coordinates":[6.763635,51.276411]}},{"type":"Feature","properties":{"kind":"gate","ref":"C05","gtype":"parking_position"},"geometry":{"type":"Point","coordinates":[6.76218,51.276207]}},{"type":"Feature","properties":{"kind":"gate","ref":"C06","gtype":"parking_position"},"geometry":{"type":"Point","coordinates":[6.762941,51.276315]}},{"type":"Feature","properties":{"kind":"gate","ref":"C04","gtype":"parking_position"},"geometry":{"type":"Point","coordinates":[6.761784,51.276575]}},{"type":"Feature","properties":{"kind":"gate","ref":"C03","gtype":"parking_position"},"geometry":{"type":"Point","coordinates":[6.761714,51.277141]}},{"type":"Feature","properties":{"kind":"gate","ref":"C02","gtype":"parking_position"},"geometry":{"type":"Point","coordinates":[6.762586,51.277402]}},{"type":"Feature","properties":{"kind":"gate","ref":"C01","gtype":"parking_position"},"geometry":{"type":"Point","coordinates":[6.76345,51.277687]}},{"type":"Feature","properties":{"kind":"gate","ref":"B11","gtype":"parking_position"},"geometry":{"type":"Point","coordinates":[6.763983,51.278743]}},{"type":"Feature","properties":{"kind":"gate","ref":"B10","gtype":"parking_position"},"geometry":{"type":"Point","coordinates":[6.763544,51.278997]}},{"type":"Feature","properties":{"kind":"gate","ref":"B09","gtype":"parking_position"},"geometry":{"type":"Point","coordinates":[6.762762,51.279178]}},{"type":"Feature","properties":{"kind":"gate","ref":"B08","gtype":"parking_position"},"geometry":{"type":"Point","coordinates":[6.762062,51.279417]}},{"type":"Feature","properties":{"kind":"gate","ref":"B06","gtype":"parking_position"},"geometry":{"type":"Point","coordinates":[6.76187,51.279896]}},{"type":"Feature","properties":{"kind":"gate","ref":"B07","gtype":"parking_position"},"geometry":{"type":"Point","coordinates":[6.761749,51.279891]}},{"type":"Feature","properties":{"kind":"gate","ref":"B01","gtype":"parking_position"},"geometry":{"type":"Point","coordinates":[6.764115,51.280047]}},{"type":"Feature","properties":{"kind":"gate","ref":"B05","gtype":"parking_position"},"geometry":{"type":"Point","coordinates":[6.761748,51.280128]}},{"type":"Feature","properties":{"kind":"gate","ref":"B02","gtype":"parking_position"},"geometry":{"type":"Point","coordinates":[6.763624,51.280302]}},{"type":"Feature","properties":{"kind":"gate","ref":"B04","gtype":"parking_position"},"geometry":{"type":"Point","coordinates":[6.762262,51.280285]}},{"type":"Feature","properties":{"kind":"gate","ref":"B03","gtype":"parking_position"},"geometry":{"type":"Point","coordinates":[6.762866,51.28049]}},{"type":"Feature","properties":{"kind":"gate","ref":"V72","gtype":"parking_position"},"geometry":{"type":"Point","coordinates":[6.759288,51.277074]}},{"type":"Feature","properties":{"kind":"gate","ref":"V71","gtype":"parking_position"},"geometry":{"type":"Point","coordinates":[6.759319,51.277478]}},{"type":"Feature","properties":{"kind":"gate","ref":"A12","gtype":"parking_position"},"geometry":{"type":"Point","coordinates":[6.765594,51.281488]}},{"type":"Feature","properties":{"kind":"gate","ref":"A03","gtype":"parking_position"},"geometry":{"type":"Point","coordinates":[6.7671,51.281564]}},{"type":"Feature","properties":{"kind":"gate","ref":"A09","gtype":"parking_position"},"geometry":{"type":"Point","coordinates":[6.766646,51.282649]}},{"type":"Feature","properties":{"kind":"gate","ref":"A08","gtype":"parking_position"},"geometry":{"type":"Point","coordinates":[6.767178,51.282471]}},{"type":"Feature","properties":{"kind":"gate","ref":"A07","gtype":"parking_position"},"geometry":{"type":"Point","coordinates":[6.766906,51.282524]}},{"type":"Feature","properties":{"kind":"gate","ref":"A16","gtype":"parking_position"},"geometry":{"type":"Point","coordinates":[6.76548,51.280287]}},{"type":"Feature","properties":{"kind":"gate","ref":"A15","gtype":"parking_position"},"geometry":{"type":"Point","coordinates":[6.765465,51.28067]}},{"type":"Feature","properties":{"kind":"gate","ref":"A13","gtype":"parking_position"},"geometry":{"type":"Point","coordinates":[6.765582,51.281075]}},{"type":"Feature","properties":{"kind":"gate","ref":"V87","gtype":"parking_position"},"geometry":{"type":"Point","coordinates":[6.757681,51.275219]}},{"type":"Feature","properties":{"kind":"gate","ref":"V86","gtype":"parking_position"},"geometry":{"type":"Point","coordinates":[6.757403,51.275579]}},{"type":"Feature","properties":{"kind":"gate","ref":"V85","gtype":"parking_position"},"geometry":{"type":"Point","coordinates":[6.757125,51.275947]}},{"type":"Feature","properties":{"kind":"gate","ref":"V84","gtype":"parking_position"},"geometry":{"type":"Point","coordinates":[6.756728,51.276295]}},{"type":"Feature","properties":{"kind":"gate","ref":"C37","gtype":"gate"},"geometry":{"type":"Point","coordinates":[6.761906,51.276381]}},{"type":"Feature","properties":{"kind":"gate","ref":"C36","gtype":"gate"},"geometry":{"type":"Point","coordinates":[6.762581,51.276356]}},{"type":"Feature","properties":{"kind":"gate","ref":"C31","gtype":"gate"},"geometry":{"type":"Point","coordinates":[6.763392,51.276559]}},{"type":"Feature","properties":{"kind":"gate","ref":"C46","gtype":"gate"},"geometry":{"type":"Point","coordinates":[6.76159,51.276857]}},{"type":"Feature","properties":{"kind":"gate","ref":"C30","gtype":"gate"},"geometry":{"type":"Point","coordinates":[6.764138,51.276741]}},{"type":"Feature","properties":{"kind":"gate","ref":"C45","gtype":"gate"},"geometry":{"type":"Point","coordinates":[6.762072,51.277156]}},{"type":"Feature","properties":{"kind":"gate","ref":"C44","gtype":"gate"},"geometry":{"type":"Point","coordinates":[6.762953,51.277488]}},{"type":"Feature","properties":{"kind":"gate","ref":"C42","gtype":"gate"},"geometry":{"type":"Point","coordinates":[6.763242,51.277278]}},{"type":"Feature","properties":{"kind":"gate","ref":"C41","gtype":"gate"},"geometry":{"type":"Point","coordinates":[6.76336,51.277303]}},{"type":"Feature","properties":{"kind":"gate","ref":"C40","gtype":"gate"},"geometry":{"type":"Point","coordinates":[6.763628,51.277549]}},{"type":"Feature","properties":{"kind":"gate","ref":"A80","gtype":"gate"},"geometry":{"type":"Point","coordinates":[6.76684,51.280377]}},{"type":"Feature","properties":{"kind":"gate","ref":"B28","gtype":"gate"},"geometry":{"type":"Point","coordinates":[6.762393,51.279726]}},{"type":"Feature","properties":{"kind":"gate","ref":"B21","gtype":"gate"},"geometry":{"type":"Point","coordinates":[6.763807,51.279211]}},{"type":"Feature","properties":{"kind":"gate","ref":"B22","gtype":"gate"},"geometry":{"type":"Point","coordinates":[6.76364,51.279255]}},{"type":"Feature","properties":{"kind":"gate","ref":"B23","gtype":"gate"},"geometry":{"type":"Point","coordinates":[6.763273,51.279411]}},{"type":"Feature","properties":{"kind":"gate","ref":"B24","gtype":"gate"},"geometry":{"type":"Point","coordinates":[6.763214,51.279424]}},{"type":"Feature","properties":{"kind":"gate","ref":"B25","gtype":"gate"},"geometry":{"type":"Point","coordinates":[6.762687,51.279601]}},{"type":"Feature","properties":{"kind":"gate","ref":"B26","gtype":"gate"},"geometry":{"type":"Point","coordinates":[6.762613,51.279623]}},{"type":"Feature","properties":{"kind":"gate","ref":"B27","gtype":"gate"},"geometry":{"type":"Point","coordinates":[6.762374,51.279688]}},{"type":"Feature","properties":{"kind":"gate","ref":"B32","gtype":"gate"},"geometry":{"type":"Point","coordinates":[6.76432,51.279674]}},{"type":"Feature","properties":{"kind":"gate","ref":"B31","gtype":"gate"},"geometry":{"type":"Point","coordinates":[6.764373,51.279658]}},{"type":"Feature","properties":{"kind":"gate","ref":"B39","gtype":"gate"},"geometry":{"type":"Point","coordinates":[6.76257,51.279925]}},{"type":"Feature","properties":{"kind":"gate","ref":"B34","gtype":"gate"},"geometry":{"type":"Point","coordinates":[6.763605,51.279896]}},{"type":"Feature","properties":{"kind":"gate","ref":"B33","gtype":"gate"},"geometry":{"type":"Point","coordinates":[6.763655,51.279881]}},{"type":"Feature","properties":{"kind":"gate","ref":"B40","gtype":"gate"},"geometry":{"type":"Point","coordinates":[6.762598,51.279955]}},{"type":"Feature","properties":{"kind":"gate","ref":"B36","gtype":"gate"},"geometry":{"type":"Point","coordinates":[6.763063,51.280069]}},{"type":"Feature","properties":{"kind":"gate","ref":"B35","gtype":"gate"},"geometry":{"type":"Point","coordinates":[6.763123,51.28005]}},{"type":"Feature","properties":{"kind":"gate","ref":"B38","gtype":"gate"},"geometry":{"type":"Point","coordinates":[6.762735,51.280157]}},{"type":"Feature","properties":{"kind":"gate","ref":"B37","gtype":"gate"},"geometry":{"type":"Point","coordinates":[6.762804,51.280158]}},{"type":"Feature","properties":{"kind":"gate","ref":"A70","gtype":"gate"},"geometry":{"type":"Point","coordinates":[6.765765,51.280519]}},{"type":"Feature","properties":{"kind":"gate","ref":"A71","gtype":"gate"},"geometry":{"type":"Point","coordinates":[6.765817,51.280799]}},{"type":"Feature","properties":{"kind":"gate","ref":"A81","gtype":"gate"},"geometry":{"type":"Point","coordinates":[6.766879,51.280839]}},{"type":"Feature","properties":{"kind":"gate","ref":"A72","gtype":"gate"},"geometry":{"type":"Point","coordinates":[6.765903,51.281214]}},{"type":"Feature","properties":{"kind":"gate","ref":"A84","gtype":"gate"},"geometry":{"type":"Point","coordinates":[6.766973,51.281323]}},{"type":"Feature","properties":{"kind":"gate","ref":"A74","gtype":"gate"},"geometry":{"type":"Point","coordinates":[6.765963,51.281604]}},{"type":"Feature","properties":{"kind":"gate","ref":"B54","gtype":"gate"},"geometry":{"type":"Point","coordinates":[6.763227,51.279392]}},{"type":"Feature","properties":{"kind":"gate","ref":"B55","gtype":"gate"},"geometry":{"type":"Point","coordinates":[6.762662,51.279571]}},{"type":"Feature","properties":{"kind":"gate","ref":"B56","gtype":"gate"},"geometry":{"type":"Point","coordinates":[6.762593,51.279596]}},{"type":"Feature","properties":{"kind":"gate","ref":"B57","gtype":"gate"},"geometry":{"type":"Point","coordinates":[6.762333,51.279687]}},{"type":"Feature","properties":{"kind":"gate","ref":"B58","gtype":"gate"},"geometry":{"type":"Point","coordinates":[6.762358,51.279726]}},{"type":"Feature","properties":{"kind":"gate","ref":"B73","gtype":"gate"},"geometry":{"type":"Point","coordinates":[6.76365,51.279903]}},{"type":"Feature","properties":{"kind":"gate","ref":"B79","gtype":"gate"},"geometry":{"type":"Point","coordinates":[6.762526,51.279937]}},{"type":"Feature","properties":{"kind":"gate","ref":"B80","gtype":"gate"},"geometry":{"type":"Point","coordinates":[6.762546,51.27997]}},{"type":"Feature","properties":{"kind":"gate","ref":"B75","gtype":"gate"},"geometry":{"type":"Point","coordinates":[6.763138,51.280065]}},{"type":"Feature","properties":{"kind":"gate","ref":"B76","gtype":"gate"},"geometry":{"type":"Point","coordinates":[6.763078,51.280086]}},{"type":"Feature","properties":{"kind":"gate","ref":"B78","gtype":"gate"},"geometry":{"type":"Point","coordinates":[6.762736,51.280169]}},{"type":"Feature","properties":{"kind":"gate","ref":"B77","gtype":"gate"},"geometry":{"type":"Point","coordinates":[6.762803,51.28017]}},{"type":"Feature","properties":{"kind":"gate","ref":"V101","gtype":"parking_position"},"geometry":{"type":"Point","coordinates":[6.752898,51.277007]}},{"type":"Feature","properties":{"kind":"gate","ref":"V103","gtype":"parking_position"},"geometry":{"type":"Point","coordinates":[6.753278,51.276794]}},{"type":"Feature","properties":{"kind":"gate","ref":"V104","gtype":"parking_position"},"geometry":{"type":"Point","coordinates":[6.753992,51.275991]}},{"type":"Feature","properties":{"kind":"gate","ref":"V91A","gtype":"parking_position"},"geometry":{"type":"Point","coordinates":[6.756115,51.277395]}},{"type":"Feature","properties":{"kind":"gate","ref":"V91","gtype":"parking_position"},"geometry":{"type":"Point","coordinates":[6.755704,51.277403]}},{"type":"Feature","properties":{"kind":"gate","ref":"V08A","gtype":"parking_position"},"geometry":{"type":"Point","coordinates":[6.778759,51.288808]}},{"type":"Feature","properties":{"kind":"gate","ref":"V07","gtype":"parking_position"},"geometry":{"type":"Point","coordinates":[6.779645,51.288598]}},{"type":"Feature","properties":{"kind":"gate","ref":"V05","gtype":"parking_position"},"geometry":{"type":"Point","coordinates":[6.780291,51.288883]}},{"type":"Feature","properties":{"kind":"gate","ref":"V03","gtype":"parking_position"},"geometry":{"type":"Point","coordinates":[6.780853,51.289165]}},{"type":"Feature","properties":{"kind":"gate","ref":"V15","gtype":"parking_position"},"geometry":{"type":"Point","coordinates":[6.774278,51.286751]}},{"type":"Feature","properties":{"kind":"gate","ref":"V06","gtype":"parking_position"},"geometry":{"type":"Point","coordinates":[6.779314,51.289159]}},{"type":"Feature","properties":{"kind":"gate","ref":"V49","gtype":"parking_position"},"geometry":{"type":"Point","coordinates":[6.770319,51.283018]}},{"type":"Feature","properties":{"kind":"gate","ref":"V48","gtype":"parking_position"},"geometry":{"type":"Point","coordinates":[6.770828,51.283265]}},{"type":"Feature","properties":{"kind":"gate","ref":"V47","gtype":"parking_position"},"geometry":{"type":"Point","coordinates":[6.771343,51.283506]}},{"type":"Feature","properties":{"kind":"gate","ref":"V46","gtype":"parking_position"},"geometry":{"type":"Point","coordinates":[6.77199,51.283801]}},{"type":"Feature","properties":{"kind":"gate","ref":"V45","gtype":"parking_position"},"geometry":{"type":"Point","coordinates":[6.772517,51.284056]}},{"type":"Feature","properties":{"kind":"gate","ref":"V44","gtype":"parking_position"},"geometry":{"type":"Point","coordinates":[6.773355,51.28439]}},{"type":"Feature","properties":{"kind":"gate","ref":"V43","gtype":"parking_position"},"geometry":{"type":"Point","coordinates":[6.773797,51.284661]}},{"type":"Feature","properties":{"kind":"gate","ref":"V42","gtype":"parking_position"},"geometry":{"type":"Point","coordinates":[6.774402,51.284787]}},{"type":"Feature","properties":{"kind":"gate","ref":"V42A","gtype":"parking_position"},"geometry":{"type":"Point","coordinates":[6.774394,51.28491]}},{"type":"Feature","properties":{"kind":"gate","ref":"V40","gtype":"parking_position"},"geometry":{"type":"Point","coordinates":[6.775503,51.285235]}},{"type":"Feature","properties":{"kind":"gate","ref":"V40A","gtype":"parking_position"},"geometry":{"type":"Point","coordinates":[6.7753,51.285297]}},{"type":"Feature","properties":{"kind":"gate","ref":"V39","gtype":"parking_position"},"geometry":{"type":"Point","coordinates":[6.775802,51.285536]}},{"type":"Feature","properties":{"kind":"gate","ref":"V38A","gtype":"parking_position"},"geometry":{"type":"Point","coordinates":[6.776321,51.28562]}},{"type":"Feature","properties":{"kind":"gate","ref":"V38","gtype":"parking_position"},"geometry":{"type":"Point","coordinates":[6.776364,51.285799]}},{"type":"Feature","properties":{"kind":"gate","ref":"C03A","gtype":"parking_position"},"geometry":{"type":"Point","coordinates":[6.761595,51.277193]}},{"type":"Feature","properties":{"kind":"gate","ref":"C02A","gtype":"parking_position"},"geometry":{"type":"Point","coordinates":[6.762497,51.277328]}},{"type":"Feature","properties":{"kind":"gate","ref":"V76","gtype":"parking_position"},"geometry":{"type":"Point","coordinates":[6.759979,51.275668]}},{"type":"Feature","properties":{"kind":"gate","ref":"V75","gtype":"parking_position"},"geometry":{"type":"Point","coordinates":[6.759685,51.27602]}},{"type":"Feature","properties":{"kind":"gate","ref":"V74","gtype":"parking_position"},"geometry":{"type":"Point","coordinates":[6.75941,51.276344]}},{"type":"Feature","properties":{"kind":"gate","ref":"V73","gtype":"parking_position"},"geometry":{"type":"Point","coordinates":[6.759312,51.276671]}},{"type":"Feature","properties":{"kind":"gate","ref":"V63","gtype":"parking_position"},"geometry":{"type":"Point","coordinates":[6.759431,51.279134]}},{"type":"Feature","properties":{"kind":"gate","ref":"V61","gtype":"parking_position"},"geometry":{"type":"Point","coordinates":[6.759465,51.279942]}},{"type":"Feature","properties":{"kind":"gate","ref":"C47","gtype":"gate"},"geometry":{"type":"Point","coordinates":[6.762198,51.276854]}},{"type":"Feature","properties":{"kind":"gate","ref":"V92","gtype":"parking_position"},"geometry":{"type":"Point","coordinates":[6.755983,51.277043]}},{"type":"Feature","properties":{"kind":"gate","ref":"V93","gtype":"parking_position"},"geometry":{"type":"Point","coordinates":[6.756251,51.276673]}},{"type":"Feature","properties":{"kind":"gate","ref":"V102","gtype":"parking_position"},"geometry":{"type":"Point","coordinates":[6.753427,51.276718]}},{"type":"Feature","properties":{"kind":"gate","ref":"V80","gtype":"parking_position"},"geometry":{"type":"Point","coordinates":[6.756775,51.277905]}},{"type":"Feature","properties":{"kind":"gate","ref":"V81","gtype":"parking_position"},"geometry":{"type":"Point","coordinates":[6.756845,51.277631]}},{"type":"Feature","properties":{"kind":"gate","ref":"V82","gtype":"parking_position"},"geometry":{"type":"Point","coordinates":[6.756861,51.277229]}},{"type":"Feature","properties":{"kind":"gate","ref":"V82A","gtype":"parking_position"},"geometry":{"type":"Point","coordinates":[6.756494,51.277175]}},{"type":"Feature","properties":{"kind":"gate","ref":"V83","gtype":"parking_position"},"geometry":{"type":"Point","coordinates":[6.756986,51.276823]}},{"type":"Feature","properties":{"kind":"gate","ref":"V96","gtype":"parking_position"},"geometry":{"type":"Point","coordinates":[6.757062,51.275568]}},{"type":"Feature","properties":{"kind":"gate","ref":"V95","gtype":"parking_position"},"geometry":{"type":"Point","coordinates":[6.756752,51.275927]}},{"type":"Feature","properties":{"kind":"gate","ref":"V62","gtype":"parking_position"},"geometry":{"type":"Point","coordinates":[6.759443,51.279538]}},{"type":"Feature","properties":{"kind":"gate","ref":"V61A","gtype":"parking_position"},"geometry":{"type":"Point","coordinates":[6.759627,51.279764]}},{"type":"Feature","properties":{"kind":"gate","ref":"V44A","gtype":"parking_position"},"geometry":{"type":"Point","coordinates":[6.773634,51.284453]}},{"type":"Feature","properties":{"kind":"gate","ref":"V38B","gtype":"parking_position"},"geometry":{"type":"Point","coordinates":[6.775653,51.285294]}},{"type":"Feature","properties":{"kind":"gate","ref":"V02A","gtype":"parking_position"},"geometry":{"type":"Point","coordinates":[6.781606,51.289296]}},{"type":"Feature","properties":{"kind":"gate","ref":"V08B","gtype":"parking_position"},"geometry":{"type":"Point","coordinates":[6.779,51.288476]}},{"type":"Feature","properties":{"kind":"gate","ref":"V08C","gtype":"parking_position"},"geometry":{"type":"Point","coordinates":[6.779248,51.288444]}},{"type":"Feature","properties":{"kind":"gate","ref":"V07A","gtype":"parking_position"},"geometry":{"type":"Point","coordinates":[6.779823,51.288452]}},{"type":"Feature","properties":{"kind":"gate","ref":"V05A","gtype":"parking_position"},"geometry":{"type":"Point","coordinates":[6.780257,51.288669]}},{"type":"Feature","properties":{"kind":"gate","ref":"V04A","gtype":"parking_position"},"geometry":{"type":"Point","coordinates":[6.780707,51.288878]}},{"type":"Feature","properties":{"kind":"gate","ref":"V03A","gtype":"parking_position"},"geometry":{"type":"Point","coordinates":[6.781157,51.289087]}},{"type":"Feature","properties":{"kind":"gate","ref":"V72A","gtype":"parking_position"},"geometry":{"type":"Point","coordinates":[6.759508,51.277238]}},{"type":"Feature","properties":{"kind":"gate","ref":"V104A","gtype":"parking_position"},"geometry":{"type":"Point","coordinates":[6.753845,51.275846]}},{"type":"Feature","properties":{"kind":"gate","ref":"V103A","gtype":"parking_position"},"geometry":{"type":"Point","coordinates":[6.75337,51.276428]}},{"type":"Feature","properties":{"kind":"gate","ref":"V103","gtype":"parking_position"},"geometry":{"type":"Point","coordinates":[6.753716,51.276357]}},{"type":"Feature","properties":{"kind":"gate","ref":"V105","gtype":"parking_position"},"geometry":{"type":"Point","coordinates":[6.75422,51.275609]}},{"type":"Feature","properties":{"kind":"gate","ref":"A80","gtype":"gate"},"geometry":{"type":"Point","coordinates":[6.766878,51.28216]}},{"type":"Feature","properties":{"kind":"gate","ref":"A85","gtype":"gate"},"geometry":{"type":"Point","coordinates":[6.766612,51.28218]}},{"type":"Feature","properties":{"kind":"gate","ref":"A79","gtype":"gate"},"geometry":{"type":"Point","coordinates":[6.766291,51.282079]}},{"type":"Feature","properties":{"kind":"gate","ref":"A77","gtype":"gate"},"geometry":{"type":"Point","coordinates":[6.766282,51.281989]}},{"type":"Feature","properties":{"kind":"gate","ref":"A81","gtype":"gate"},"geometry":{"type":"Point","coordinates":[6.766297,51.282099]}},{"type":"Feature","properties":{"kind":"gate","ref":"A55","gtype":"gate"},"geometry":{"type":"Point","coordinates":[6.766288,51.282012]}},{"type":"Feature","properties":{"kind":"gate","ref":"A57","gtype":"gate"},"geometry":{"type":"Point","coordinates":[6.766304,51.282139]}},{"type":"Feature","properties":{"kind":"gate","ref":"A83","gtype":"gate"},"geometry":{"type":"Point","coordinates":[6.766301,51.282127]}},{"type":"Feature","properties":{"kind":"gate","ref":"A84","gtype":"gate"},"geometry":{"type":"Point","coordinates":[6.766799,51.282159]}},{"type":"Feature","properties":{"kind":"gate","ref":"A90","gtype":"gate"},"geometry":{"type":"Point","coordinates":[6.766616,51.282198]}},{"type":"Feature","properties":{"kind":"gate","ref":"A82","gtype":"gate"},"geometry":{"type":"Point","coordinates":[6.766841,51.281996]}},{"type":"Feature","properties":{"kind":"gate","ref":"A68","gtype":"gate"},"geometry":{"type":"Point","coordinates":[6.766824,51.281857]}},{"type":"Feature","properties":{"kind":"gate","ref":"A72","gtype":"gate"},"geometry":{"type":"Point","coordinates":[6.766823,51.281847]}},{"type":"Feature","properties":{"kind":"gate","ref":"A66","gtype":"gate"},"geometry":{"type":"Point","coordinates":[6.766812,51.281791]}},{"type":"Feature","properties":{"kind":"gate","ref":"A70","gtype":"gate"},"geometry":{"type":"Point","coordinates":[6.766809,51.281778]}},{"type":"Feature","properties":{"kind":"gate","ref":"A75","gtype":"gate"},"geometry":{"type":"Point","coordinates":[6.766288,51.282039]}},{"type":"Feature","properties":{"kind":"gate","ref":"A73","gtype":"gate"},"geometry":{"type":"Point","coordinates":[6.766227,51.281728]}},{"type":"Feature","properties":{"kind":"gate","ref":"B51","gtype":"gate"},"geometry":{"type":"Point","coordinates":[6.763802,51.27924]}},{"type":"Feature","properties":{"kind":"gate","ref":"V70","gtype":"parking_position"},"geometry":{"type":"Point","coordinates":[6.759342,51.277851]}},{"type":"Feature","properties":{"kind":"gate","ref":"V45A","gtype":"parking_position"},"geometry":{"type":"Point","coordinates":[6.772234,51.284025]}},{"type":"Feature","properties":{"kind":"gate","ref":"V41","gtype":"parking_position"},"geometry":{"type":"Point","coordinates":[6.774947,51.285002]}},{"type":"Feature","properties":{"kind":"gate","ref":"V14","gtype":"parking_position"},"geometry":{"type":"Point","coordinates":[6.774828,51.287014]}},{"type":"Feature","properties":{"kind":"gate","ref":"V16","gtype":"parking_position"},"geometry":{"type":"Point","coordinates":[6.773803,51.286567]}},{"type":"Feature","properties":{"kind":"gate","ref":"V17","gtype":"parking_position"},"geometry":{"type":"Point","coordinates":[6.773275,51.286324]}},{"type":"Feature","properties":{"kind":"gate","ref":"V18","gtype":"parking_position"},"geometry":{"type":"Point","coordinates":[6.772761,51.286079]}},{"type":"Feature","properties":{"kind":"gate","ref":"V19","gtype":"parking_position"},"geometry":{"type":"Point","coordinates":[6.77228,51.285845]}},{"type":"Feature","properties":{"kind":"gate","ref":"V20","gtype":"parking_position"},"geometry":{"type":"Point","coordinates":[6.771846,51.285635]}},{"type":"Feature","properties":{"kind":"gate","ref":"V21","gtype":"parking_position"},"geometry":{"type":"Point","coordinates":[6.771141,51.285293]}},{"type":"Feature","properties":{"kind":"gate","ref":"V22","gtype":"parking_position"},"geometry":{"type":"Point","coordinates":[6.770679,51.285089]}},{"type":"Feature","properties":{"kind":"gate","ref":"V23","gtype":"parking_position"},"geometry":{"type":"Point","coordinates":[6.770095,51.284802]}},{"type":"Feature","properties":{"kind":"gate","ref":"V24","gtype":"parking_position"},"geometry":{"type":"Point","coordinates":[6.769591,51.28456]}},{"type":"Feature","properties":{"kind":"gate","ref":"V13","gtype":"parking_position"},"geometry":{"type":"Point","coordinates":[6.775587,51.287393]}},{"type":"Feature","properties":{"kind":"gate","ref":"V12A","gtype":"parking_position"},"geometry":{"type":"Point","coordinates":[6.776004,51.2876]}},{"type":"Feature","properties":{"kind":"gate","ref":"V12","gtype":"parking_position"},"geometry":{"type":"Point","coordinates":[6.776125,51.287667]}},{"type":"Feature","properties":{"kind":"gate","ref":"V10","gtype":"parking_position"},"geometry":{"type":"Point","coordinates":[6.776913,51.287882]}},{"type":"Feature","properties":{"kind":"gate","ref":"V11","gtype":"parking_position"},"geometry":{"type":"Point","coordinates":[6.777283,51.287506]}},{"type":"Feature","properties":{"kind":"gate","ref":"V11A","gtype":"parking_position"},"geometry":{"type":"Point","coordinates":[6.776977,51.288083]}},{"type":"Feature","properties":{"kind":"gate","ref":"V50","gtype":"parking_position"},"geometry":{"type":"Point","coordinates":[6.770025,51.28284]}},{"type":"Feature","properties":{"kind":"gate","ref":"","gtype":"parking_position"},"geometry":{"type":"Point","coordinates":[6.756158,51.276192]}},{"type":"Feature","properties":{"kind":"gate","ref":"","gtype":"parking_position"},"geometry":{"type":"Point","coordinates":[6.757032,51.27511]}},{"type":"Feature","properties":{"kind":"gate","ref":"","gtype":"parking_position"},"geometry":{"type":"Point","coordinates":[6.764043,51.275858]}},{"type":"Feature","properties":{"kind":"gate","ref":"","gtype":"parking_position"},"geometry":{"type":"Point","coordinates":[6.761207,51.275751]}},{"type":"Feature","properties":{"kind":"gate","ref":"","gtype":"parking_position"},"geometry":{"type":"Point","coordinates":[6.761432,51.275635]}},{"type":"Feature","properties":{"kind":"gate","ref":"","gtype":"parking_position"},"geometry":{"type":"Point","coordinates":[6.762853,51.275563]}},{"type":"Feature","properties":{"kind":"gate","ref":"","gtype":"parking_position"},"geometry":{"type":"Point","coordinates":[6.762693,51.275556]}},{"type":"Feature","properties":{"kind":"gate","ref":"","gtype":"parking_position"},"geometry":{"type":"Point","coordinates":[6.76131,51.280417]}},{"type":"Feature","properties":{"kind":"gate","ref":"","gtype":"parking_position"},"geometry":{"type":"Point","coordinates":[6.761107,51.279989]}},{"type":"Feature","properties":{"kind":"gate","ref":"","gtype":"parking_position"},"geometry":{"type":"Point","coordinates":[6.762115,51.278954]}},{"type":"Feature","properties":{"kind":"gate","ref":"","gtype":"parking_position"},"geometry":{"type":"Point","coordinates":[6.763803,51.278631]}},{"type":"Feature","properties":{"kind":"gate","ref":"","gtype":"parking_position"},"geometry":{"type":"Point","coordinates":[6.759143,51.27748]}},{"type":"Feature","properties":{"kind":"gate","ref":"","gtype":"parking_position"},"geometry":{"type":"Point","coordinates":[6.758532,51.277143]}},{"type":"Feature","properties":{"kind":"gate","ref":"","gtype":"parking_position"},"geometry":{"type":"Point","coordinates":[6.758552,51.276639]}},{"type":"Feature","properties":{"kind":"gate","ref":"","gtype":"parking_position"},"geometry":{"type":"Point","coordinates":[6.75871,51.276214]}},{"type":"Feature","properties":{"kind":"gate","ref":"","gtype":"parking_position"},"geometry":{"type":"Point","coordinates":[6.758987,51.275867]}},{"type":"Feature","properties":{"kind":"gate","ref":"","gtype":"parking_position"},"geometry":{"type":"Point","coordinates":[6.759276,51.275512]}},{"type":"Feature","properties":{"kind":"gate","ref":"","gtype":"parking_position"},"geometry":{"type":"Point","coordinates":[6.767795,51.282116]}},{"type":"Feature","properties":{"kind":"gate","ref":"","gtype":"parking_position"},"geometry":{"type":"Point","coordinates":[6.767628,51.282762]}},{"type":"Feature","properties":{"kind":"gate","ref":"","gtype":"parking_position"},"geometry":{"type":"Point","coordinates":[6.765355,51.281996]}},{"type":"Feature","properties":{"kind":"gate","ref":"","gtype":"parking_position"},"geometry":{"type":"Point","coordinates":[6.765346,51.280287]}},{"type":"Feature","properties":{"kind":"gate","ref":"","gtype":"parking_position"},"geometry":{"type":"Point","coordinates":[6.757858,51.276468]}},{"type":"Feature","properties":{"kind":"gate","ref":"","gtype":"parking_position"},"geometry":{"type":"Point","coordinates":[6.758061,51.276119]}},{"type":"Feature","properties":{"kind":"gate","ref":"","gtype":"parking_position"},"geometry":{"type":"Point","coordinates":[6.758346,51.275757]}},{"type":"Feature","properties":{"kind":"gate","ref":"","gtype":"parking_position"},"geometry":{"type":"Point","coordinates":[6.758642,51.275391]}},{"type":"Feature","properties":{"kind":"gate","ref":"","gtype":"parking_position"},"geometry":{"type":"Point","coordinates":[6.774161,51.286288]}},{"type":"Feature","properties":{"kind":"gate","ref":"","gtype":"parking_position"},"geometry":{"type":"Point","coordinates":[6.774614,51.286478]}},{"type":"Feature","properties":{"kind":"gate","ref":"","gtype":"parking_position"},"geometry":{"type":"Point","coordinates":[6.771491,51.285014]}},{"type":"Feature","properties":{"kind":"gate","ref":"","gtype":"parking_position"},"geometry":{"type":"Point","coordinates":[6.771028,51.284807]}},{"type":"Feature","properties":{"kind":"gate","ref":"","gtype":"parking_position"},"geometry":{"type":"Point","coordinates":[6.78028,51.288893]}},{"type":"Feature","properties":{"kind":"gate","ref":"","gtype":"parking_position"},"geometry":{"type":"Point","coordinates":[6.772211,51.285348]}},{"type":"Feature","properties":{"kind":"gate","ref":"","gtype":"parking_position"},"geometry":{"type":"Point","coordinates":[6.780745,51.289254]}},{"type":"Feature","properties":{"kind":"gate","ref":"","gtype":"parking_position"},"geometry":{"type":"Point","coordinates":[6.778342,51.288608]}},{"type":"Feature","properties":{"kind":"gate","ref":"","gtype":"parking_position"},"geometry":{"type":"Point","coordinates":[6.779684,51.288566]}},{"type":"Feature","properties":{"kind":"gate","ref":"","gtype":"parking_position"},"geometry":{"type":"Point","coordinates":[6.776,51.287048]}},{"type":"Feature","properties":{"kind":"gate","ref":"","gtype":"parking_position"},"geometry":{"type":"Point","coordinates":[6.772658,51.285565]}},{"type":"Feature","properties":{"kind":"gate","ref":"","gtype":"parking_position"},"geometry":{"type":"Point","coordinates":[6.775169,51.286734]}},{"type":"Feature","properties":{"kind":"gate","ref":"","gtype":"parking_position"},"geometry":{"type":"Point","coordinates":[6.773128,51.285793]}},{"type":"Feature","properties":{"kind":"gate","ref":"","gtype":"parking_position"},"geometry":{"type":"Point","coordinates":[6.770449,51.284518]}},{"type":"Feature","properties":{"kind":"gate","ref":"","gtype":"parking_position"},"geometry":{"type":"Point","coordinates":[6.776556,51.287128]}},{"type":"Feature","properties":{"kind":"gate","ref":"","gtype":"parking_position"},"geometry":{"type":"Point","coordinates":[6.769934,51.284267]}},{"type":"Feature","properties":{"kind":"gate","ref":"","gtype":"parking_position"},"geometry":{"type":"Point","coordinates":[6.776688,51.287175]}},{"type":"Feature","properties":{"kind":"gate","ref":"","gtype":"parking_position"},"geometry":{"type":"Point","coordinates":[6.775907,51.285963]}},{"type":"Feature","properties":{"kind":"gate","ref":"","gtype":"parking_position"},"geometry":{"type":"Point","coordinates":[6.774243,51.285025]}},{"type":"Feature","properties":{"kind":"gate","ref":"","gtype":"parking_position"},"geometry":{"type":"Point","coordinates":[6.775682,51.285635]}},{"type":"Feature","properties":{"kind":"gate","ref":"","gtype":"parking_position"},"geometry":{"type":"Point","coordinates":[6.775291,51.285411]}},{"type":"Feature","properties":{"kind":"gate","ref":"","gtype":"parking_position"},"geometry":{"type":"Point","coordinates":[6.776132,51.285988]}},{"type":"Feature","properties":{"kind":"gate","ref":"","gtype":"parking_position"},"geometry":{"type":"Point","coordinates":[6.773615,51.284815]}},{"type":"Feature","properties":{"kind":"gate","ref":"","gtype":"parking_position"},"geometry":{"type":"Point","coordinates":[6.770143,51.283164]}},{"type":"Feature","properties":{"kind":"gate","ref":"","gtype":"parking_position"},"geometry":{"type":"Point","coordinates":[6.774188,51.284957]}},{"type":"Feature","properties":{"kind":"gate","ref":"","gtype":"parking_position"},"geometry":{"type":"Point","coordinates":[6.77182,51.28394]}},{"type":"Feature","properties":{"kind":"gate","ref":"","gtype":"parking_position"},"geometry":{"type":"Point","coordinates":[6.771172,51.283647]}},{"type":"Feature","properties":{"kind":"gate","ref":"","gtype":"parking_position"},"geometry":{"type":"Point","coordinates":[6.775159,51.285412]}},{"type":"Feature","properties":{"kind":"gate","ref":"","gtype":"parking_position"},"geometry":{"type":"Point","coordinates":[6.773306,51.284732]}},{"type":"Feature","properties":{"kind":"gate","ref":"","gtype":"parking_position"},"geometry":{"type":"Point","coordinates":[6.772351,51.284192]}},{"type":"Feature","properties":{"kind":"gate","ref":"","gtype":"parking_position"},"geometry":{"type":"Point","coordinates":[6.770659,51.283405]}},{"type":"Feature","properties":{"kind":"gate","ref":"","gtype":"parking_position"},"geometry":{"type":"Point","coordinates":[6.77301,51.284687]}},{"type":"Feature","properties":{"kind":"gate","ref":"","gtype":"parking_position"},"geometry":{"type":"Point","coordinates":[6.759119,51.279138]}},{"type":"Feature","properties":{"kind":"gate","ref":"","gtype":"parking_position"},"geometry":{"type":"Point","coordinates":[6.759462,51.279942]}},{"type":"Feature","properties":{"kind":"gate","ref":"","gtype":"parking_position"},"geometry":{"type":"Point","coordinates":[6.762761,51.278347]}},{"type":"Feature","properties":{"kind":"gate","ref":"","gtype":"parking_position"},"geometry":{"type":"Point","coordinates":[6.754738,51.27718]}},{"type":"Feature","properties":{"kind":"gate","ref":"","gtype":"parking_position"},"geometry":{"type":"Point","coordinates":[6.754915,51.277083]}},{"type":"Feature","properties":{"kind":"gate","ref":"","gtype":"parking_position"},"geometry":{"type":"Point","coordinates":[6.754957,51.277214]}},{"type":"Feature","properties":{"kind":"gate","ref":"","gtype":"parking_position"},"geometry":{"type":"Point","coordinates":[6.755261,51.276953]}},{"type":"Feature","properties":{"kind":"gate","ref":"","gtype":"parking_position"},"geometry":{"type":"Point","coordinates":[6.75542,51.276333]}},{"type":"Feature","properties":{"kind":"gate","ref":"","gtype":"parking_position"},"geometry":{"type":"Point","coordinates":[6.755407,51.276482]}},{"type":"Feature","properties":{"kind":"gate","ref":"","gtype":"parking_position"},"geometry":{"type":"Point","coordinates":[6.755127,51.276693]}},{"type":"Feature","properties":{"kind":"gate","ref":"","gtype":"parking_position"},"geometry":{"type":"Point","coordinates":[6.755126,51.276842]}},{"type":"Feature","properties":{"kind":"gate","ref":"","gtype":"parking_position"},"geometry":{"type":"Point","coordinates":[6.753334,51.277144]}},{"type":"Feature","properties":{"kind":"gate","ref":"","gtype":"parking_position"},"geometry":{"type":"Point","coordinates":[6.754312,51.276092]}},{"type":"Feature","properties":{"kind":"gate","ref":"","gtype":"parking_position"},"geometry":{"type":"Point","coordinates":[6.757901,51.27821]}},{"type":"Feature","properties":{"kind":"gate","ref":"","gtype":"parking_position"},"geometry":{"type":"Point","coordinates":[6.757656,51.27826]}},{"type":"Feature","properties":{"kind":"gate","ref":"","gtype":"parking_position"},"geometry":{"type":"Point","coordinates":[6.757898,51.27754]}},{"type":"Feature","properties":{"kind":"gate","ref":"","gtype":"parking_position"},"geometry":{"type":"Point","coordinates":[6.75771,51.277686]}},{"type":"Feature","properties":{"kind":"gate","ref":"","gtype":"parking_position"},"geometry":{"type":"Point","coordinates":[6.758335,51.277016]}},{"type":"Feature","properties":{"kind":"gate","ref":"","gtype":"parking_position"},"geometry":{"type":"Point","coordinates":[6.757888,51.277133]}},{"type":"Feature","properties":{"kind":"gate","ref":"","gtype":"parking_position"},"geometry":{"type":"Point","coordinates":[6.757702,51.277283]}},{"type":"Feature","properties":{"kind":"gate","ref":"","gtype":"parking_position"},"geometry":{"type":"Point","coordinates":[6.757692,51.27732]}},{"type":"Feature","properties":{"kind":"gate","ref":"","gtype":"parking_position"},"geometry":{"type":"Point","coordinates":[6.757508,51.277025]}},{"type":"Feature","properties":{"kind":"gate","ref":"","gtype":"parking_position"},"geometry":{"type":"Point","coordinates":[6.75789,51.27673]}},{"type":"Feature","properties":{"kind":"gate","ref":"","gtype":"parking_position"},"geometry":{"type":"Point","coordinates":[6.757172,51.27682]}},{"type":"Feature","properties":{"kind":"gate","ref":"","gtype":"parking_position"},"geometry":{"type":"Point","coordinates":[6.757887,51.276893]}},{"type":"Feature","properties":{"kind":"gate","ref":"","gtype":"parking_position"},"geometry":{"type":"Point","coordinates":[6.758377,51.276735]}},{"type":"Feature","properties":{"kind":"gate","ref":"","gtype":"parking_position"},"geometry":{"type":"Point","coordinates":[6.760695,51.276417]}},{"type":"Feature","properties":{"kind":"gate","ref":"","gtype":"parking_position"},"geometry":{"type":"Point","coordinates":[6.76139,51.276527]}},{"type":"Feature","properties":{"kind":"gate","ref":"","gtype":"parking_position"},"geometry":{"type":"Point","coordinates":[6.760713,51.276569]}},{"type":"Feature","properties":{"kind":"gate","ref":"","gtype":"parking_position"},"geometry":{"type":"Point","coordinates":[6.7592,51.275339]}},{"type":"Feature","properties":{"kind":"gate","ref":"","gtype":"parking_position"},"geometry":{"type":"Point","coordinates":[6.758553,51.275513]}},{"type":"Feature","properties":{"kind":"gate","ref":"","gtype":"parking_position"},"geometry":{"type":"Point","coordinates":[6.758035,51.275301]}},{"type":"Feature","properties":{"kind":"gate","ref":"","gtype":"parking_position"},"geometry":{"type":"Point","coordinates":[6.758263,51.275877]}},{"type":"Feature","properties":{"kind":"gate","ref":"","gtype":"parking_position"},"geometry":{"type":"Point","coordinates":[6.757749,51.275664]}},{"type":"Feature","properties":{"kind":"gate","ref":"","gtype":"parking_position"},"geometry":{"type":"Point","coordinates":[6.757745,51.276636]}},{"type":"Feature","properties":{"kind":"gate","ref":"","gtype":"parking_position"},"geometry":{"type":"Point","coordinates":[6.757277,51.276423]}},{"type":"Feature","properties":{"kind":"gate","ref":"","gtype":"parking_position"},"geometry":{"type":"Point","coordinates":[6.757963,51.276237]}},{"type":"Feature","properties":{"kind":"gate","ref":"","gtype":"parking_position"},"geometry":{"type":"Point","coordinates":[6.757456,51.276026]}},{"type":"Feature","properties":{"kind":"gate","ref":"","gtype":"parking_position"},"geometry":{"type":"Point","coordinates":[6.758636,51.276064]}},{"type":"Feature","properties":{"kind":"gate","ref":"","gtype":"parking_position"},"geometry":{"type":"Point","coordinates":[6.758936,51.275702]}},{"type":"Feature","properties":{"kind":"gate","ref":"","gtype":"parking_position"},"geometry":{"type":"Point","coordinates":[6.761193,51.278142]}},{"type":"Feature","properties":{"kind":"gate","ref":"","gtype":"parking_position"},"geometry":{"type":"Point","coordinates":[6.758362,51.277423]}},{"type":"Feature","properties":{"kind":"gate","ref":"","gtype":"parking_position"},"geometry":{"type":"Point","coordinates":[6.758358,51.277562]}},{"type":"Feature","properties":{"kind":"gate","ref":"","gtype":"parking_position"},"geometry":{"type":"Point","coordinates":[6.7606,51.27747]}},{"type":"Feature","properties":{"kind":"gate","ref":"","gtype":"parking_position"},"geometry":{"type":"Point","coordinates":[6.761384,51.277265]}},{"type":"Feature","properties":{"kind":"gate","ref":"","gtype":"parking_position"},"geometry":{"type":"Point","coordinates":[6.761576,51.277359]}},{"type":"Feature","properties":{"kind":"gate","ref":"","gtype":"parking_position"},"geometry":{"type":"Point","coordinates":[6.756739,51.275467]}},{"type":"Feature","properties":{"kind":"gate","ref":"","gtype":"parking_position"},"geometry":{"type":"Point","coordinates":[6.756433,51.275826]}},{"type":"Feature","properties":{"kind":"gate","ref":"","gtype":"parking_position"},"geometry":{"type":"Point","coordinates":[6.777555,51.28764]}},{"type":"Feature","properties":{"kind":"gate","ref":"","gtype":"parking_position"},"geometry":{"type":"Point","coordinates":[6.777286,51.288066]}},{"type":"Feature","properties":{"kind":"gate","ref":"","gtype":"parking_position"},"geometry":{"type":"Point","coordinates":[6.773648,51.286031]}},{"type":"Feature","properties":{"kind":"gate","ref":"","gtype":"parking_position"},"geometry":{"type":"Point","coordinates":[6.767612,51.2805]}},{"type":"Feature","properties":{"kind":"gate","ref":"","gtype":"parking_position"},"geometry":{"type":"Point","coordinates":[6.767036,51.280594]}},{"type":"Feature","properties":{"kind":"gate","ref":"","gtype":"parking_position"},"geometry":{"type":"Point","coordinates":[6.767843,51.280956]}},{"type":"Feature","properties":{"kind":"gate","ref":"","gtype":"parking_position"},"geometry":{"type":"Point","coordinates":[6.767165,51.28106]}},{"type":"Feature","properties":{"kind":"gate","ref":"","gtype":"parking_position"},"geometry":{"type":"Point","coordinates":[6.768011,51.281441]}},{"type":"Feature","properties":{"kind":"gate","ref":"","gtype":"parking_position"},"geometry":{"type":"Point","coordinates":[6.767263,51.281553]}},{"type":"Feature","properties":{"kind":"gate","ref":"","gtype":"parking_position"},"geometry":{"type":"Point","coordinates":[6.768103,51.281951]}},{"type":"Feature","properties":{"kind":"gate","ref":"","gtype":"parking_position"},"geometry":{"type":"Point","coordinates":[6.767623,51.282048]}},{"type":"Feature","properties":{"kind":"gate","ref":"","gtype":"parking_position"},"geometry":{"type":"Point","coordinates":[6.767307,51.283482]}},{"type":"Feature","properties":{"kind":"gate","ref":"","gtype":"parking_position"},"geometry":{"type":"Point","coordinates":[6.76701,51.282689]}},{"type":"Feature","properties":{"kind":"gate","ref":"","gtype":"parking_position"},"geometry":{"type":"Point","coordinates":[6.767649,51.283212]}},{"type":"Feature","properties":{"kind":"gate","ref":"","gtype":"parking_position"},"geometry":{"type":"Point","coordinates":[6.766878,51.282796]}},{"type":"Feature","properties":{"kind":"gate","ref":"","gtype":"parking_position"},"geometry":{"type":"Point","coordinates":[6.764755,51.28211]}},{"type":"Feature","properties":{"kind":"gate","ref":"","gtype":"parking_position"},"geometry":{"type":"Point","coordinates":[6.764831,51.282313]}},{"type":"Feature","properties":{"kind":"gate","ref":"","gtype":"parking_position"},"geometry":{"type":"Point","coordinates":[6.764694,51.281963]}},{"type":"Feature","properties":{"kind":"gate","ref":"","gtype":"parking_position"},"geometry":{"type":"Point","coordinates":[6.765644,51.281924]}},{"type":"Feature","properties":{"kind":"gate","ref":"","gtype":"parking_position"},"geometry":{"type":"Point","coordinates":[6.764494,51.281517]}},{"type":"Feature","properties":{"kind":"gate","ref":"","gtype":"parking_position"},"geometry":{"type":"Point","coordinates":[6.765411,51.2815]}},{"type":"Feature","properties":{"kind":"gate","ref":"","gtype":"parking_position"},"geometry":{"type":"Point","coordinates":[6.764617,51.28131]}},{"type":"Feature","properties":{"kind":"gate","ref":"","gtype":"parking_position"},"geometry":{"type":"Point","coordinates":[6.765355,51.281403]}},{"type":"Feature","properties":{"kind":"gate","ref":"","gtype":"parking_position"},"geometry":{"type":"Point","coordinates":[6.764415,51.281109]}},{"type":"Feature","properties":{"kind":"gate","ref":"","gtype":"parking_position"},"geometry":{"type":"Point","coordinates":[6.765385,51.281086]}},{"type":"Feature","properties":{"kind":"gate","ref":"","gtype":"parking_position"},"geometry":{"type":"Point","coordinates":[6.764581,51.280686]}},{"type":"Feature","properties":{"kind":"gate","ref":"","gtype":"parking_position"},"geometry":{"type":"Point","coordinates":[6.76534,51.280679]}},{"type":"Feature","properties":{"kind":"gate","ref":"","gtype":"parking_position"},"geometry":{"type":"Point","coordinates":[6.765104,51.280228]}},{"type":"Feature","properties":{"kind":"gate","ref":"","gtype":"parking_position"},"geometry":{"type":"Point","coordinates":[6.764532,51.280398]}},{"type":"Feature","properties":{"kind":"gate","ref":"","gtype":"parking_position"},"geometry":{"type":"Point","coordinates":[6.764173,51.280116]}},{"type":"Feature","properties":{"kind":"gate","ref":"","gtype":"parking_position"},"geometry":{"type":"Point","coordinates":[6.764005,51.280846]}},{"type":"Feature","properties":{"kind":"gate","ref":"","gtype":"parking_position"},"geometry":{"type":"Point","coordinates":[6.763661,51.280378]}},{"type":"Feature","properties":{"kind":"gate","ref":"","gtype":"parking_position"},"geometry":{"type":"Point","coordinates":[6.763111,51.28123]}},{"type":"Feature","properties":{"kind":"gate","ref":"","gtype":"parking_position"},"geometry":{"type":"Point","coordinates":[6.762882,51.280604]}},{"type":"Feature","properties":{"kind":"gate","ref":"","gtype":"parking_position"},"geometry":{"type":"Point","coordinates":[6.761847,51.280915]}},{"type":"Feature","properties":{"kind":"gate","ref":"","gtype":"parking_position"},"geometry":{"type":"Point","coordinates":[6.762051,51.280964]}},{"type":"Feature","properties":{"kind":"gate","ref":"","gtype":"parking_position"},"geometry":{"type":"Point","coordinates":[6.762209,51.280394]}},{"type":"Feature","properties":{"kind":"gate","ref":"","gtype":"parking_position"},"geometry":{"type":"Point","coordinates":[6.760959,51.280145]}},{"type":"Feature","properties":{"kind":"gate","ref":"","gtype":"parking_position"},"geometry":{"type":"Point","coordinates":[6.760837,51.279344]}},{"type":"Feature","properties":{"kind":"gate","ref":"","gtype":"parking_position"},"geometry":{"type":"Point","coordinates":[6.760932,51.279514]}},{"type":"Feature","properties":{"kind":"gate","ref":"","gtype":"parking_position"},"geometry":{"type":"Point","coordinates":[6.763353,51.278137]}},{"type":"Feature","properties":{"kind":"gate","ref":"","gtype":"parking_position"},"geometry":{"type":"Point","coordinates":[6.76344,51.277705]}},{"type":"Feature","properties":{"kind":"gate","ref":"","gtype":"parking_position"},"geometry":{"type":"Point","coordinates":[6.763473,51.278455]}},{"type":"Feature","properties":{"kind":"gate","ref":"","gtype":"parking_position"},"geometry":{"type":"Point","coordinates":[6.762659,51.278496]}},{"type":"Feature","properties":{"kind":"gate","ref":"","gtype":"parking_position"},"geometry":{"type":"Point","coordinates":[6.763161,51.278797]}},{"type":"Feature","properties":{"kind":"gate","ref":"","gtype":"parking_position"},"geometry":{"type":"Point","coordinates":[6.762279,51.278245]}},{"type":"Feature","properties":{"kind":"gate","ref":"","gtype":"parking_position"},"geometry":{"type":"Point","coordinates":[6.7625,51.277571]}},{"type":"Feature","properties":{"kind":"gate","ref":"","gtype":"parking_position"},"geometry":{"type":"Point","coordinates":[6.761938,51.27823]}},{"type":"Feature","properties":{"kind":"gate","ref":"","gtype":"parking_position"},"geometry":{"type":"Point","coordinates":[6.762342,51.27753]}},{"type":"Feature","properties":{"kind":"gate","ref":"","gtype":"parking_position"},"geometry":{"type":"Point","coordinates":[6.76124,51.278548]}},{"type":"Feature","properties":{"kind":"gate","ref":"","gtype":"parking_position"},"geometry":{"type":"Point","coordinates":[6.758361,51.279094]}},{"type":"Feature","properties":{"kind":"gate","ref":"","gtype":"parking_position"},"geometry":{"type":"Point","coordinates":[6.758367,51.279202]}},{"type":"Feature","properties":{"kind":"gate","ref":"","gtype":"parking_position"},"geometry":{"type":"Point","coordinates":[6.75839,51.279496]}},{"type":"Feature","properties":{"kind":"gate","ref":"","gtype":"parking_position"},"geometry":{"type":"Point","coordinates":[6.758712,51.27959]}},{"type":"Feature","properties":{"kind":"gate","ref":"","gtype":"parking_position"},"geometry":{"type":"Point","coordinates":[6.758499,51.279726]}},{"type":"Feature","properties":{"kind":"gate","ref":"","gtype":"parking_position"},"geometry":{"type":"Point","coordinates":[6.758745,51.279821]}},{"type":"Feature","properties":{"kind":"gate","ref":"","gtype":"parking_position"},"geometry":{"type":"Point","coordinates":[6.758428,51.279901]}},{"type":"Feature","properties":{"kind":"gate","ref":"","gtype":"parking_position"},"geometry":{"type":"Point","coordinates":[6.75843,51.280011]}},{"type":"Feature","properties":{"kind":"gate","ref":"","gtype":"parking_position"},"geometry":{"type":"Point","coordinates":[6.776124,51.286564]}},{"type":"Feature","properties":{"kind":"gate","ref":"","gtype":"parking_position"},"geometry":{"type":"Point","coordinates":[6.775787,51.285906]}},{"type":"Feature","properties":{"kind":"gate","ref":"","gtype":"parking_position"},"geometry":{"type":"Point","coordinates":[6.781549,51.289343]}},{"type":"Feature","properties":{"kind":"gate","ref":"","gtype":"parking_position"},"geometry":{"type":"Point","coordinates":[6.782039,51.289172]}},{"type":"Feature","properties":{"kind":"gate","ref":"","gtype":"parking_position"},"geometry":{"type":"Point","coordinates":[6.781385,51.289603]}},{"type":"Feature","properties":{"kind":"gate","ref":"","gtype":"parking_position"},"geometry":{"type":"Point","coordinates":[6.778922,51.288439]}},{"type":"Feature","properties":{"kind":"gate","ref":"","gtype":"parking_position"},"geometry":{"type":"Point","coordinates":[6.778812,51.288238]}},{"type":"Feature","properties":{"kind":"gate","ref":"","gtype":"parking_position"},"geometry":{"type":"Point","coordinates":[6.779856,51.288713]}},{"type":"Feature","properties":{"kind":"gate","ref":"","gtype":"parking_position"},"geometry":{"type":"Point","coordinates":[6.780238,51.288685]}},{"type":"Feature","properties":{"kind":"gate","ref":"","gtype":"parking_position"},"geometry":{"type":"Point","coordinates":[6.781246,51.288744]}},{"type":"Feature","properties":{"kind":"gate","ref":"","gtype":"parking_position"},"geometry":{"type":"Point","coordinates":[6.780787,51.289022]}},{"type":"Feature","properties":{"kind":"gate","ref":"","gtype":"parking_position"},"geometry":{"type":"Point","coordinates":[6.780673,51.288906]}},{"type":"Feature","properties":{"kind":"gate","ref":"","gtype":"parking_position"},"geometry":{"type":"Point","coordinates":[6.781104,51.289131]}},{"type":"Feature","properties":{"kind":"gate","ref":"","gtype":"parking_position"},"geometry":{"type":"Point","coordinates":[6.758432,51.277253]}},{"type":"Feature","properties":{"kind":"gate","ref":"","gtype":"parking_position"},"geometry":{"type":"Point","coordinates":[6.758904,51.277241]}},{"type":"Feature","properties":{"kind":"gate","ref":"","gtype":"parking_position"},"geometry":{"type":"Point","coordinates":[6.754702,51.27538]}},{"type":"Feature","properties":{"kind":"gate","ref":"","gtype":"parking_position"},"geometry":{"type":"Point","coordinates":[6.75426,51.275977]}},{"type":"Feature","properties":{"kind":"gate","ref":"","gtype":"parking_position"},"geometry":{"type":"Point","coordinates":[6.753807,51.276564]}},{"type":"Feature","properties":{"kind":"gate","ref":"","gtype":"parking_position"},"geometry":{"type":"Point","coordinates":[6.753747,51.276819]}},{"type":"Feature","properties":{"kind":"gate","ref":"","gtype":"parking_position"},"geometry":{"type":"Point","coordinates":[6.754036,51.276458]}},{"type":"Feature","properties":{"kind":"gate","ref":"","gtype":"parking_position"},"geometry":{"type":"Point","coordinates":[6.754807,51.275341]}},{"type":"Feature","properties":{"kind":"gate","ref":"","gtype":"parking_position"},"geometry":{"type":"Point","coordinates":[6.75454,51.275709]}},{"type":"Feature","properties":{"kind":"gate","ref":"","gtype":"parking_position"},"geometry":{"type":"Point","coordinates":[6.758381,51.277933]}},{"type":"Feature","properties":{"kind":"gate","ref":"","gtype":"parking_position"},"geometry":{"type":"Point","coordinates":[6.758386,51.277796]}},{"type":"Feature","properties":{"kind":"gate","ref":"","gtype":"parking_position"},"geometry":{"type":"Point","coordinates":[6.758959,51.277857]}},{"type":"Feature","properties":{"kind":"gate","ref":"","gtype":"parking_position"},"geometry":{"type":"Point","coordinates":[6.772068,51.284161]}},{"type":"Feature","properties":{"kind":"gate","ref":"","gtype":"parking_position"},"geometry":{"type":"Point","coordinates":[6.774721,51.285191]}},{"type":"Feature","properties":{"kind":"gate","ref":"","gtype":"parking_position"},"geometry":{"type":"Point","coordinates":[6.777535,51.287594]}},{"type":"Feature","properties":{"kind":"gate","ref":"","gtype":"parking_position"},"geometry":{"type":"Point","coordinates":[6.769354,51.283035]}},{"type":"Feature","properties":{"kind":"taxiway"},"geometry":{"type":"LineString","coordinates":[[6.7539033,51.2778972],[6.7537054,51.2780662],[6.7534191,51.2780578]]}},{"type":"Feature","properties":{"kind":"taxiway"},"geometry":{"type":"LineString","coordinates":[[6.7821082,51.2915691],[6.7823175,51.291828]]}},{"type":"Feature","properties":{"kind":"taxiway"},"geometry":{"type":"LineString","coordinates":[[6.7598812,51.282873],[6.7599788,51.282692],[6.759931,51.2825298]]}},{"type":"Feature","properties":{"kind":"taxiway"},"geometry":{"type":"LineString","coordinates":[[6.7535298,51.2783674],[6.7535555,51.2781952],[6.7534191,51.2780578]]}},{"type":"Feature","properties":{"kind":"taxiway"},"geometry":{"type":"LineString","coordinates":[[6.7582711,51.2803709],[6.7584195,51.2804905]]}},{"type":"Feature","properties":{"kind":"taxiway"},"geometry":{"type":"LineString","coordinates":[[6.782084,51.2981841],[6.7815385,51.2982991],[6.7810972,51.2986181],[6.7806579,51.298751],[6.7802915,51.2987216],[6.7795158,51.2983646]]}},{"type":"Feature","properties":{"kind":"taxiway"},"geometry":{"type":"LineString","coordinates":[[6.7558377,51.2792122],[6.7551089,51.2801358],[6.7549842,51.2804617],[6.7550153,51.2807309],[6.7551578,51.2809816],[6.7556789,51.2813602]]}},{"type":"Feature","properties":{"kind":"taxiway"},"geometry":{"type":"LineString","coordinates":[[6.7607404,51.2820399],[6.7600617,51.2827059]]}},{"type":"Feature","properties":{"kind":"taxiway"},"geometry":{"type":"LineString","coordinates":[[6.7686184,51.2837643],[6.7688581,51.2835843],[6.7691038,51.2835037],[6.7693556,51.2834944],[6.7695619,51.2835567]]}},{"type":"Feature","properties":{"kind":"taxiway"},"geometry":{"type":"LineString","coordinates":[[6.7750383,51.2905843],[6.7767507,51.2891759]]}},{"type":"Feature","properties":{"kind":"taxiway"},"geometry":{"type":"LineString","coordinates":[[6.772627,51.2950794],[6.7738049,51.2955188],[6.7752285,51.2958547],[6.7762753,51.2959138],[6.7772113,51.2958019],[6.7778958,51.2956093],[6.7787541,51.2951638],[6.7809145,51.2933851]]}},{"type":"Feature","properties":{"kind":"taxiway"},"geometry":{"type":"LineString","coordinates":[[6.7558425,51.2751456],[6.7541872,51.2746322],[6.7525584,51.2748493],[6.7523484,51.274928]]}},{"type":"Feature","properties":{"kind":"taxiway"},"geometry":{"type":"LineString","coordinates":[[6.7665366,51.2843122],[6.7676484,51.2848405]]}},{"type":"Feature","properties":{"kind":"taxiway"},"geometry":{"type":"LineString","coordinates":[[6.7856326,51.2947503],[6.7855513,51.2949233],[6.7852914,51.2950987],[6.7849419,51.2951682],[6.7845821,51.2951234]]}},{"type":"Feature","properties":{"kind":"taxiway"},"geometry":{"type":"LineString","coordinates":[[6.7820498,51.2908543],[6.7820005,51.2902598]]}},{"type":"Feature","properties":{"kind":"taxiway"},"geometry":{"type":"LineString","coordinates":[[6.7583622,51.2804125],[6.7582487,51.280219],[6.7581101,51.2772504]]}},{"type":"Feature","properties":{"kind":"taxiway"},"geometry":{"type":"LineString","coordinates":[[6.7611241,51.2753615],[6.7604722,51.276181],[6.7603908,51.2764371],[6.7604551,51.2784264]]}},{"type":"Feature","properties":{"kind":"taxiway"},"geometry":{"type":"LineString","coordinates":[[6.7630652,51.2814671],[6.7639819,51.2811082],[6.7649616,51.2801876]]}},{"type":"Feature","properties":{"kind":"taxiway"},"geometry":{"type":"LineString","coordinates":[[6.7669035,51.2844839],[6.76676,51.2842559],[6.7668731,51.2840247]]}},{"type":"Feature","properties":{"kind":"taxiway"},"geometry":{"type":"LineString","coordinates":[[6.7530774,51.2778945],[6.7521457,51.2774467],[6.7519632,51.2772047],[6.7518375,51.2762825],[6.7523484,51.274928]]}},{"type":"Feature","properties":{"kind":"taxiway"},"geometry":{"type":"LineString","coordinates":[[6.7818119,51.2926494],[6.7814363,51.2928466],[6.7808619,51.2929785],[6.7803001,51.29297],[6.7796801,51.2927958]]}},{"type":"Feature","properties":{"kind":"taxiway"},"geometry":{"type":"LineString","coordinates":[[6.7603834,51.2808959],[6.7607345,51.2807765],[6.7611269,51.2808297]]}},{"type":"Feature","properties":{"kind":"taxiway"},"geometry":{"type":"LineString","coordinates":[[6.7772377,51.2894103],[6.7770141,51.2891576],[6.777103,51.2888838]]}},{"type":"Feature","properties":{"kind":"taxiway"},"geometry":{"type":"LineString","coordinates":[[6.7573573,51.2799349],[6.7576205,51.2799851],[6.7579705,51.2799225],[6.7581515,51.2797926],[6.758208,51.2796079]]}},{"type":"Feature","properties":{"kind":"taxiway"},"geometry":{"type":"LineString","coordinates":[[6.7645033,51.282437],[6.7644066,51.2823083],[6.7641747,51.2811545],[6.7642373,51.2808783]]}},{"type":"Feature","properties":{"kind":"taxiway"},"geometry":{"type":"LineString","coordinates":[[6.7667651,51.2835174],[6.7669733,51.2837099],[6.766929,51.283975]]}},{"type":"Feature","properties":{"kind":"taxiway"},"geometry":{"type":"LineString","coordinates":[[6.7673784,51.2847127],[6.7675848,51.2849547],[6.7674775,51.2852515]]}},{"type":"Feature","properties":{"kind":"taxiway"},"geometry":{"type":"LineString","coordinates":[[6.7677914,51.2844539],[6.7677082,51.2847273],[6.7678953,51.2849564]]}},{"type":"Feature","properties":{"kind":"taxiway"},"geometry":{"type":"LineString","coordinates":[[6.7564374,51.2794978],[6.7559577,51.2794332],[6.7557407,51.2794836],[6.7555055,51.279632]]}},{"type":"Feature","properties":{"kind":"taxiway"},"geometry":{"type":"LineString","coordinates":[[6.7619412,51.2751222],[6.7615096,51.2751649],[6.7611241,51.2753615]]}},{"type":"Feature","properties":{"kind":"taxiway"},"geometry":{"type":"LineString","coordinates":[[6.7677914,51.2844539],[6.7674682,51.2845898],[6.7670712,51.2845645]]}},{"type":"Feature","properties":{"kind":"taxiway"},"geometry":{"type":"LineString","coordinates":[[6.775749,51.2900029],[6.7753294,51.2901746],[6.7748617,51.2902209],[6.7737824,51.2899859]]}},{"type":"Feature","properties":{"kind":"taxiway"},"geometry":{"type":"LineString","coordinates":[[6.7542665,51.2784607],[6.7538144,51.2783932],[6.7534004,51.2785264]]}},{"type":"Feature","properties":{"kind":"taxiway"},"geometry":{"type":"LineString","coordinates":[[6.7772377,51.2894103],[6.7768016,51.2893438],[6.7764069,51.2894597]]}},{"type":"Feature","properties":{"kind":"taxiway"},"geometry":{"type":"LineString","coordinates":[[6.7683362,51.2851699],[6.7678919,51.2851056],[6.7674775,51.2852515]]}},{"type":"Feature","properties":{"kind":"taxiway"},"geometry":{"type":"LineString","coordinates":[[6.760678,51.2821049],[6.7604397,51.2826016],[6.7604618,51.2831467],[6.7607517,51.28363],[6.7614494,51.2841111]]}},{"type":"Feature","properties":{"kind":"taxiway"},"geometry":{"type":"LineString","coordinates":[[6.7785584,51.2876778],[6.7789118,51.2875565],[6.7793079,51.2876061]]}},{"type":"Feature","properties":{"kind":"taxiway"},"geometry":{"type":"LineString","coordinates":[[6.777103,51.2888838],[6.7767164,51.2890134],[6.7762646,51.2889467]]}},{"type":"Feature","properties":{"kind":"taxiway"},"geometry":{"type":"LineString","coordinates":[[6.7601068,51.2746884],[6.7619412,51.2751222]]}},{"type":"Feature","properties":{"kind":"taxiway"},"geometry":{"type":"LineString","coordinates":[[6.7844699,51.2936274],[6.7846427,51.2938272],[6.7847052,51.2940827]]}},{"type":"Feature","properties":{"kind":"taxiway"},"geometry":{"type":"LineString","coordinates":[[6.7536797,51.2781814],[6.7552736,51.276197]]}},{"type":"Feature","properties":{"kind":"taxiway"},"geometry":{"type":"LineString","coordinates":[[6.7856326,51.2947503],[6.7855135,51.2955668]]}},{"type":"Feature","properties":{"kind":"taxiway"},"geometry":{"type":"LineString","coordinates":[[6.7683519,51.283993],[6.7683333,51.283739],[6.7678618,51.2835356]]}},{"type":"Feature","properties":{"kind":"taxiway"},"geometry":{"type":"LineString","coordinates":[[6.7539033,51.2778972],[6.7538647,51.2781386],[6.7540518,51.2783584]]}},{"type":"Feature","properties":{"kind":"taxiway"},"geometry":{"type":"LineString","coordinates":[[6.7609664,51.2818146],[6.7609022,51.2816244]]}},{"type":"Feature","properties":{"kind":"taxiway"},"geometry":{"type":"LineString","coordinates":[[6.7527686,51.279316],[6.7527348,51.2797597],[6.7528731,51.2799624],[6.7531924,51.2801767]]}},{"type":"Feature","properties":{"kind":"taxiway"},"geometry":{"type":"LineString","coordinates":[[6.7686184,51.2837643],[6.7686871,51.283464]]}},{"type":"Feature","properties":{"kind":"taxiway"},"geometry":{"type":"LineString","coordinates":[[6.7784978,51.2872197],[6.7786583,51.2874382],[6.7785584,51.2876778]]}},{"type":"Feature","properties":{"kind":"taxiway"},"geometry":{"type":"LineString","coordinates":[[6.7673612,51.2836278],[6.7678618,51.2835356]]}},{"type":"Feature","properties":{"kind":"taxiway"},"geometry":{"type":"LineString","coordinates":[[6.7672022,51.2835907],[6.767481,51.2835255]]}},{"type":"Feature","properties":{"kind":"taxiway"},"geometry":{"type":"LineString","coordinates":[[6.7846569,51.2944864],[6.7845645,51.2946409],[6.7842893,51.2947813],[6.7838091,51.2947555]]}},{"type":"Feature","properties":{"kind":"taxiway"},"geometry":{"type":"LineString","coordinates":[[6.7820498,51.2908543],[6.7819709,51.2910814],[6.7817049,51.291245],[6.7814306,51.2912918],[6.7810653,51.2912343]]}},{"type":"Feature","properties":{"kind":"taxiway"},"geometry":{"type":"LineString","coordinates":[[6.7559763,51.2783722],[6.7561942,51.2785849],[6.7561716,51.2787894]]}},{"type":"Feature","properties":{"kind":"taxiway"},"geometry":{"type":"LineString","coordinates":[[6.7821462,51.2920908],[6.7820406,51.2918037],[6.7817459,51.2915563]]}},{"type":"Feature","properties":{"kind":"taxiway"},"geometry":{"type":"LineString","coordinates":[[6.7762646,51.2889467],[6.7764797,51.2891778],[6.7764069,51.2894597]]}},{"type":"Feature","properties":{"kind":"taxiway"},"geometry":{"type":"LineString","coordinates":[[6.7568922,51.2788105],[6.7564584,51.2787522],[6.7560874,51.2788983]]}},{"type":"Feature","properties":{"kind":"taxiway"},"geometry":{"type":"LineString","coordinates":[[6.7493116,51.283644],[6.7493131,51.2838628],[6.7495406,51.2840806]]}},{"type":"Feature","properties":{"kind":"taxiway"},"geometry":{"type":"LineString","coordinates":[[6.7661471,51.2841272],[6.7665602,51.2841519],[6.7668731,51.2840247]]}},{"type":"Feature","properties":{"kind":"taxiway"},"geometry":{"type":"LineString","coordinates":[[6.7849436,51.297017],[6.7845223,51.2975747],[6.7837573,51.2980098],[6.7829655,51.2981784],[6.782084,51.2981841]]}},{"type":"Feature","properties":{"kind":"taxiway"},"geometry":{"type":"LineString","coordinates":[[6.7855135,51.2955668],[6.7852959,51.2962861],[6.7849436,51.297017]]}},{"type":"Feature","properties":{"kind":"taxiway"},"geometry":{"type":"LineString","coordinates":[[6.759508,51.2831845],[6.7572278,51.2850941],[6.7568728,51.2856672],[6.7567785,51.2861405],[6.756911,51.2867844],[6.757256,51.2873029],[6.7581455,51.288061],[6.7591574,51.2886641]]}},{"type":"Feature","properties":{"kind":"taxiway"},"geometry":{"type":"LineString","coordinates":[[6.78212,51.291736],[6.7824456,51.2918914]]}},{"type":"Feature","properties":{"kind":"taxiway"},"geometry":{"type":"LineString","coordinates":[[6.7809145,51.2933851],[6.7819962,51.2924792],[6.7821422,51.2921336],[6.78212,51.291736]]}},{"type":"Feature","properties":{"kind":"taxiway"},"geometry":{"type":"LineString","coordinates":[[6.7616666,51.2819895],[6.7611864,51.2818963],[6.7607404,51.2820399]]}},{"type":"Feature","properties":{"kind":"taxiway"},"geometry":{"type":"LineString","coordinates":[[6.7685236,51.2825654],[6.7683174,51.281471],[6.7677647,51.2803496]]}},{"type":"Feature","properties":{"kind":"taxiway"},"geometry":{"type":"LineString","coordinates":[[6.7686871,51.283464],[6.7685236,51.2825654]]}},{"type":"Feature","properties":{"kind":"taxiway"},"geometry":{"type":"LineString","coordinates":[[6.7852252,51.2932156],[6.7855892,51.2934818],[6.7857403,51.2938054]]}},{"type":"Feature","properties":{"kind":"taxiway"},"geometry":{"type":"LineString","coordinates":[[6.7831349,51.2913165],[6.7854073,51.2932154]]}},{"type":"Feature","properties":{"kind":"taxiway"},"geometry":{"type":"LineString","coordinates":[[6.7820313,51.290638],[6.7822662,51.2909013]]}},{"type":"Feature","properties":{"kind":"taxiway"},"geometry":{"type":"LineString","coordinates":[[6.7557682,51.2792995],[6.7556806,51.2791347]]}},{"type":"Feature","properties":{"kind":"taxiway"},"geometry":{"type":"LineString","coordinates":[[6.7596341,51.2810198],[6.7600109,51.281052],[6.7603422,51.2809302]]}},{"type":"Feature","properties":{"kind":"taxiway"},"geometry":{"type":"LineString","coordinates":[[6.7609703,51.2749074],[6.7611717,51.2750894],[6.7611241,51.2753615]]}},{"type":"Feature","properties":{"kind":"taxiway"},"geometry":{"type":"LineString","coordinates":[[6.7650012,51.2835775],[6.7648074,51.2833291],[6.7649311,51.2830763]]}},{"type":"Feature","properties":{"kind":"taxiway"},"geometry":{"type":"LineString","coordinates":[[6.7641605,51.283177],[6.7645875,51.2832208],[6.7649311,51.2830763]]}},{"type":"Feature","properties":{"kind":"taxiway"},"geometry":{"type":"LineString","coordinates":[[6.7603422,51.2809302],[6.7602483,51.2811753],[6.7604314,51.2814003]]}},{"type":"Feature","properties":{"kind":"taxiway"},"geometry":{"type":"LineString","coordinates":[[6.7625102,51.2823913],[6.7623331,51.2821589],[6.7624351,51.2819226]]}},{"type":"Feature","properties":{"kind":"taxiway"},"geometry":{"type":"LineString","coordinates":[[6.7624351,51.2819226],[6.7620843,51.2820435],[6.7616666,51.2819895]]}},{"type":"Feature","properties":{"kind":"taxiway"},"geometry":{"type":"LineString","coordinates":[[6.7649311,51.2830763],[6.7649483,51.283062]]}},{"type":"Feature","properties":{"kind":"taxiway"},"geometry":{"type":"LineString","coordinates":[[6.7600617,51.2827059],[6.7583622,51.2804125]]}},{"type":"Feature","properties":{"kind":"taxiway"},"geometry":{"type":"LineString","coordinates":[[6.7581101,51.2772504],[6.7581161,51.2764882],[6.7583419,51.2761228]]}},{"type":"Feature","properties":{"kind":"taxiway"},"geometry":{"type":"LineString","coordinates":[[6.7593247,51.2747818],[6.7583419,51.2761228]]}},{"type":"Feature","properties":{"kind":"taxiway"},"geometry":{"type":"LineString","coordinates":[[6.7523946,51.2798],[6.7536797,51.2781814]]}},{"type":"Feature","properties":{"kind":"taxiway"},"geometry":{"type":"LineString","coordinates":[[6.762806,51.2816233],[6.7652867,51.2828124]]}},{"type":"Feature","properties":{"kind":"taxiway"},"geometry":{"type":"LineString","coordinates":[[6.7667651,51.2835174],[6.7672022,51.2835907],[6.7689107,51.2834463]]}},{"type":"Feature","properties":{"kind":"taxiway"},"geometry":{"type":"LineString","coordinates":[[6.7619412,51.2751222],[6.7641437,51.2756462]]}},{"type":"Feature","properties":{"kind":"taxiway"},"geometry":{"type":"LineString","coordinates":[[6.784761,51.2960606],[6.7850346,51.2962476],[6.7855228,51.2962589],[6.785842,51.2960409],[6.7858203,51.2957178]]}},{"type":"Feature","properties":{"kind":"taxiway"},"geometry":{"type":"LineString","coordinates":[[6.7855837,51.2951447],[6.7853875,51.2953781],[6.7848189,51.2957303],[6.7847216,51.2959152]]}},{"type":"Feature","properties":{"kind":"taxiway"},"geometry":{"type":"LineString","coordinates":[[6.7625171,51.2818569],[6.7630652,51.2814671]]}},{"type":"Feature","properties":{"kind":"taxiway"},"geometry":{"type":"LineString","coordinates":[[6.7603834,51.2808959],[6.7603422,51.2809302]]}},{"type":"Feature","properties":{"kind":"taxiway"},"geometry":{"type":"LineString","coordinates":[[6.760483,51.2806439],[6.7604551,51.2784264]]}},{"type":"Feature","properties":{"kind":"taxiway"},"geometry":{"type":"LineString","coordinates":[[6.7815266,51.2912834],[6.7826151,51.2912266]]}},{"type":"Feature","properties":{"kind":"taxiway"},"geometry":{"type":"LineString","coordinates":[[6.7606313,51.2834778],[6.7600617,51.2827059]]}},{"type":"Feature","properties":{"kind":"taxiway"},"geometry":{"type":"LineString","coordinates":[[6.7845821,51.2951234],[6.7849673,51.2967692],[6.7849436,51.297017]]}},{"type":"Feature","properties":{"kind":"taxiway"},"geometry":{"type":"LineString","coordinates":[[6.782084,51.2981841],[6.7804196,51.2981052],[6.7793796,51.2979403],[6.7781334,51.2976113],[6.7769245,51.2971306]]}},{"type":"Feature","properties":{"kind":"taxiway"},"geometry":{"type":"LineString","coordinates":[[6.7857403,51.2938054],[6.7856326,51.2947503]]}},{"type":"Feature","properties":{"kind":"taxiway"},"geometry":{"type":"LineString","coordinates":[[6.78212,51.291736],[6.7820498,51.2908543]]}},{"type":"Feature","properties":{"kind":"taxiway"},"geometry":{"type":"LineString","coordinates":[[6.7767507,51.2891759],[6.7785584,51.2876778]]}},{"type":"Feature","properties":{"kind":"taxiway"},"geometry":{"type":"LineString","coordinates":[[6.7658204,51.2861925],[6.7660955,51.2862384],[6.7663943,51.2861456],[6.7674775,51.2852515],[6.7676484,51.2848405]]}},{"type":"Feature","properties":{"kind":"taxiway"},"geometry":{"type":"LineString","coordinates":[[6.7677914,51.2844539],[6.7686184,51.2837643]]}},{"type":"Feature","properties":{"kind":"taxiway"},"geometry":{"type":"LineString","coordinates":[[6.7600617,51.2827059],[6.759508,51.2831845]]}},{"type":"Feature","properties":{"kind":"taxiway"},"geometry":{"type":"LineString","coordinates":[[6.7596341,51.2810198],[6.7609022,51.2816244]]}},{"type":"Feature","properties":{"kind":"taxiway"},"geometry":{"type":"LineString","coordinates":[[6.7583622,51.2804125],[6.7596341,51.2810198]]}},{"type":"Feature","properties":{"kind":"taxiway"},"geometry":{"type":"LineString","coordinates":[[6.764664,51.2834204],[6.7665366,51.2843122]]}},{"type":"Feature","properties":{"kind":"taxiway"},"geometry":{"type":"LineString","coordinates":[[6.7767507,51.2891759],[6.78212,51.291736]]}},{"type":"Feature","properties":{"kind":"taxiway"},"geometry":{"type":"LineString","coordinates":[[6.7609022,51.2816244],[6.764664,51.2834204]]}},{"type":"Feature","properties":{"kind":"taxiway"},"geometry":{"type":"LineString","coordinates":[[6.7676484,51.2848405],[6.7767507,51.2891759]]}},{"type":"Feature","properties":{"kind":"taxiway"},"geometry":{"type":"LineString","coordinates":[[6.7558377,51.2792122],[6.7583622,51.2804125]]}},{"type":"Feature","properties":{"kind":"taxiway"},"geometry":{"type":"LineString","coordinates":[[6.7536797,51.2781814],[6.7558377,51.2792122]]}},{"type":"Feature","properties":{"kind":"taxiway"},"geometry":{"type":"LineString","coordinates":[[6.7668731,51.2840247],[6.766929,51.283975]]}},{"type":"Feature","properties":{"kind":"taxiway"},"geometry":{"type":"LineString","coordinates":[[6.766929,51.283975],[6.7674237,51.283573]]}},{"type":"Feature","properties":{"kind":"taxiway"},"geometry":{"type":"LineString","coordinates":[[6.7674237,51.283573],[6.7683841,51.2828065]]}},{"type":"Feature","properties":{"kind":"taxiway"},"geometry":{"type":"LineString","coordinates":[[6.7624351,51.2819226],[6.7625171,51.2818569]]}},{"type":"Feature","properties":{"kind":"taxiway"},"geometry":{"type":"LineString","coordinates":[[6.782566,51.2891602],[6.7827755,51.2893958],[6.7826659,51.2896527]]}},{"type":"Feature","properties":{"kind":"taxiway"},"geometry":{"type":"LineString","coordinates":[[6.7695619,51.2835567],[6.776115,51.2866257]]}},{"type":"Feature","properties":{"kind":"taxiway"},"geometry":{"type":"LineString","coordinates":[[6.7652867,51.2828124],[6.7667651,51.2835174]]}},{"type":"Feature","properties":{"kind":"taxiway"},"geometry":{"type":"LineString","coordinates":[[6.7567299,51.278615],[6.7563678,51.2786948],[6.756114,51.2788664]]}},{"type":"Feature","properties":{"kind":"taxiway"},"geometry":{"type":"LineString","coordinates":[[6.757536,51.2786046],[6.7579557,51.2784821],[6.7581447,51.2782257]]}},{"type":"Feature","properties":{"kind":"taxiway"},"geometry":{"type":"LineString","coordinates":[[6.7576593,51.2791775],[6.7581739,51.2791493]]}},{"type":"Feature","properties":{"kind":"taxiway"},"geometry":{"type":"LineString","coordinates":[[6.7548532,51.2778365],[6.7579806,51.279329]]}},{"type":"Feature","properties":{"kind":"taxiway"},"geometry":{"type":"LineString","coordinates":[[6.7561526,51.2788147],[6.7558377,51.2792122]]}},{"type":"Feature","properties":{"kind":"taxiway"},"geometry":{"type":"LineString","coordinates":[[6.7536797,51.2781814],[6.7534191,51.2780578]]}},{"type":"Feature","properties":{"kind":"taxiway"},"geometry":{"type":"LineString","coordinates":[[6.7820637,51.2910296],[6.7822981,51.2909902],[6.7825337,51.29103]]}},{"type":"Feature","properties":{"kind":"taxiway"},"geometry":{"type":"LineString","coordinates":[[6.7821399,51.2919485],[6.7824456,51.2918914]]}},{"type":"Feature","properties":{"kind":"taxiway"},"geometry":{"type":"LineString","coordinates":[[6.7663943,51.2861456],[6.7663222,51.2863072],[6.7664908,51.2865158]]}},{"type":"Feature","properties":{"kind":"taxiway"},"geometry":{"type":"LineString","coordinates":[[6.754705,51.2777687],[6.7543937,51.2775559],[6.754392,51.2772875]]}},{"type":"Feature","properties":{"kind":"taxiway"},"geometry":{"type":"LineString","coordinates":[[6.7548532,51.2778365],[6.754705,51.2777687]]}},{"type":"Feature","properties":{"kind":"taxiway"},"geometry":{"type":"LineString","coordinates":[[6.7539033,51.2778972],[6.754263,51.2777258],[6.754705,51.2777687]]}},{"type":"Feature","properties":{"kind":"taxiway"},"geometry":{"type":"LineString","coordinates":[[6.7563666,51.278559],[6.7567299,51.278615]]}},{"type":"Feature","properties":{"kind":"taxiway"},"geometry":{"type":"LineString","coordinates":[[6.7593247,51.2747818],[6.7597142,51.2746383],[6.7601068,51.2746884]]}},{"type":"Feature","properties":{"kind":"taxiway"},"geometry":{"type":"LineString","coordinates":[[6.7581663,51.2789443],[6.7579486,51.2786797],[6.757536,51.2786046]]}},{"type":"Feature","properties":{"kind":"taxiway"},"geometry":{"type":"LineString","coordinates":[[6.7581381,51.2780794],[6.758354,51.2783479],[6.7587322,51.2784469]]}},{"type":"Feature","properties":{"kind":"taxiway"},"geometry":{"type":"LineString","coordinates":[[6.7587322,51.2784469],[6.7583245,51.2785844],[6.7581649,51.2788286]]}},{"type":"Feature","properties":{"kind":"taxiway"},"geometry":{"type":"LineString","coordinates":[[6.7604359,51.2778358],[6.7605183,51.2780326],[6.760772,51.2782514],[6.7613746,51.2784107]]}},{"type":"Feature","properties":{"kind":"taxiway"},"geometry":{"type":"LineString","coordinates":[[6.7552736,51.276197],[6.755345,51.27598],[6.7565211,51.2745164],[6.7566857,51.2744191],[6.7568895,51.2743721],[6.7572516,51.2743989],[6.7585432,51.2748115]]}},{"type":"Feature","properties":{"kind":"taxiway"},"geometry":{"type":"LineString","coordinates":[[6.7689107,51.2834463],[6.769229,51.2834574],[6.7695619,51.2835567]]}},{"type":"Feature","properties":{"kind":"taxiway"},"geometry":{"type":"LineString","coordinates":[[6.7690893,51.283331],[6.7687811,51.283163],[6.7685939,51.2829527]]}},{"type":"Feature","properties":{"kind":"taxiway"},"geometry":{"type":"LineString","coordinates":[[6.7695619,51.2835567],[6.7690893,51.283331]]}},{"type":"Feature","properties":{"kind":"taxiway"},"geometry":{"type":"LineString","coordinates":[[6.7683841,51.2828065],[6.7685236,51.2825654]]}},{"type":"Feature","properties":{"kind":"taxiway"},"geometry":{"type":"LineString","coordinates":[[6.7649483,51.283062],[6.7653611,51.2829434],[6.7657121,51.2830121]]}},{"type":"Feature","properties":{"kind":"taxiway"},"geometry":{"type":"LineString","coordinates":[[6.7649483,51.283062],[6.76503,51.2828249],[6.7648618,51.2826106]]}},{"type":"Feature","properties":{"kind":"taxiway"},"geometry":{"type":"LineString","coordinates":[[6.7630652,51.2814671],[6.7627622,51.2815021],[6.7623816,51.2814268]]}},{"type":"Feature","properties":{"kind":"taxiway"},"geometry":{"type":"LineString","coordinates":[[6.7625171,51.2818569],[6.76284,51.2817705],[6.7632064,51.2818218]]}},{"type":"Feature","properties":{"kind":"taxiway"},"geometry":{"type":"LineString","coordinates":[[6.7625171,51.2818569],[6.7625456,51.2816067],[6.7623816,51.2814268]]}},{"type":"Feature","properties":{"kind":"taxiway"},"geometry":{"type":"LineString","coordinates":[[6.7604756,51.2803566],[6.7607156,51.280633]]}},{"type":"Feature","properties":{"kind":"taxiway"},"geometry":{"type":"LineString","coordinates":[[6.7607156,51.280633],[6.762806,51.2816233]]}},{"type":"Feature","properties":{"kind":"taxiway"},"geometry":{"type":"LineString","coordinates":[[6.7598306,51.2784326],[6.7602691,51.2783017],[6.7604408,51.278066]]}},{"type":"Feature","properties":{"kind":"taxiway"},"geometry":{"type":"LineString","coordinates":[[6.7598306,51.2784326],[6.7602409,51.2785257],[6.7604669,51.2787893]]}},{"type":"Feature","properties":{"kind":"taxiway"},"geometry":{"type":"LineString","coordinates":[[6.7604669,51.2787893],[6.7606647,51.2785308],[6.7610764,51.2784167]]}},{"type":"Feature","properties":{"kind":"taxiway"},"geometry":{"type":"LineString","coordinates":[[6.7773032,51.2866542],[6.7788881,51.2874062]]}},{"type":"Feature","properties":{"kind":"taxiway"},"geometry":{"type":"LineString","coordinates":[[6.7765186,51.2866604],[6.7769277,51.2866075]]}},{"type":"Feature","properties":{"kind":"taxiway"},"geometry":{"type":"LineString","coordinates":[[6.776115,51.2866257],[6.7765186,51.2866604]]}},{"type":"Feature","properties":{"kind":"taxiway"},"geometry":{"type":"LineString","coordinates":[[6.7769277,51.2866075],[6.7773032,51.2866542]]}},{"type":"Feature","properties":{"kind":"taxiway"},"geometry":{"type":"LineString","coordinates":[[6.7826659,51.2896527],[6.7820441,51.2901673]]}},{"type":"Feature","properties":{"kind":"taxiway"},"geometry":{"type":"LineString","coordinates":[[6.7820441,51.2901673],[6.7820005,51.2902598]]}},{"type":"Feature","properties":{"kind":"taxiway"},"geometry":{"type":"LineString","coordinates":[[6.7788881,51.2874062],[6.782566,51.2891602]]}},{"type":"Feature","properties":{"kind":"taxiway"},"geometry":{"type":"LineString","coordinates":[[6.7579806,51.279329],[6.758208,51.2796079]]}},{"type":"Feature","properties":{"kind":"taxiway"},"geometry":{"type":"LineString","coordinates":[[6.7603834,51.2808959],[6.760483,51.2806439]]}},{"type":"Feature","properties":{"kind":"taxiway"},"geometry":{"type":"LineString","coordinates":[[6.7607404,51.2820399],[6.7609664,51.2818146]]}},{"type":"Feature","properties":{"kind":"taxiway"},"geometry":{"type":"LineString","coordinates":[[6.7678953,51.2849564],[6.7683362,51.2851699]]}},{"type":"Feature","properties":{"kind":"taxiway"},"geometry":{"type":"LineString","coordinates":[[6.7676484,51.2848405],[6.7677914,51.2844539]]}},{"type":"Feature","properties":{"kind":"taxiway"},"geometry":{"type":"LineString","coordinates":[[6.7847052,51.2940827],[6.7845821,51.2951234]]}},{"type":"Feature","properties":{"kind":"taxiway"},"geometry":{"type":"LineString","coordinates":[[6.7824456,51.2918914],[6.7844699,51.2936274]]}},{"type":"Feature","properties":{"kind":"taxiway"},"geometry":{"type":"LineString","coordinates":[[6.7854073,51.2932154],[6.7856495,51.2934961],[6.7857403,51.2938054]]}},{"type":"Feature","properties":{"kind":"taxiway"},"geometry":{"type":"LineString","coordinates":[[6.7824456,51.2918914],[6.7852252,51.2932156]]}},{"type":"Feature","properties":{"kind":"taxiway"},"geometry":{"type":"LineString","coordinates":[[6.7826151,51.2912266],[6.7831349,51.2913165]]}},{"type":"Feature","properties":{"kind":"taxiway"},"geometry":{"type":"LineString","coordinates":[[6.7822662,51.2909013],[6.7825337,51.29103]]}},{"type":"Feature","properties":{"kind":"taxiway"},"geometry":{"type":"LineString","coordinates":[[6.7825337,51.29103],[6.7831349,51.2913165]]}},{"type":"Feature","properties":{"kind":"taxiway"},"geometry":{"type":"LineString","coordinates":[[6.7810707,51.2934582],[6.7810146,51.2931615],[6.7813012,51.2928926]]}},{"type":"Feature","properties":{"kind":"taxiway"},"geometry":{"type":"LineString","coordinates":[[6.7753797,51.290305],[6.7752667,51.2905574],[6.7754409,51.2907761]]}},{"type":"Feature","properties":{"kind":"taxiway"},"geometry":{"type":"LineString","coordinates":[[6.7534191,51.2780578],[6.7530774,51.2778945]]}},{"type":"Feature","properties":{"kind":"taxiway"},"geometry":{"type":"LineString","coordinates":[[6.7551797,51.2788956],[6.7555905,51.2788933],[6.7559427,51.2790802]]}},{"type":"Feature","properties":{"kind":"taxiway"},"geometry":{"type":"LineString","coordinates":[[6.7567299,51.278615],[6.757536,51.2786046],[6.7587322,51.2784469],[6.7633067,51.2784133]]}},{"type":"Feature","properties":{"kind":"taxiway"},"geometry":{"type":"LineString","coordinates":[[6.7561716,51.2787894],[6.7558,51.278982],[6.7555521,51.2789969],[6.755246,51.2789278]]}},{"type":"Feature","properties":{"kind":"taxiway"},"geometry":{"type":"LineString","coordinates":[[6.7560874,51.2788983],[6.7560205,51.2791541],[6.7562253,51.2793951]]}},{"type":"Feature","properties":{"kind":"taxiway"},"geometry":{"type":"LineString","coordinates":[[6.7585432,51.2748115],[6.7588945,51.2749426],[6.7590441,51.2751344]]}},{"type":"Feature","properties":{"kind":"taxiway"},"geometry":{"type":"LineString","coordinates":[[6.7585432,51.2748115],[6.7588516,51.2748126],[6.7595636,51.2746655]]}},{"type":"Feature","properties":{"kind":"taxiway"},"geometry":{"type":"LineString","coordinates":[[6.7559141,51.2752718],[6.7558425,51.2751456]]}},{"type":"Feature","properties":{"kind":"taxiway"},"geometry":{"type":"LineString","coordinates":[[6.7558425,51.2751456],[6.756045,51.2751088]]}},{"type":"Feature","properties":{"kind":"taxiway"},"geometry":{"type":"LineString","coordinates":[[6.752952,51.2737898],[6.7525584,51.2748493]]}},{"type":"Feature","properties":{"kind":"taxiway"},"geometry":{"type":"LineString","coordinates":[[6.7497356,51.2831065],[6.7491196,51.2838796]]}},{"type":"Feature","properties":{"kind":"taxiway"},"geometry":{"type":"LineString","coordinates":[[6.7523946,51.2798],[6.7497356,51.2831065]]}}]}