{"type": "FeatureCollection", "meta": {"iata": "FRA", "name": "Frankfurt Airport", "city": "Frankfurt", "center": [50.0379, 8.5622], "elev_m": 111, "source": "OpenStreetMap (© OpenStreetMap contributors, ODbL)"}, "features": [{"type": "Feature", "properties": {"kind": "building", "h": 9.0, "name": "251 + 252 (V3)"}, "geometry": {"type": "Polygon", "coordinates": [[[8.576127, 50.045903], [8.576167, 50.045835], [8.576374, 50.045477], [8.576868, 50.045595], [8.576944, 50.045614], [8.577591, 50.045768], [8.577853, 50.045831], [8.579007, 50.046107], [8.57876, 50.046533], [8.576127, 50.045903]]]}}, {"type": "Feature", "properties": {"kind": "building", "h": 7.0, "name": "ASG Airport Service Gesellschaft mbH"}, "geometry": {"type": "Polygon", "coordinates": [[[8.566889, 50.043135], [8.567311, 50.043236], [8.567068, 50.043655], [8.566646, 50.043553], [8.566889, 50.043135]]]}}, {"type": "Feature", "properties": {"kind": "building", "h": 7.0, "name": "396 (V5b)"}, "geometry": {"type": "Polygon", "coordinates": [[[8.564769, 50.042707], [8.563881, 50.042495], [8.563638, 50.042912], [8.564121, 50.043027], [8.564527, 50.043122], [8.564685, 50.042848], [8.564688, 50.042843], [8.564683, 50.042842], [8.56472, 50.042778], [8.564727, 50.04278], [8.564769, 50.042707]]]}}, {"type": "Feature", "properties": {"kind": "building", "h": 9.0, "name": "Flugzeughalle 5"}, "geometry": {"type": "Polygon", "coordinates": [[[8.557886, 50.045395], [8.558019, 50.045164], [8.55836, 50.044586], [8.558266, 50.044563], [8.557768, 50.044443], [8.557525, 50.044384], [8.557326, 50.044336], [8.557074, 50.044275], [8.556885, 50.044229], [8.556718, 50.044189], [8.556559, 50.044151], [8.556443, 50.044122], [8.556001, 50.044016], [8.555912, 50.043994], [8.555704, 50.043944], [8.555559, 50.043909], [8.555361, 50.043861], [8.555117, 50.043802], [8.554936, 50.043758], [8.554908, 50.043751], [8.554675, 50.043695], [8.554454, 50.043642], [8.554114, 50.04356], [8.55364, 50.044369], [8.553961, 50.044445], [8.554202, 50.044509], [8.554123, 50.044623], [8.554634, 50.044756], [8.554688, 50.044677], [8.554988, 50.044744], [8.554933, 50.044825], [8.555369, 50.044927], [8.555421, 50.044839], [8.55598, 50.044954], [8.555926, 50.045063], [8.556328, 50.045156], [8.556392, 50.045052], [8.556767, 50.045136], [8.556707, 50.045251], [8.557146, 50.045352], [8.55721, 50.045235], [8.557518, 50.045304], [8.557886, 50.045395]]]}}, {"type": "Feature", "properties": {"kind": "terminal", "h": 18.0, "name": "Terminal 1 Flugsteig A"}, "geometry": {"type": "Polygon", "coordinates": [[[8.565911, 50.04477], [8.565869, 50.04476], [8.565766, 50.044735], [8.565692, 50.044718], [8.56567, 50.044756], [8.565618, 50.044737], [8.565573, 50.044718], [8.565508, 50.044689], [8.565516, 50.044675], [8.565531, 50.044649], [8.565459, 50.044631], [8.565393, 50.044615], [8.565373, 50.04465], [8.565159, 50.044598], [8.565141, 50.044629], [8.565097, 50.044615], [8.56504, 50.044592], [8.564987, 50.044561], [8.564989, 50.044558], [8.565009, 50.044523], [8.564938, 50.044506], [8.564876, 50.044491], [8.564856, 50.044526], [8.564638, 50.044474], [8.564622, 50.044501], [8.564575, 50.044487], [8.564521, 50.044466], [8.564462, 50.044433], [8.564463, 50.044432], [8.564485, 50.044394], [8.564409, 50.044375], [8.564351, 50.044362], [8.564329, 50.0444], [8.564109, 50.044347], [8.564093, 50.044375], [8.564049, 50.04436], [8.563994, 50.044338], [8.56393, 50.044306], [8.563854, 50.044288], [8.563788, 50.044272], [8.563587, 50.044224], [8.563572, 50.04425], [8.563503, 50.044227], [8.563457, 50.044209], [8.563404, 50.044179], [8.563342, 50.044164], [8.563289, 50.044151], [8.563061, 50.044096], [8.563044, 50.044126], [8.562994, 50.044112], [8.562942, 50.044088], [8.562883, 50.044052], [8.562819, 50.044037], [8.562755, 50.044022], [8.562537, 50.043969], [8.562518, 50.044001], [8.562464, 50.04398], [8.562414, 50.043959], [8.562365, 50.043928], [8.562385, 50.043893], [8.562318, 50.043877], [8.562246, 50.04386], [8.562227, 50.043893], [8.562016, 50.043842], [8.561998, 50.043873], [8.561935, 50.043853], [8.561886, 50.043831], [8.561838, 50.043803], [8.56184, 50.0438], [8.561859, 50.043767], [8.561795, 50.043752], [8.561728, 50.043736], [8.561709, 50.043768], [8.561488, 50.043715], [8.561593, 50.043536], [8.561814, 50.043589], [8.561883, 50.043605], [8.561945, 50.04362], [8.562332, 50.043713], [8.562405, 50.043731], [8.56247, 50.043746], [8.562861, 50.04384], [8.562927, 50.043856], [8.562989, 50.043871], [8.563395, 50.043968], [8.56345, 50.043982], [8.56351, 50.043996], [8.563895, 50.044088], [8.563963, 50.044105], [8.564036, 50.044122], [8.564435, 50.044218], [8.564495, 50.044232], [8.564569, 50.04425], [8.564962, 50.044344], [8.565025, 50.044359], [8.565095, 50.044376], [8.565478, 50.044468], [8.565546, 50.044485], [8.565617, 50.044502], [8.565867, 50.044562], [8.566085, 50.044614], [8.566271, 50.044659], [8.566302, 50.044697], [8.566317, 50.044692], [8.566376, 50.044675], [8.56647, 50.044807], [8.566512, 50.044795], [8.566679, 50.044746], [8.566755, 50.044853], [8.566853, 50.044824], [8.567039, 50.045087], [8.566947, 50.045113], [8.567057, 50.045268], [8.567026, 50.045277], [8.567053, 50.045315], [8.566991, 50.045333], [8.566888, 50.045363], [8.566962, 50.045467], [8.566807, 50.045513], [8.566892, 50.045633], [8.567054, 50.045585], [8.567187, 50.045781], [8.567336, 50.045737], [8.567348, 50.045754], [8.567361, 50.045772], [8.567373, 50.045789], [8.567308, 50.045808], [8.567388, 50.045921], [8.567364, 50.045929], [8.567283, 50.045815], [8.567224, 50.045832], [8.567384, 50.046059], [8.567252, 50.046097], [8.567332, 50.046211], [8.567469, 50.046171], [8.56758, 50.046328], [8.567744, 50.04628], [8.567779, 50.04633], [8.567729, 50.046345], [8.567614, 50.046378], [8.567736, 50.04655], [8.567621, 50.046584], [8.567703, 50.0467], [8.567822, 50.046665], [8.567934, 50.046823], [8.568099, 50.046775], [8.568131, 50.04682], [8.568074, 50.046836], [8.567962, 50.046869], [8.568088, 50.047046], [8.567945, 50.047088], [8.568024, 50.047201], [8.568169, 50.047159], [8.568273, 50.047305], [8.56844, 50.047257], [8.568476, 50.047308], [8.568426, 50.047322], [8.568309, 50.047356], [8.568631, 50.047811], [8.568806, 50.04776], [8.568836, 50.047803], [8.56877, 50.047822], [8.56867, 50.047852], [8.568787, 50.048018], [8.568726, 50.048036], [8.568653, 50.048057], [8.568729, 50.048164], [8.568864, 50.048125], [8.568975, 50.048282], [8.569136, 50.048235], [8.569173, 50.048287], [8.569113, 50.048305], [8.569016, 50.048333], [8.56914, 50.048507], [8.569011, 50.048545], [8.569087, 50.048651], [8.569213, 50.048614], [8.569324, 50.048771], [8.569484, 50.048724], [8.569523, 50.048779], [8.569462, 50.048797], [8.569365, 50.048825], [8.569484, 50.048993], [8.569456, 50.049001], [8.569534, 50.049112], [8.56955, 50.049107], [8.569594, 50.04917], [8.570745, 50.049453], [8.571049, 50.049527], [8.571217, 50.049571], [8.571, 50.049781], [8.570686, 50.049709], [8.570604, 50.049856], [8.570511, 50.050032], [8.571184, 50.050195], [8.57116, 50.05024], [8.570374, 50.050295], [8.570196, 50.050594], [8.570173, 50.050589], [8.570153, 50.050584], [8.568613, 50.050215], [8.568589, 50.05021], [8.568612, 50.05017], [8.568455, 50.050131], [8.567269, 50.049865], [8.567492, 50.049454], [8.567591, 50.049298], [8.567642, 50.049183], [8.567096, 50.04905], [8.567118, 50.049014], [8.567414, 50.049085], [8.567534, 50.049114], [8.568145, 50.049262], [8.568226, 50.049276], [8.56832, 50.049279], [8.568408, 50.049274], [8.568495, 50.049261], [8.568576, 50.049238], [8.568653, 50.049209], [8.568721, 50.049172], [8.568779, 50.049129], [8.568832, 50.049081], [8.568861, 50.049028], [8.568885, 50.048971], [8.56889, 50.048916], [8.568883, 50.048859], [8.568864, 50.048803], [8.568394, 50.04814], [8.568376, 50.048143], [8.568295, 50.048151], [8.568201, 50.048019], [8.568008, 50.048075], [8.567983, 50.04804], [8.568176, 50.047984], [8.567852, 50.047527], [8.567657, 50.047584], [8.567629, 50.047545], [8.567824, 50.047487], [8.567708, 50.047324], [8.567763, 50.047293], [8.567809, 50.047272], [8.567725, 50.047154], [8.567713, 50.047157], [8.567578, 50.047197], [8.567473, 50.047049], [8.567309, 50.047097], [8.567277, 50.047052], [8.567441, 50.047004], [8.56731, 50.046819], [8.567457, 50.046776], [8.567378, 50.046664], [8.56723, 50.046707], [8.567119, 50.046551], [8.566954, 50.046599], [8.566927, 50.046559], [8.567091, 50.046511], [8.566961, 50.046327], [8.567109, 50.046284], [8.567029, 50.046172], [8.566881, 50.046215], [8.566716, 50.045982], [8.566552, 50.04603], [8.566538, 50.046011], [8.566535, 50.046011], [8.566521, 50.045992], [8.566525, 50.045991], [8.566511, 50.045972], [8.566675, 50.045924], [8.566541, 50.045735], [8.566577, 50.045725], [8.566688, 50.045692], [8.566611, 50.045583], [8.566463, 50.045626], [8.566384, 50.045514], [8.566223, 50.045561], [8.56621, 50.045544], [8.566204, 50.045546], [8.566192, 50.045529], [8.566198, 50.045527], [8.566186, 50.045509], [8.566258, 50.045488], [8.566236, 50.045457], [8.566256, 50.045451], [8.566278, 50.045482], [8.566347, 50.045462], [8.566019, 50.045001], [8.565887, 50.044814], [8.565923, 50.044803], [8.565932, 50.044801], [8.565911, 50.04477]]]}}, {"type": "Feature", "properties": {"kind": "terminal", "h": 18.0, "name": "Terminal 1 Flugsteig C"}, "geometry": {"type": "Polygon", "coordinates": [[[8.577102, 50.050144], [8.5762, 50.050376], [8.575975, 50.050434], [8.575867, 50.050621], [8.575837, 50.050669], [8.576356, 50.05079], [8.57679, 50.05088], [8.577533, 50.050659], [8.577654, 50.050623], [8.579879, 50.049975], [8.579945, 50.050065], [8.58, 50.050142], [8.579381, 50.050325], [8.579353, 50.050288], [8.578904, 50.050429], [8.578835, 50.050449], [8.578785, 50.050464], [8.578717, 50.050484], [8.578375, 50.050575], [8.578396, 50.050606], [8.57684, 50.051056], [8.57576, 50.050806], [8.575684, 50.050938], [8.575247, 50.051685], [8.575122, 50.051656], [8.575126, 50.051648], [8.574805, 50.051571], [8.57476, 50.05156], [8.574738, 50.051599], [8.574713, 50.051646], [8.574699, 50.051667], [8.573105, 50.051293], [8.573282, 50.050982], [8.573439, 50.050705], [8.573546, 50.050517], [8.573588, 50.050449], [8.573939, 50.050532], [8.573994, 50.050428], [8.573996, 50.050425], [8.574042, 50.050348], [8.574608, 50.05048], [8.574625, 50.05045], [8.574809, 50.050404], [8.574925, 50.050464], [8.574967, 50.050453], [8.574915, 50.050369], [8.57497, 50.050355], [8.575021, 50.050439], [8.575221, 50.050389], [8.575258, 50.050449], [8.57567, 50.050343], [8.575621, 50.050265], [8.575739, 50.050234], [8.575703, 50.050177], [8.575755, 50.050164], [8.575792, 50.050222], [8.575981, 50.050173], [8.576029, 50.050249], [8.576434, 50.050145], [8.576388, 50.050071], [8.576518, 50.050037], [8.57648, 50.049976], [8.576529, 50.049964], [8.576566, 50.050023], [8.576813, 50.049959], [8.576845, 50.050011], [8.576807, 50.050021], [8.576828, 50.050055], [8.577016, 50.050007], [8.577027, 50.050004], [8.577109, 50.049946], [8.577425, 50.049865], [8.57765, 50.049807], [8.577583, 50.0497], [8.577622, 50.04969], [8.577661, 50.049752], [8.57784, 50.049705], [8.577871, 50.049756], [8.578382, 50.049624], [8.578355, 50.049582], [8.578526, 50.049537], [8.578456, 50.049426], [8.578506, 50.049413], [8.578603, 50.049568], [8.578721, 50.049537], [8.578747, 50.04958], [8.578341, 50.049685], [8.577681, 50.049856], [8.577533, 50.049894], [8.577422, 50.049922], [8.577161, 50.04999], [8.577075, 50.050041], [8.577043, 50.050049], [8.577102, 50.050144]]]}}, {"type": "Feature", "properties": {"kind": "building", "h": 9.0, "name": "401"}, "geometry": {"type": "Polygon", "coordinates": [[[8.547875, 50.045801], [8.548549, 50.044637], [8.549854, 50.044949], [8.549901, 50.044871], [8.551572, 50.045273], [8.551545, 50.045323], [8.551607, 50.045339], [8.551584, 50.045377], [8.552324, 50.045538], [8.552181, 50.045784], [8.551686, 50.045666], [8.551645, 50.045736], [8.55187, 50.04579], [8.551625, 50.046212], [8.551898, 50.046277], [8.551652, 50.046702], [8.547875, 50.045801]]]}}, {"type": "Feature", "properties": {"kind": "building", "h": 9.0, "name": "451 LCC Import"}, "geometry": {"type": "Polygon", "coordinates": [[[8.536012, 50.038173], [8.536098, 50.038193], [8.536713, 50.038341], [8.536762, 50.038353], [8.536725, 50.038417], [8.536759, 50.038425], [8.536738, 50.038461], [8.536781, 50.038471], [8.536801, 50.038437], [8.536827, 50.038443], [8.536866, 50.038376], [8.537398, 50.038503], [8.537364, 50.038561], [8.537392, 50.038568], [8.537367, 50.038611], [8.537411, 50.038621], [8.537437, 50.038576], [8.53747, 50.038584], [8.537504, 50.038527], [8.538028, 50.038653], [8.537991, 50.038715], [8.538016, 50.038721], [8.537993, 50.03876], [8.538041, 50.038772], [8.538065, 50.038731], [8.538095, 50.038739], [8.538129, 50.038681], [8.538676, 50.038814], [8.538591, 50.038836], [8.538604, 50.038857], [8.538539, 50.038873], [8.538558, 50.038903], [8.538638, 50.038882], [8.538647, 50.038897], [8.538716, 50.038879], [8.53849, 50.039263], [8.538413, 50.039244], [8.538403, 50.039262], [8.53834, 50.039247], [8.538323, 50.039276], [8.538384, 50.039291], [8.538374, 50.039307], [8.538448, 50.039325], [8.53825, 50.039665], [8.538187, 50.039651], [8.538174, 50.039674], [8.538097, 50.039655], [8.538081, 50.039684], [8.538163, 50.039704], [8.538153, 50.039721], [8.537829, 50.039643], [8.537808, 50.039678], [8.537782, 50.039723], [8.537767, 50.039748], [8.537718, 50.039833], [8.538111, 50.039927], [8.538024, 50.040075], [8.537949, 50.040057], [8.537936, 50.040079], [8.53787, 50.040063], [8.537854, 50.04009], [8.537925, 50.040107], [8.537916, 50.040124], [8.538001, 50.040144], [8.537738, 50.040595], [8.537357, 50.040504], [8.537269, 50.040655], [8.537575, 50.040729], [8.537561, 50.040753], [8.538258, 50.04092], [8.538438, 50.040963], [8.538453, 50.040938], [8.538617, 50.040656], [8.538669, 50.040669], [8.538728, 50.040567], [8.538675, 50.040554], [8.53869, 50.040529], [8.538738, 50.040541], [8.538885, 50.04029], [8.538819, 50.040274], [8.53892, 50.040098], [8.539267, 50.039505], [8.539429, 50.039226], [8.539546, 50.039022], [8.539608, 50.038919], [8.539779, 50.038621], [8.539844, 50.038511], [8.53996, 50.038312], [8.536496, 50.037481], [8.536434, 50.037588], [8.536363, 50.037571], [8.536012, 50.038173]]]}}, {"type": "Feature", "properties": {"kind": "building", "h": 9.0, "name": "536"}, "geometry": {"type": "Polygon", "coordinates": [[[8.561544, 50.026586], [8.561475, 50.026708], [8.561408, 50.026692], [8.561351, 50.026792], [8.561416, 50.026807], [8.561372, 50.026886], [8.562169, 50.027072], [8.562236, 50.026954], [8.562277, 50.026963], [8.562309, 50.026907], [8.562262, 50.026896], [8.562316, 50.026802], [8.562, 50.026728], [8.562018, 50.026696], [8.561544, 50.026586]]]}}, {"type": "Feature", "properties": {"kind": "building", "h": 9.0, "name": "Heizwerk süd"}, "geometry": {"type": "Polygon", "coordinates": [[[8.562684, 50.02695], [8.562482, 50.026903], [8.562256, 50.027302], [8.562449, 50.027348], [8.562599, 50.027093], [8.562673, 50.02711], [8.562707, 50.027051], [8.562636, 50.027035], [8.562684, 50.02695]]]}}, {"type": "Feature", "properties": {"kind": "building", "h": 9.0, "name": "537 Cargo City Süd"}, "geometry": {"type": "Polygon", "coordinates": [[[8.563327, 50.027077], [8.563253, 50.027058], [8.563233, 50.027091], [8.563191, 50.027081], [8.56315, 50.027071], [8.562711, 50.027803], [8.562845, 50.027837], [8.562431, 50.028527], [8.562312, 50.028498], [8.562187, 50.028706], [8.562343, 50.028745], [8.562923, 50.028889], [8.563384, 50.029003], [8.563614, 50.028619], [8.564121, 50.027776], [8.563211, 50.027551], [8.563106, 50.027725], [8.562976, 50.027693], [8.563138, 50.027423], [8.564178, 50.027681], [8.56426, 50.027701], [8.564788, 50.026821], [8.564737, 50.026809], [8.564748, 50.026789], [8.564621, 50.026758], [8.564153, 50.027538], [8.563305, 50.027328], [8.563193, 50.0273], [8.563327, 50.027077]]]}}, {"type": "Feature", "properties": {"kind": "building", "h": 9.0, "name": "Flugzeughalle 12"}, "geometry": {"type": "Polygon", "coordinates": [[[8.551792, 50.025821], [8.550781, 50.025585], [8.550657, 50.025802], [8.550512, 50.026059], [8.550498, 50.026082], [8.550485, 50.026105], [8.550332, 50.026376], [8.550311, 50.026412], [8.550237, 50.026543], [8.550163, 50.026674], [8.549984, 50.02699], [8.549967, 50.027021], [8.549959, 50.027034], [8.54995, 50.027051], [8.54993, 50.027085], [8.549923, 50.027098], [8.549824, 50.027273], [8.549707, 50.027478], [8.550719, 50.027715], [8.550758, 50.027645], [8.551792, 50.025821]]]}}, {"type": "Feature", "properties": {"kind": "building", "h": 9.0, "name": ""}, "geometry": {"type": "Polygon", "coordinates": [[[8.554521, 50.026102], [8.554563, 50.02603], [8.55463, 50.026046], [8.554662, 50.02599], [8.555537, 50.0262], [8.555504, 50.026257], [8.55542, 50.026237], [8.555379, 50.026308], [8.554624, 50.026127], [8.554521, 50.026102]]]}}, {"type": "Feature", "properties": {"kind": "building", "h": 9.0, "name": "Frachtumschlaghalle Fraport"}, "geometry": {"type": "Polygon", "coordinates": [[[8.55746, 50.026808], [8.555379, 50.026308], [8.554624, 50.026127], [8.554104, 50.027022], [8.554205, 50.027046], [8.554141, 50.027157], [8.555333, 50.027443], [8.555427, 50.027283], [8.556969, 50.027653], [8.557076, 50.027469], [8.55746, 50.026808]]]}}, {"type": "Feature", "properties": {"kind": "building", "h": 9.0, "name": "534"}, "geometry": {"type": "Polygon", "coordinates": [[[8.558643, 50.026417], [8.557759, 50.026205], [8.55772, 50.026272], [8.557651, 50.026255], [8.557609, 50.026328], [8.557723, 50.026356], [8.558473, 50.026536], [8.558513, 50.026465], [8.558602, 50.026487], [8.558643, 50.026417]]]}}, {"type": "Feature", "properties": {"kind": "building", "h": 10.5, "name": "558"}, "geometry": {"type": "Polygon", "coordinates": [[[8.576938, 50.023232], [8.576026, 50.023004], [8.575157, 50.024459], [8.575092, 50.024447], [8.575004, 50.024583], [8.57545, 50.024534], [8.576067, 50.024689], [8.576938, 50.023232]]]}}, {"type": "Feature", "properties": {"kind": "building", "h": 3.5, "name": "556"}, "geometry": {"type": "Polygon", "coordinates": [[[8.575508, 50.022906], [8.574467, 50.022645], [8.573576, 50.024124], [8.574417, 50.024336], [8.574673, 50.023915], [8.574684, 50.023918], [8.574708, 50.023904], [8.574704, 50.023884], [8.574693, 50.023881], [8.574907, 50.023531], [8.574949, 50.023463], [8.575097, 50.023501], [8.575141, 50.023512], [8.575508, 50.022906]]]}}, {"type": "Feature", "properties": {"kind": "building", "h": 9.0, "name": "557"}, "geometry": {"type": "Polygon", "coordinates": [[[8.574091, 50.0225], [8.573214, 50.022281], [8.572106, 50.024132], [8.57298, 50.024351], [8.574091, 50.0225]]]}}, {"type": "Feature", "properties": {"kind": "building", "h": 9.0, "name": "555 Tercon"}, "geometry": {"type": "Polygon", "coordinates": [[[8.572563, 50.022228], [8.572517, 50.022239], [8.572473, 50.022252], [8.572417, 50.022279], [8.572385, 50.022306], [8.572299, 50.022372], [8.572256, 50.022416], [8.572214, 50.022488], [8.572241, 50.022495], [8.571374, 50.023973], [8.57155, 50.024022], [8.572215, 50.022916], [8.572639, 50.022212], [8.572563, 50.022228]]]}}, {"type": "Feature", "properties": {"kind": "terminal", "h": 14.0, "name": "Terminal 1 Flugsteig A-Plus"}, "geometry": {"type": "Polygon", "coordinates": [[[8.567862, 50.048122], [8.567911, 50.048139], [8.568044, 50.0481], [8.568199, 50.048054], [8.568272, 50.048157], [8.568295, 50.048151], [8.568376, 50.048143], [8.568394, 50.04814], [8.568581, 50.048404], [8.568864, 50.048803], [8.568883, 50.048859], [8.56889, 50.048916], [8.568885, 50.048971], [8.568861, 50.049028], [8.568832, 50.049081], [8.568779, 50.049129], [8.568721, 50.049172], [8.568653, 50.049209], [8.568576, 50.049238], [8.568495, 50.049261], [8.568408, 50.049274], [8.56832, 50.049279], [8.568226, 50.049276], [8.568145, 50.049262], [8.567534, 50.049114], [8.567414, 50.049085], [8.567118, 50.049014], [8.567096, 50.04905], [8.567077, 50.049045], [8.566717, 50.048959], [8.564566, 50.048445], [8.564474, 50.048423], [8.562658, 50.047989], [8.56264, 50.04802], [8.562529, 50.048213], [8.562327, 50.048165], [8.562303, 50.048207], [8.562148, 50.04817], [8.562172, 50.048127], [8.561678, 50.04801], [8.561653, 50.048053], [8.561497, 50.048016], [8.561522, 50.047972], [8.561099, 50.047871], [8.561072, 50.04792], [8.560959, 50.047893], [8.560988, 50.047843], [8.560786, 50.047795], [8.560918, 50.047568], [8.558599, 50.047022], [8.558688, 50.046874], [8.55873, 50.046805], [8.558733, 50.0468], [8.558816, 50.046661], [8.558929, 50.046688], [8.558845, 50.046832], [8.559581, 50.047004], [8.559663, 50.046862], [8.55979, 50.046891], [8.559707, 50.047035], [8.560708, 50.047277], [8.560795, 50.047132], [8.560919, 50.047162], [8.560838, 50.047308], [8.561847, 50.047546], [8.561929, 50.047404], [8.562054, 50.047434], [8.56197, 50.047575], [8.562975, 50.047815], [8.563056, 50.047673], [8.563184, 50.047703], [8.563101, 50.047844], [8.564104, 50.048085], [8.564183, 50.047942], [8.564299, 50.04797], [8.564215, 50.048112], [8.56468, 50.048223], [8.56505, 50.048312], [8.565124, 50.048167], [8.565242, 50.048192], [8.565162, 50.048336], [8.56596, 50.048532], [8.566191, 50.04859], [8.566372, 50.048617], [8.56652, 50.048628], [8.56667, 50.04863], [8.566737, 50.048625], [8.566878, 50.048612], [8.567015, 50.048591], [8.567149, 50.04856], [8.567277, 50.048521], [8.567397, 50.048473], [8.56751, 50.048418], [8.567534, 50.048403], [8.567613, 50.048355], [8.567693, 50.048295], [8.567705, 50.048286], [8.567786, 50.048211], [8.567862, 50.048122]]]}}, {"type": "Feature", "properties": {"kind": "building", "h": 9.0, "name": "529"}, "geometry": {"type": "Polygon", "coordinates": [[[8.551664, 50.026824], [8.553149, 50.027169], [8.553777, 50.026054], [8.554089, 50.026127], [8.55413, 50.026055], [8.553825, 50.025985], [8.553837, 50.025963], [8.552807, 50.025724], [8.552658, 50.025988], [8.552195, 50.025881], [8.551664, 50.026824]]]}}, {"type": "Feature", "properties": {"kind": "building", "h": 3.5, "name": "Lufthansa Cargo Center 420"}, "geometry": {"type": "Polygon", "coordinates": [[[8.545419, 50.041699], [8.545377, 50.041771], [8.545224, 50.042036], [8.545096, 50.042257], [8.545184, 50.042278], [8.54514, 50.042354], [8.545667, 50.04248], [8.54564, 50.042526], [8.546053, 50.042625], [8.545987, 50.04274], [8.545861, 50.042958], [8.54538, 50.042843], [8.545268, 50.043038], [8.545209, 50.04314], [8.545178, 50.043194], [8.545265, 50.043214], [8.545194, 50.043337], [8.545107, 50.043316], [8.545037, 50.043438], [8.545014, 50.043477], [8.544971, 50.043551], [8.545154, 50.043594], [8.5452, 50.043515], [8.545501, 50.043587], [8.545465, 50.043649], [8.545379, 50.043799], [8.545343, 50.04386], [8.544881, 50.043749], [8.544835, 50.043738], [8.544761, 50.043721], [8.544767, 50.043709], [8.544465, 50.043637], [8.544342, 50.04385], [8.544063, 50.043783], [8.544143, 50.043646], [8.543421, 50.043474], [8.542763, 50.043317], [8.542365, 50.043222], [8.541737, 50.043072], [8.54122, 50.042948], [8.541212, 50.042963], [8.541197, 50.042959], [8.541077, 50.04293], [8.541094, 50.042901], [8.541007, 50.04288], [8.541189, 50.042565], [8.54121, 50.042529], [8.541372, 50.042249], [8.541538, 50.041963], [8.541556, 50.041931], [8.542063, 50.042052], [8.542149, 50.041903], [8.542395, 50.041961], [8.542501, 50.041779], [8.542973, 50.041891], [8.543033, 50.041788], [8.543367, 50.04121], [8.543729, 50.041296], [8.54409, 50.041382], [8.544454, 50.041469], [8.545419, 50.041699]]]}}, {"type": "Feature", "properties": {"kind": "building", "h": 9.0, "name": ""}, "geometry": {"type": "Polygon", "coordinates": [[[8.545549, 50.043105], [8.54549, 50.043207], [8.545209, 50.04314], [8.545268, 50.043038], [8.545549, 50.043105]]]}}, {"type": "Feature", "properties": {"kind": "building", "h": 9.0, "name": "437"}, "geometry": {"type": "Polygon", "coordinates": [[[8.541538, 50.041963], [8.541011, 50.041837], [8.540051, 50.041608], [8.539934, 50.041811], [8.53958, 50.042422], [8.539771, 50.042468], [8.54054, 50.042651], [8.540683, 50.042403], [8.54121, 50.042529], [8.541372, 50.042249], [8.541538, 50.041963]]]}}, {"type": "Feature", "properties": {"kind": "building", "h": 9.0, "name": ""}, "geometry": {"type": "Polygon", "coordinates": [[[8.551404, 50.041494], [8.551329, 50.0415], [8.55126, 50.041522], [8.551208, 50.041558], [8.551177, 50.041603], [8.551172, 50.041652], [8.551194, 50.041699], [8.55124, 50.041738], [8.551304, 50.041765], [8.551378, 50.041777], [8.551454, 50.041771], [8.551522, 50.041749], [8.551575, 50.041713], [8.551605, 50.041668], [8.55161, 50.041619], [8.551588, 50.041572], [8.551543, 50.041533], [8.551479, 50.041506], [8.551404, 50.041494]]]}}, {"type": "Feature", "properties": {"kind": "building", "h": 9.0, "name": ""}, "geometry": {"type": "Polygon", "coordinates": [[[8.551198, 50.041858], [8.551122, 50.041864], [8.551053, 50.041886], [8.551001, 50.041921], [8.55097, 50.041966], [8.550966, 50.042015], [8.550987, 50.042062], [8.551033, 50.042102], [8.551097, 50.042129], [8.551171, 50.04214], [8.551247, 50.042135], [8.551316, 50.042113], [8.551368, 50.042077], [8.551399, 50.042032], [8.551403, 50.041983], [8.551381, 50.041936], [8.551336, 50.041897], [8.551272, 50.041869], [8.551198, 50.041858]]]}}, {"type": "Feature", "properties": {"kind": "building", "h": 9.0, "name": ""}, "geometry": {"type": "Polygon", "coordinates": [[[8.55223, 50.04196], [8.552179, 50.041955], [8.552127, 50.041957], [8.552077, 50.041966], [8.552031, 50.041981], [8.551991, 50.042003], [8.551958, 50.042029], [8.551935, 50.042059], [8.551922, 50.042091], [8.55192, 50.042124], [8.551929, 50.042157], [8.551948, 50.042188], [8.551976, 50.042216], [8.552013, 50.04224], [8.552057, 50.042257], [8.552106, 50.042269], [8.552157, 50.042274], [8.552209, 50.042272], [8.552259, 50.042263], [8.552305, 50.042248], [8.552345, 50.042226], [8.552378, 50.0422], [8.552401, 50.04217], [8.552414, 50.042138], [8.552416, 50.042105], [8.552407, 50.042072], [8.552388, 50.042041], [8.55236, 50.042013], [8.552323, 50.04199], [8.552279, 50.041972], [8.55223, 50.04196]]]}}, {"type": "Feature", "properties": {"kind": "building", "h": 9.0, "name": ""}, "geometry": {"type": "Polygon", "coordinates": [[[8.551048, 50.042204], [8.550997, 50.042199], [8.550945, 50.042201], [8.550895, 50.04221], [8.550849, 50.042226], [8.550809, 50.042247], [8.550776, 50.042273], [8.550753, 50.042303], [8.55074, 50.042335], [8.550738, 50.042368], [8.550747, 50.042401], [8.550766, 50.042432], [8.550794, 50.04246], [8.550831, 50.042484], [8.550875, 50.042502], [8.550924, 50.042513], [8.550975, 50.042518], [8.551027, 50.042516], [8.551077, 50.042507], [8.551123, 50.042492], [8.551163, 50.042471], [8.551196, 50.042444], [8.551219, 50.042414], [8.551232, 50.042382], [8.551234, 50.042349], [8.551225, 50.042316], [8.551206, 50.042285], [8.551178, 50.042257], [8.551141, 50.042234], [8.551097, 50.042216], [8.551048, 50.042204]]]}}, {"type": "Feature", "properties": {"kind": "building", "h": 9.0, "name": ""}, "geometry": {"type": "Polygon", "coordinates": [[[8.551972, 50.04239], [8.551909, 50.042384], [8.551846, 50.042386], [8.551785, 50.042397], [8.551729, 50.042416], [8.55168, 50.042443], [8.551642, 50.042475], [8.551616, 50.042512], [8.551602, 50.042552], [8.551602, 50.042593], [8.551616, 50.042633], [8.551643, 50.04267], [8.551681, 50.042702], [8.55173, 50.042728], [8.551786, 50.042747], [8.551847, 50.042758], [8.55191, 50.04276], [8.551973, 50.042754], [8.552032, 50.042738], [8.552084, 50.042715], [8.552128, 50.042686], [8.55216, 50.042651], [8.552181, 50.042612], [8.552187, 50.042572], [8.55218, 50.042531], [8.55216, 50.042493], [8.552127, 50.042458], [8.552084, 50.042428], [8.552031, 50.042405], [8.551972, 50.04239]]]}}, {"type": "Feature", "properties": {"kind": "building", "h": 9.0, "name": ""}, "geometry": {"type": "Polygon", "coordinates": [[[8.552276, 50.042816], [8.552311, 50.042874], [8.552373, 50.042921], [8.552455, 50.042953], [8.552549, 50.042966], [8.552644, 50.042959], [8.552731, 50.042932], [8.5528, 50.042889], [8.552843, 50.042834], [8.552855, 50.042772], [8.552836, 50.042712], [8.552787, 50.042659], [8.552714, 50.042618], [8.552625, 50.042595], [8.552528, 50.042592], [8.552436, 50.04261], [8.552357, 50.042645], [8.552301, 50.042696], [8.552273, 50.042755], [8.552276, 50.042816]]]}}, {"type": "Feature", "properties": {"kind": "building", "h": 9.0, "name": ""}, "geometry": {"type": "Polygon", "coordinates": [[[8.552549, 50.042359], [8.552584, 50.042416], [8.552646, 50.042464], [8.552728, 50.042496], [8.552822, 50.042509], [8.552918, 50.042501], [8.553004, 50.042475], [8.553073, 50.042431], [8.553116, 50.042376], [8.553128, 50.042315], [8.553109, 50.042254], [8.55306, 50.042201], [8.552987, 50.042161], [8.552898, 50.042138], [8.552801, 50.042135], [8.552709, 50.042152], [8.55263, 50.042188], [8.552574, 50.042238], [8.552546, 50.042297], [8.552549, 50.042359]]]}}, {"type": "Feature", "properties": {"kind": "building", "h": 9.0, "name": ""}, "geometry": {"type": "Polygon", "coordinates": [[[8.554048, 50.042131], [8.553997, 50.042126], [8.553945, 50.042128], [8.553895, 50.042137], [8.553849, 50.042152], [8.553809, 50.042173], [8.553777, 50.042199], [8.553753, 50.042229], [8.55374, 50.042262], [8.553738, 50.042295], [8.553747, 50.042328], [8.553766, 50.042359], [8.553794, 50.042387], [8.553831, 50.04241], [8.553875, 50.042428], [8.553924, 50.04244], [8.553975, 50.042445], [8.554027, 50.042443], [8.554077, 50.042434], [8.554123, 50.042418], [8.554163, 50.042397], [8.554196, 50.042371], [8.554219, 50.042341], [8.554232, 50.042309], [8.554234, 50.042275], [8.554226, 50.042243], [8.554207, 50.042212], [8.554178, 50.042184], [8.554141, 50.04216], [8.554097, 50.042142], [8.554048, 50.042131]]]}}, {"type": "Feature", "properties": {"kind": "building", "h": 9.0, "name": ""}, "geometry": {"type": "Polygon", "coordinates": [[[8.553577, 50.042899], [8.553525, 50.042894], [8.553474, 50.042896], [8.553423, 50.042905], [8.553377, 50.04292], [8.553337, 50.042941], [8.553305, 50.042967], [8.553282, 50.042997], [8.553269, 50.04303], [8.553267, 50.043063], [8.553275, 50.043096], [8.553294, 50.043127], [8.553323, 50.043155], [8.55336, 50.043178], [8.553404, 50.043196], [8.553452, 50.043208], [8.553504, 50.043213], [8.553556, 50.043211], [8.553606, 50.043202], [8.553652, 50.043186], [8.553692, 50.043165], [8.553724, 50.043139], [8.553747, 50.043109], [8.55376, 50.043077], [8.553763, 50.043043], [8.553754, 50.043011], [8.553735, 50.04298], [8.553706, 50.042952], [8.553669, 50.042928], [8.553626, 50.04291], [8.553577, 50.042899]]]}}, {"type": "Feature", "properties": {"kind": "building", "h": 9.0, "name": ""}, "geometry": {"type": "Polygon", "coordinates": [[[8.553802, 50.042527], [8.553751, 50.042522], [8.553699, 50.042524], [8.553649, 50.042533], [8.553603, 50.042549], [8.553563, 50.04257], [8.55353, 50.042596], [8.553507, 50.042626], [8.553494, 50.042658], [8.553492, 50.042691], [8.5535, 50.042724], [8.553519, 50.042755], [8.553548, 50.042783], [8.553585, 50.042806], [8.553629, 50.042825], [8.553678, 50.042836], [8.553729, 50.042841], [8.553781, 50.042839], [8.553831, 50.04283], [8.553877, 50.042815], [8.553917, 50.042794], [8.553949, 50.042767], [8.553973, 50.042738], [8.553986, 50.042705], [8.553988, 50.042672], [8.553979, 50.042639], [8.55396, 50.042608], [8.553932, 50.04258], [8.553895, 50.042557], [8.553851, 50.042539], [8.553802, 50.042527]]]}}, {"type": "Feature", "properties": {"kind": "building", "h": 9.0, "name": "409"}, "geometry": {"type": "Polygon", "coordinates": [[[8.55263, 50.043492], [8.552661, 50.043439], [8.553456, 50.043634], [8.553302, 50.043892], [8.552366, 50.043662], [8.552488, 50.043458], [8.55263, 50.043492]]]}}, {"type": "Feature", "properties": {"kind": "building", "h": 14.0, "name": "Internationales Postzentrum 1"}, "geometry": {"type": "Polygon", "coordinates": [[[8.57772, 50.052135], [8.576873, 50.051933], [8.57689, 50.051902], [8.576852, 50.051894], [8.576838, 50.05192], [8.576829, 50.051917], [8.576826, 50.051922], [8.576179, 50.051769], [8.57604, 50.051735], [8.575814, 50.051682], [8.576167, 50.05107], [8.576235, 50.051086], [8.576236, 50.051085], [8.576248, 50.051089], [8.576247, 50.05109], [8.576392, 50.051125], [8.57639, 50.05113], [8.576401, 50.051132], [8.576404, 50.051127], [8.577178, 50.05131], [8.577174, 50.051317], [8.577186, 50.051319], [8.577172, 50.051345], [8.577219, 50.051356], [8.577236, 50.051326], [8.578072, 50.051525], [8.578068, 50.051531], [8.578076, 50.051533], [8.577732, 50.052132], [8.577723, 50.05213], [8.57772, 50.052135]]]}}, {"type": "Feature", "properties": {"kind": "building", "h": 9.0, "name": "Gebäude 519"}, "geometry": {"type": "Polygon", "coordinates": [[[8.545314, 50.026867], [8.545563, 50.026922], [8.545518, 50.027005], [8.545269, 50.02695], [8.545314, 50.026867]]]}}, {"type": "Feature", "properties": {"kind": "building", "h": 9.0, "name": ""}, "geometry": {"type": "Polygon", "coordinates": [[[8.537444, 50.039284], [8.53771, 50.039346], [8.537654, 50.039445], [8.537388, 50.039382], [8.537444, 50.039284]]]}}, {"type": "Feature", "properties": {"kind": "terminal", "h": 18.0, "name": "Lufthansa FirstClass Terminal"}, "geometry": {"type": "Polygon", "coordinates": [[[8.564189, 50.050153], [8.564107, 50.050159], [8.564013, 50.050154], [8.563955, 50.050144], [8.563902, 50.050126], [8.56383, 50.050085], [8.563784, 50.050043], [8.563767, 50.05001], [8.563749, 50.049962], [8.563763, 50.049911], [8.56379, 50.049845], [8.564044, 50.049425], [8.564091, 50.049434], [8.564751, 50.049573], [8.564752, 50.049638], [8.564748, 50.049676], [8.564734, 50.049733], [8.564715, 50.049784], [8.564711, 50.049797], [8.564691, 50.049832], [8.564678, 50.049859], [8.564641, 50.049913], [8.564604, 50.049953], [8.564569, 50.049983], [8.564537, 50.05001], [8.56448, 50.05005], [8.564422, 50.050081], [8.564369, 50.050106], [8.564319, 50.050123], [8.564261, 50.05014], [8.564189, 50.050153]]]}}, {"type": "Feature", "properties": {"kind": "building", "h": 9.0, "name": "Kontrollturm (340)"}, "geometry": {"type": "Polygon", "coordinates": [[[8.557612, 50.045886], [8.557886, 50.045395], [8.558019, 50.045164], [8.558269, 50.045222], [8.55783, 50.046001], [8.557675, 50.045965], [8.557612, 50.045886]]]}}, {"type": "Feature", "properties": {"kind": "building", "h": 9.0, "name": "309"}, "geometry": {"type": "Polygon", "coordinates": [[[8.562745, 50.04864], [8.563027, 50.048709], [8.563072, 50.048632], [8.563221, 50.048668], [8.563273, 50.048579], [8.563133, 50.048545], [8.563243, 50.048358], [8.5634, 50.048396], [8.56346, 50.048294], [8.563309, 50.048257], [8.563339, 50.048206], [8.563043, 50.048134], [8.562818, 50.048517], [8.562745, 50.04864]]]}}, {"type": "Feature", "properties": {"kind": "building", "h": 9.0, "name": "301"}, "geometry": {"type": "Polygon", "coordinates": [[[8.56479, 50.049428], [8.56453, 50.049366], [8.564588, 50.049267], [8.564485, 50.049242], [8.564637, 50.048976], [8.564699, 50.048992], [8.564727, 50.048947], [8.564858, 50.048981], [8.564977, 50.049004], [8.56495, 50.04905], [8.565002, 50.049063], [8.56479, 50.049428]]]}}, {"type": "Feature", "properties": {"kind": "building", "h": 9.0, "name": "369"}, "geometry": {"type": "Polygon", "coordinates": [[[8.562491, 50.049085], [8.562809, 50.049165], [8.562796, 50.049187], [8.563458, 50.049351], [8.563348, 50.049535], [8.563675, 50.049616], [8.563802, 50.049406], [8.563665, 50.049372], [8.563786, 50.049172], [8.562614, 50.048881], [8.562491, 50.049085]]]}}, {"type": "Feature", "properties": {"kind": "building", "h": 9.0, "name": "302"}, "geometry": {"type": "Polygon", "coordinates": [[[8.565298, 50.049213], [8.56538, 50.049068], [8.565226, 50.049033], [8.565244, 50.049], [8.565309, 50.049015], [8.565333, 50.048972], [8.565264, 50.048956], [8.565283, 50.048924], [8.565512, 50.048977], [8.565612, 50.048801], [8.565844, 50.048855], [8.565867, 50.048814], [8.56599, 50.048842], [8.565951, 50.04891], [8.56591, 50.048901], [8.5659, 50.048919], [8.566262, 50.049003], [8.56617, 50.049166], [8.566239, 50.049182], [8.5662, 50.049252], [8.566049, 50.049217], [8.565931, 50.049427], [8.565704, 50.049374], [8.565684, 50.049409], [8.565561, 50.04938], [8.565598, 50.049315], [8.565648, 50.049326], [8.565664, 50.049298], [8.565298, 50.049213]]]}}, {"type": "Feature", "properties": {"kind": "building", "h": 9.0, "name": "311"}, "geometry": {"type": "Polygon", "coordinates": [[[8.565501, 50.049564], [8.565456, 50.049479], [8.565312, 50.049447], [8.565085, 50.049513], [8.565103, 50.049538], [8.565192, 50.049658], [8.565501, 50.049564]]]}}, {"type": "Feature", "properties": {"kind": "building", "h": 9.0, "name": "Tor 21"}, "geometry": {"type": "Polygon", "coordinates": [[[8.562314, 50.048559], [8.56228, 50.048617], [8.562372, 50.04864], [8.562452, 50.048507], [8.562359, 50.048485], [8.562314, 50.048559]]]}}, {"type": "Feature", "properties": {"kind": "building", "h": 14.0, "name": "567"}, "geometry": {"type": "Polygon", "coordinates": [[[8.576816, 50.024786], [8.577023, 50.024837], [8.577005, 50.024869], [8.577054, 50.024881], [8.577075, 50.02485], [8.577331, 50.024915], [8.57779, 50.024152], [8.577854, 50.024134], [8.577826, 50.024093], [8.57784, 50.024069], [8.577905, 50.024052], [8.577877, 50.024009], [8.57789, 50.023986], [8.577956, 50.023968], [8.577927, 50.023925], [8.57794, 50.023903], [8.577977, 50.023842], [8.577989, 50.023821], [8.578055, 50.023803], [8.578026, 50.023761], [8.578039, 50.023739], [8.578103, 50.023723], [8.578076, 50.023678], [8.578135, 50.023579], [8.577621, 50.023448], [8.576816, 50.024786]]]}}, {"type": "Feature", "properties": {"kind": "building", "h": 9.0, "name": "310"}, "geometry": {"type": "Polygon", "coordinates": [[[8.563934, 50.048927], [8.563177, 50.048739], [8.563221, 50.048668], [8.563273, 50.048579], [8.563349, 50.048453], [8.564058, 50.048629], [8.564002, 50.048721], [8.563932, 50.048703], [8.563873, 50.048802], [8.563992, 50.048831], [8.563934, 50.048927]]]}}, {"type": "Feature", "properties": {"kind": "building", "h": 9.0, "name": "307"}, "geometry": {"type": "Polygon", "coordinates": [[[8.564067, 50.048596], [8.563381, 50.048426], [8.5634, 50.048396], [8.56346, 50.048294], [8.564147, 50.048464], [8.564067, 50.048596]]]}}, {"type": "Feature", "properties": {"kind": "building", "h": 10.5, "name": "Fraport Rettungswache"}, "geometry": {"type": "Polygon", "coordinates": [[[8.573566, 50.045065], [8.573652, 50.045086], [8.573648, 50.045091], [8.573678, 50.045098], [8.573681, 50.045093], [8.573782, 50.045117], [8.574165, 50.044945], [8.573699, 50.044833], [8.573566, 50.045065]]]}}, {"type": "Feature", "properties": {"kind": "building", "h": 9.0, "name": "Flugzeughalle 6 (339)"}, "geometry": {"type": "Polygon", "coordinates": [[[8.553106, 50.04591], [8.553472, 50.045998], [8.55446, 50.046233], [8.55455, 50.046255], [8.555433, 50.046465], [8.55552, 50.046486], [8.556224, 50.046654], [8.556689, 50.046765], [8.557121, 50.046005], [8.556803, 50.045935], [8.55375, 50.045203], [8.553732, 50.045235], [8.553526, 50.045185], [8.553155, 50.045825], [8.553106, 50.04591]]]}}, {"type": "Feature", "properties": {"kind": "building", "h": 9.0, "name": "335"}, "geometry": {"type": "Polygon", "coordinates": [[[8.553503, 50.045018], [8.553599, 50.04504], [8.553526, 50.045185], [8.553732, 50.045235], [8.55375, 50.045203], [8.553817, 50.045099], [8.55405, 50.044737], [8.554103, 50.044656], [8.554123, 50.044623], [8.554202, 50.044509], [8.553961, 50.044445], [8.553866, 50.044595], [8.55363, 50.044967], [8.553545, 50.044946], [8.553503, 50.045018]]]}}, {"type": "Feature", "properties": {"kind": "building", "h": 7.0, "name": "414 (V6)"}, "geometry": {"type": "Polygon", "coordinates": [[[8.5518, 50.03995], [8.552008, 50.039592], [8.55318, 50.039873], [8.552972, 50.040231], [8.5518, 50.03995]]]}}, {"type": "Feature", "properties": {"kind": "building", "h": 9.0, "name": "438"}, "geometry": {"type": "Polygon", "coordinates": [[[8.539151, 50.042764], [8.539466, 50.042214], [8.53916, 50.04215], [8.538847, 50.042694], [8.539151, 50.042764]]]}}, {"type": "Feature", "properties": {"kind": "building", "h": 9.0, "name": "450"}, "geometry": {"type": "Polygon", "coordinates": [[[8.538715, 50.040812], [8.539148, 50.040919], [8.539206, 50.040823], [8.53918, 50.040817], [8.539534, 50.040224], [8.539559, 50.040231], [8.539622, 50.040126], [8.539236, 50.04003], [8.539176, 50.040016], [8.539112, 50.040125], [8.539137, 50.040131], [8.538779, 50.040729], [8.538766, 50.040726], [8.538715, 50.040812]]]}}, {"type": "Feature", "properties": {"kind": "building", "h": 9.0, "name": "Tor 90a"}, "geometry": {"type": "Polygon", "coordinates": [[[8.549845, 50.04261], [8.549882, 50.04261], [8.549882, 50.042631], [8.549847, 50.042631], [8.549845, 50.04261]]]}}, {"type": "Feature", "properties": {"kind": "building", "h": 9.0, "name": "Tor 93"}, "geometry": {"type": "Polygon", "coordinates": [[[8.547346, 50.042012], [8.547383, 50.041942], [8.547486, 50.041964], [8.547534, 50.041974], [8.547484, 50.04207], [8.547436, 50.042056], [8.547385, 50.042042], [8.547396, 50.042023], [8.547346, 50.042012]]]}}, {"type": "Feature", "properties": {"kind": "building", "h": 9.0, "name": ""}, "geometry": {"type": "Polygon", "coordinates": [[[8.570616, 50.044398], [8.571115, 50.044516], [8.571235, 50.044308], [8.571097, 50.044275], [8.571038, 50.044378], [8.570945, 50.044356], [8.570955, 50.044339], [8.570916, 50.04433], [8.570907, 50.044347], [8.570677, 50.044292], [8.570616, 50.044398]]]}}, {"type": "Feature", "properties": {"kind": "building", "h": 9.0, "name": "449"}, "geometry": {"type": "Polygon", "coordinates": [[[8.537485, 50.042246], [8.537622, 50.042279], [8.537641, 50.042247], [8.537971, 50.042326], [8.538762, 50.040968], [8.538562, 50.04092], [8.538539, 50.040959], [8.538453, 50.040938], [8.538438, 50.040963], [8.538258, 50.04092], [8.537485, 50.042246]]]}}, {"type": "Feature", "properties": {"kind": "building", "h": 9.0, "name": "505 Flugzeughalle 9 \"Condor\""}, "geometry": {"type": "Polygon", "coordinates": [[[8.554895, 50.028349], [8.555786, 50.028559], [8.555935, 50.028298], [8.556082, 50.028041], [8.55519, 50.027831], [8.555141, 50.027919], [8.554895, 50.028349]]]}}, {"type": "Feature", "properties": {"kind": "building", "h": 9.0, "name": "507"}, "geometry": {"type": "Polygon", "coordinates": [[[8.554186, 50.028182], [8.554247, 50.028075], [8.554793, 50.028203], [8.554977, 50.027881], [8.555141, 50.027919], [8.554895, 50.028349], [8.554186, 50.028182]]]}}, {"type": "Feature", "properties": {"kind": "building", "h": 9.0, "name": "511"}, "geometry": {"type": "Polygon", "coordinates": [[[8.559384, 50.029926], [8.56077, 50.030257], [8.560887, 50.030055], [8.559501, 50.029724], [8.559384, 50.029926]]]}}, {"type": "Feature", "properties": {"kind": "terminal", "h": 18.0, "name": "General Aviation Terminal"}, "geometry": {"type": "Polygon", "coordinates": [[[8.555862, 50.029014], [8.555962, 50.028838], [8.55645, 50.028953], [8.55635, 50.029129], [8.555862, 50.029014]]]}}, {"type": "Feature", "properties": {"kind": "building", "h": 9.0, "name": "533"}, "geometry": {"type": "Polygon", "coordinates": [[[8.560379, 50.02849], [8.560576, 50.028153], [8.560749, 50.027857], [8.560935, 50.027902], [8.560759, 50.028203], [8.561106, 50.028287], [8.561206, 50.028116], [8.562016, 50.028311], [8.56187, 50.028562], [8.561722, 50.028815], [8.560379, 50.02849]]]}}, {"type": "Feature", "properties": {"kind": "building", "h": 9.0, "name": "538"}, "geometry": {"type": "Polygon", "coordinates": [[[8.560272, 50.02945], [8.560573, 50.02952], [8.56069, 50.029311], [8.560875, 50.029353], [8.560992, 50.029145], [8.560945, 50.029134], [8.560987, 50.029059], [8.560843, 50.029025], [8.560802, 50.029099], [8.560749, 50.029087], [8.560809, 50.028979], [8.560567, 50.028923], [8.560272, 50.02945]]]}}, {"type": "Feature", "properties": {"kind": "building", "h": 9.0, "name": "540"}, "geometry": {"type": "Polygon", "coordinates": [[[8.561308, 50.029404], [8.561469, 50.029443], [8.5618, 50.029523], [8.561977, 50.02922], [8.561486, 50.029101], [8.561308, 50.029404]]]}}, {"type": "Feature", "properties": {"kind": "building", "h": 9.0, "name": "541"}, "geometry": {"type": "Polygon", "coordinates": [[[8.561161, 50.029437], [8.561431, 50.029502], [8.561337, 50.029663], [8.561067, 50.029598], [8.561161, 50.029437]]]}}, {"type": "Feature", "properties": {"kind": "building", "h": 9.0, "name": "543"}, "geometry": {"type": "Polygon", "coordinates": [[[8.566121, 50.027391], [8.56631, 50.027437], [8.566599, 50.026936], [8.566717, 50.026965], [8.56644, 50.027444], [8.566837, 50.027538], [8.566872, 50.027477], [8.56765, 50.027663], [8.568042, 50.026984], [8.567132, 50.026767], [8.567162, 50.026714], [8.566898, 50.026651], [8.566852, 50.026731], [8.566733, 50.026703], [8.566786, 50.026611], [8.566597, 50.026566], [8.566121, 50.027391]]]}}, {"type": "Feature", "properties": {"kind": "building", "h": 9.0, "name": "548"}, "geometry": {"type": "Polygon", "coordinates": [[[8.565749, 50.028027], [8.566298, 50.028163], [8.566587, 50.027686], [8.565997, 50.027554], [8.565749, 50.028027]]]}}, {"type": "Feature", "properties": {"kind": "building", "h": 7.0, "name": "Lufthansa Technik Logistik Services (516)"}, "geometry": {"type": "Polygon", "coordinates": [[[8.547539, 50.023211], [8.547782, 50.023268], [8.548754, 50.023494], [8.549428, 50.02365], [8.549131, 50.024179], [8.547241, 50.02374], [8.547539, 50.023211]]]}}, {"type": "Feature", "properties": {"kind": "building", "h": 9.0, "name": "509"}, "geometry": {"type": "Polygon", "coordinates": [[[8.551985, 50.025739], [8.551675, 50.025709], [8.551685, 50.025668], [8.551859, 50.025685], [8.551865, 50.025658], [8.552001, 50.025672], [8.551985, 50.025739]]]}}, {"type": "Feature", "properties": {"kind": "building", "h": 9.0, "name": "594"}, "geometry": {"type": "Polygon", "coordinates": [[[8.55581, 50.024098], [8.55594, 50.024128], [8.555923, 50.024159], [8.556108, 50.024201], [8.556196, 50.024041], [8.55606, 50.02401], [8.556074, 50.023984], [8.555895, 50.023943], [8.55581, 50.024098]]]}}, {"type": "Feature", "properties": {"kind": "building", "h": 9.0, "name": "523"}, "geometry": {"type": "Polygon", "coordinates": [[[8.552586, 50.025948], [8.552417, 50.025908], [8.552477, 50.025803], [8.552646, 50.025843], [8.552586, 50.025948]]]}}, {"type": "Feature", "properties": {"kind": "building", "h": 9.0, "name": "528"}, "geometry": {"type": "Polygon", "coordinates": [[[8.557464, 50.027968], [8.557702, 50.027942], [8.557879, 50.027984], [8.557905, 50.028077], [8.557662, 50.028103], [8.557489, 50.028062], [8.557464, 50.027968]]]}}, {"type": "Feature", "properties": {"kind": "building", "h": 9.0, "name": "539"}, "geometry": {"type": "Polygon", "coordinates": [[[8.559974, 50.02821], [8.560142, 50.028253], [8.560075, 50.02836], [8.559908, 50.028318], [8.559974, 50.02821]]]}}, {"type": "Feature", "properties": {"kind": "building", "h": 9.0, "name": ""}, "geometry": {"type": "Polygon", "coordinates": [[[8.574592, 50.024369], [8.574289, 50.024871], [8.573433, 50.024667], [8.573258, 50.024625], [8.573576, 50.024124], [8.574417, 50.024336], [8.574592, 50.024369]]]}}, {"type": "Feature", "properties": {"kind": "building", "h": 9.0, "name": "599"}, "geometry": {"type": "Polygon", "coordinates": [[[8.575167, 50.025283], [8.575495, 50.025238], [8.575502, 50.025258], [8.575643, 50.025239], [8.575606, 50.025129], [8.575174, 50.025188], [8.575191, 50.025238], [8.575154, 50.025243], [8.575167, 50.025283]]]}}, {"type": "Feature", "properties": {"kind": "building", "h": 9.0, "name": "341"}, "geometry": {"type": "Polygon", "coordinates": [[[8.552798, 50.046184], [8.552851, 50.04609], [8.552931, 50.046108], [8.552878, 50.046203], [8.552798, 50.046184]]]}}, {"type": "Feature", "properties": {"kind": "building", "h": 9.0, "name": "344"}, "geometry": {"type": "Polygon", "coordinates": [[[8.553383, 50.044425], [8.55309, 50.044934], [8.553302, 50.044984], [8.553594, 50.044475], [8.553383, 50.044425]]]}}, {"type": "Feature", "properties": {"kind": "building", "h": 9.0, "name": "545 / A 305"}, "geometry": {"type": "Polygon", "coordinates": [[[8.567814, 50.026098], [8.567899, 50.026293], [8.568498, 50.026186], [8.568542, 50.026288], [8.568752, 50.02625], [8.568624, 50.025953], [8.567814, 50.026098]]]}}, {"type": "Feature", "properties": {"kind": "building", "h": 9.0, "name": "546"}, "geometry": {"type": "Polygon", "coordinates": [[[8.568451, 50.026225], [8.567851, 50.026339], [8.567751, 50.026121], [8.566925, 50.026278], [8.566973, 50.026382], [8.56718, 50.026343], [8.567233, 50.026458], [8.567495, 50.026409], [8.567558, 50.026546], [8.567829, 50.026494], [8.567891, 50.026629], [8.568577, 50.026498], [8.568451, 50.026225]]]}}, {"type": "Feature", "properties": {"kind": "building", "h": 9.0, "name": "Tor 31"}, "geometry": {"type": "Polygon", "coordinates": [[[8.557205, 50.023526], [8.557155, 50.023443], [8.557153, 50.02344], [8.557241, 50.023418], [8.557308, 50.023401], [8.55736, 50.023487], [8.557205, 50.023526]]]}}, {"type": "Feature", "properties": {"kind": "building", "h": 9.0, "name": "Tor 109"}, "geometry": {"type": "Polygon", "coordinates": [[[8.551583, 50.027904], [8.551902, 50.027933], [8.551924, 50.027935], [8.551956, 50.02779], [8.552021, 50.027796], [8.552027, 50.027767], [8.552002, 50.027765], [8.552021, 50.027679], [8.551982, 50.027675], [8.551993, 50.027625], [8.551651, 50.027595], [8.551583, 50.027904]]]}}, {"type": "Feature", "properties": {"kind": "building", "h": 9.0, "name": ""}, "geometry": {"type": "Polygon", "coordinates": [[[8.550959, 50.027687], [8.551074, 50.027717], [8.551125, 50.027635], [8.55101, 50.027606], [8.550959, 50.027687]]]}}, {"type": "Feature", "properties": {"kind": "building", "h": 9.0, "name": "Tor 94"}, "geometry": {"type": "Polygon", "coordinates": [[[8.542555, 50.040665], [8.54263, 50.040695], [8.542688, 50.040719], [8.542817, 50.040771], [8.542864, 50.040789], [8.542619, 50.041041], [8.542566, 50.04102], [8.542449, 50.040973], [8.542381, 50.040946], [8.542307, 50.040916], [8.542232, 50.040886], [8.542137, 50.040848], [8.542162, 50.040823], [8.542297, 50.040684], [8.542338, 50.040642], [8.542383, 50.040596], [8.542478, 50.040636], [8.542555, 50.040665]]]}}, {"type": "Feature", "properties": {"kind": "building", "h": 9.0, "name": ""}, "geometry": {"type": "Polygon", "coordinates": [[[8.539844, 50.038511], [8.540157, 50.038586], [8.540273, 50.038387], [8.53996, 50.038312], [8.539844, 50.038511]]]}}, {"type": "Feature", "properties": {"kind": "building", "h": 9.0, "name": ""}, "geometry": {"type": "Polygon", "coordinates": [[[8.539546, 50.039022], [8.539855, 50.039095], [8.539738, 50.039299], [8.539429, 50.039226], [8.539546, 50.039022]]]}}, {"type": "Feature", "properties": {"kind": "building", "h": 9.0, "name": ""}, "geometry": {"type": "Polygon", "coordinates": [[[8.539608, 50.038919], [8.53992, 50.038992], [8.54009, 50.038694], [8.539779, 50.038621], [8.539608, 50.038919]]]}}, {"type": "Feature", "properties": {"kind": "building", "h": 9.0, "name": ""}, "geometry": {"type": "Polygon", "coordinates": [[[8.552966, 50.045732], [8.553251, 50.045227], [8.553414, 50.045265], [8.553129, 50.04577], [8.552966, 50.045732]]]}}, {"type": "Feature", "properties": {"kind": "building", "h": 9.0, "name": ""}, "geometry": {"type": "Polygon", "coordinates": [[[8.53958, 50.042422], [8.539474, 50.042397], [8.539439, 50.042458], [8.539736, 50.042529], [8.539771, 50.042468], [8.53958, 50.042422]]]}}, {"type": "Feature", "properties": {"kind": "building", "h": 9.0, "name": ""}, "geometry": {"type": "Polygon", "coordinates": [[[8.539112, 50.040125], [8.539102, 50.040142], [8.53892, 50.040098], [8.539267, 50.039505], [8.539509, 50.039563], [8.539236, 50.04003], [8.539176, 50.040016], [8.539112, 50.040125]]]}}, {"type": "Feature", "properties": {"kind": "building", "h": 9.0, "name": ""}, "geometry": {"type": "Polygon", "coordinates": [[[8.577172, 50.050741], [8.577245, 50.050719], [8.57725, 50.050727], [8.577523, 50.050645], [8.577533, 50.050659], [8.577654, 50.050623], [8.577609, 50.050561], [8.577142, 50.0507], [8.577172, 50.050741]]]}}, {"type": "Feature", "properties": {"kind": "building", "h": 9.0, "name": ""}, "geometry": {"type": "Polygon", "coordinates": [[[8.551985, 50.041751], [8.552022, 50.041684], [8.552592, 50.041815], [8.552609, 50.041785], [8.552817, 50.041833], [8.552772, 50.041913], [8.552611, 50.041875], [8.552587, 50.041918], [8.552446, 50.041885], [8.55246, 50.041861], [8.552218, 50.041805], [8.551985, 50.041751]]]}}, {"type": "Feature", "properties": {"kind": "building", "h": 9.0, "name": ""}, "geometry": {"type": "Polygon", "coordinates": [[[8.55287, 50.041648], [8.552896, 50.041603], [8.552752, 50.041569], [8.552812, 50.041464], [8.553142, 50.041542], [8.553566, 50.041643], [8.553505, 50.041748], [8.553305, 50.0417], [8.55328, 50.041745], [8.553205, 50.041727], [8.553212, 50.041716], [8.552954, 50.041654], [8.552947, 50.041666], [8.55287, 50.041648]]]}}, {"type": "Feature", "properties": {"kind": "building", "h": 9.0, "name": ""}, "geometry": {"type": "Polygon", "coordinates": [[[8.551415, 50.042204], [8.551523, 50.042012], [8.551619, 50.042035], [8.551511, 50.042226], [8.551415, 50.042204]]]}}, {"type": "Feature", "properties": {"kind": "building", "h": 9.0, "name": ""}, "geometry": {"type": "Polygon", "coordinates": [[[8.551645, 50.041658], [8.55175, 50.041483], [8.55193, 50.041528], [8.551826, 50.041702], [8.551645, 50.041658]]]}}, {"type": "Feature", "properties": {"kind": "building", "h": 9.0, "name": ""}, "geometry": {"type": "Polygon", "coordinates": [[[8.553391, 50.042192], [8.553516, 50.041972], [8.553712, 50.042018], [8.553587, 50.042238], [8.553391, 50.042192]]]}}, {"type": "Feature", "properties": {"kind": "building", "h": 9.0, "name": ""}, "geometry": {"type": "Polygon", "coordinates": [[[8.552203, 50.041485], [8.552238, 50.041426], [8.552556, 50.041502], [8.552522, 50.041561], [8.552203, 50.041485]]]}}, {"type": "Feature", "properties": {"kind": "building", "h": 9.0, "name": ""}, "geometry": {"type": "Polygon", "coordinates": [[[8.553263, 50.042498], [8.553345, 50.042347], [8.553421, 50.042364], [8.553338, 50.042515], [8.553263, 50.042498]]]}}, {"type": "Feature", "properties": {"kind": "building", "h": 9.0, "name": ""}, "geometry": {"type": "Polygon", "coordinates": [[[8.55159, 50.041966], [8.551691, 50.041796], [8.551773, 50.041816], [8.551671, 50.041986], [8.55159, 50.041966]]]}}, {"type": "Feature", "properties": {"kind": "building", "h": 3.5, "name": ""}, "geometry": {"type": "Polygon", "coordinates": [[[8.552228, 50.04132], [8.552255, 50.041271], [8.552641, 50.041361], [8.552614, 50.041409], [8.552228, 50.04132]]]}}, {"type": "Feature", "properties": {"kind": "building", "h": 9.0, "name": ""}, "geometry": {"type": "Polygon", "coordinates": [[[8.552488, 50.043458], [8.552614, 50.043243], [8.553536, 50.043465], [8.553489, 50.043546], [8.552708, 50.043357], [8.552661, 50.043439], [8.55263, 50.043492], [8.552488, 50.043458]]]}}, {"type": "Feature", "properties": {"kind": "building", "h": 9.0, "name": ""}, "geometry": {"type": "Polygon", "coordinates": [[[8.54724, 50.027123], [8.547262, 50.027086], [8.547168, 50.027063], [8.547236, 50.026945], [8.54769, 50.027054], [8.547621, 50.027173], [8.547517, 50.027148], [8.547496, 50.027184], [8.54724, 50.027123]]]}}, {"type": "Feature", "properties": {"kind": "building", "h": 9.0, "name": ""}, "geometry": {"type": "Polygon", "coordinates": [[[8.564977, 50.049004], [8.565024, 50.049009], [8.565043, 50.048984], [8.565244, 50.049], [8.565309, 50.049015], [8.565333, 50.048972], [8.565264, 50.048956], [8.56509, 50.048888], [8.565115, 50.048844], [8.565086, 50.048834], [8.565118, 50.048777], [8.56494, 50.048735], [8.564853, 50.048714], [8.564834, 50.048756], [8.564778, 50.048748], [8.564768, 50.048764], [8.564725, 50.048745], [8.564678, 50.048805], [8.56464, 50.04888], [8.564626, 50.048939], [8.564727, 50.048947], [8.564858, 50.048981], [8.564977, 50.049004]]]}}, {"type": "Feature", "properties": {"kind": "building", "h": 9.0, "name": ""}, "geometry": {"type": "Polygon", "coordinates": [[[8.564485, 50.049242], [8.564459, 50.049235], [8.564326, 50.049204], [8.564318, 50.049218], [8.564171, 50.049183], [8.564418, 50.048752], [8.564559, 50.048786], [8.564472, 50.048938], [8.564637, 50.048976], [8.564485, 50.049242]]]}}, {"type": "Feature", "properties": {"kind": "building", "h": 9.0, "name": ""}, "geometry": {"type": "Polygon", "coordinates": [[[8.562343, 50.028745], [8.562231, 50.028932], [8.56281, 50.029076], [8.562923, 50.028889], [8.562343, 50.028745]]]}}, {"type": "Feature", "properties": {"kind": "building", "h": 9.0, "name": ""}, "geometry": {"type": "Polygon", "coordinates": [[[8.553149, 50.027169], [8.553472, 50.027243], [8.55339, 50.027389], [8.55158, 50.026971], [8.551664, 50.026824], [8.553149, 50.027169]]]}}, {"type": "Feature", "properties": {"kind": "building", "h": 9.0, "name": ""}, "geometry": {"type": "Polygon", "coordinates": [[[8.565236, 50.028053], [8.56473, 50.028896], [8.564161, 50.028755], [8.563614, 50.028619], [8.564121, 50.027776], [8.565236, 50.028053]]]}}, {"type": "Feature", "properties": {"kind": "building", "h": 9.0, "name": ""}, "geometry": {"type": "Polygon", "coordinates": [[[8.564447, 50.029429], [8.56442, 50.029474], [8.563819, 50.029325], [8.564161, 50.028755], [8.56473, 50.028896], [8.564763, 50.028904], [8.564447, 50.029429]]]}}, {"type": "Feature", "properties": {"kind": "building", "h": 9.0, "name": ""}, "geometry": {"type": "Polygon", "coordinates": [[[8.564121, 50.027776], [8.564178, 50.027681], [8.56426, 50.027701], [8.564376, 50.02773], [8.56491, 50.026841], [8.565827, 50.027068], [8.565236, 50.028053], [8.564121, 50.027776]]]}}, {"type": "Feature", "properties": {"kind": "building", "h": 9.0, "name": "Tor 111"}, "geometry": {"type": "Polygon", "coordinates": [[[8.558042, 50.028581], [8.558515, 50.02869], [8.558433, 50.028837], [8.558474, 50.028846], [8.558447, 50.028893], [8.558417, 50.028948], [8.558402, 50.028944], [8.558379, 50.028987], [8.55788, 50.028872], [8.558042, 50.028581]]]}}, {"type": "Feature", "properties": {"kind": "building", "h": 9.0, "name": ""}, "geometry": {"type": "Polygon", "coordinates": [[[8.562568, 50.049411], [8.562692, 50.049197], [8.562601, 50.049175], [8.562476, 50.049389], [8.562568, 50.049411]]]}}, {"type": "Feature", "properties": {"kind": "building", "h": 9.0, "name": ""}, "geometry": {"type": "Polygon", "coordinates": [[[8.562742, 50.049245], [8.562834, 50.049268], [8.562716, 50.049463], [8.562623, 50.04944], [8.562742, 50.049245]]]}}, {"type": "Feature", "properties": {"kind": "building", "h": 9.0, "name": ""}, "geometry": {"type": "Polygon", "coordinates": [[[8.54797, 50.044506], [8.548374, 50.044603], [8.548298, 50.044734], [8.548267, 50.044726], [8.54825, 50.044755], [8.548013, 50.044698], [8.548028, 50.044672], [8.547899, 50.044641], [8.547869, 50.044687], [8.547827, 50.044664], [8.54779, 50.044633], [8.547794, 50.044623], [8.547814, 50.044584], [8.547849, 50.044571], [8.547939, 50.044561], [8.54797, 50.044506]]]}}, {"type": "Feature", "properties": {"kind": "building", "h": 9.0, "name": ""}, "geometry": {"type": "Polygon", "coordinates": [[[8.556744, 50.047977], [8.556912, 50.048018], [8.556945, 50.047964], [8.556777, 50.047922], [8.556744, 50.047977]]]}}, {"type": "Feature", "properties": {"kind": "building", "h": 9.0, "name": ""}, "geometry": {"type": "Polygon", "coordinates": [[[8.56877, 50.049568], [8.568455, 50.050131], [8.567269, 50.049865], [8.567492, 50.049454], [8.567591, 50.049298], [8.56877, 50.049568]]]}}, {"type": "Feature", "properties": {"kind": "building", "h": 9.0, "name": ""}, "geometry": {"type": "Polygon", "coordinates": [[[8.539233, 50.032436], [8.539246, 50.032413], [8.539192, 50.0324], [8.539178, 50.032423], [8.539233, 50.032436]]]}}, {"type": "Feature", "properties": {"kind": "building", "h": 3.5, "name": ""}, "geometry": {"type": "Polygon", "coordinates": [[[8.539872, 50.043689], [8.539814, 50.043661], [8.539839, 50.043639], [8.539897, 50.043667], [8.539872, 50.043689]]]}}, {"type": "Feature", "properties": {"kind": "building", "h": 9.0, "name": "556 D"}, "geometry": {"type": "Polygon", "coordinates": [[[8.573433, 50.024667], [8.573338, 50.024832], [8.574135, 50.025022], [8.574165, 50.024972], [8.57422, 50.024985], [8.574289, 50.024871], [8.573433, 50.024667]]]}}, {"type": "Feature", "properties": {"kind": "terminal", "h": 18.0, "name": "AIRail Terminal"}, "geometry": {"type": "Polygon", "coordinates": [[[8.569491, 50.052539], [8.569555, 50.052418], [8.569631, 50.05228], [8.569695, 50.052163], [8.570049, 50.052238], [8.569838, 50.052602], [8.569491, 50.052539]]]}}, {"type": "Feature", "properties": {"kind": "terminal", "h": 18.0, "name": ""}, "geometry": {"type": "Polygon", "coordinates": [[[8.578887, 50.050761], [8.578717, 50.050484], [8.578785, 50.050464], [8.578904, 50.050652], [8.578956, 50.050639], [8.578835, 50.050449], [8.578904, 50.050429], [8.57906, 50.050673], [8.578987, 50.050688], [8.578981, 50.050678], [8.578926, 50.050691], [8.578957, 50.050743], [8.578887, 50.050761]]]}}, {"type": "Feature", "properties": {"kind": "terminal", "h": 18.0, "name": ""}, "geometry": {"type": "Polygon", "coordinates": [[[8.579269, 50.050757], [8.579263, 50.050747], [8.579386, 50.050717], [8.579367, 50.050686], [8.579244, 50.050717], [8.579237, 50.050706], [8.579037, 50.050757], [8.579035, 50.050754], [8.578973, 50.05077], [8.578957, 50.050743], [8.578887, 50.050761], [8.578902, 50.050786], [8.578655, 50.050849], [8.578658, 50.050854], [8.578473, 50.0509], [8.578475, 50.050903], [8.578416, 50.050918], [8.578421, 50.050927], [8.578344, 50.050946], [8.578362, 50.050975], [8.578486, 50.050944], [8.578492, 50.050955], [8.578693, 50.050904], [8.578695, 50.050908], [8.579074, 50.050812], [8.579071, 50.050807], [8.579269, 50.050757]]]}}, {"type": "Feature", "properties": {"kind": "building", "h": 9.0, "name": ""}, "geometry": {"type": "Polygon", "coordinates": [[[8.551346, 50.04253], [8.551317, 50.042528], [8.551289, 50.042529], [8.551261, 50.042534], [8.551235, 50.042543], [8.551213, 50.042554], [8.551195, 50.042569], [8.551182, 50.042585], [8.551175, 50.042603], [8.551174, 50.042622], [8.551179, 50.04264], [8.551189, 50.042657], [8.551205, 50.042673], [8.551226, 50.042686], [8.55125, 50.042696], [8.551277, 50.042702], [8.551305, 50.042705], [8.551334, 50.042704], [8.551362, 50.042699], [8.551388, 50.04269], [8.55141, 50.042678], [8.551428, 50.042664], [8.551441, 50.042647], [8.551448, 50.042629], [8.551449, 50.042611], [8.551445, 50.042593], [8.551434, 50.042575], [8.551418, 50.04256], [8.551397, 50.042547], [8.551373, 50.042537], [8.551346, 50.04253]]]}}, {"type": "Feature", "properties": {"kind": "building", "h": 9.0, "name": ""}, "geometry": {"type": "Polygon", "coordinates": [[[8.55246, 50.041861], [8.552446, 50.041885], [8.552409, 50.041951], [8.552168, 50.041895], [8.552218, 50.041805], [8.55246, 50.041861]]]}}, {"type": "Feature", "properties": {"kind": "building", "h": 9.0, "name": ""}, "geometry": {"type": "Polygon", "coordinates": [[[8.55113, 50.041464], [8.551167, 50.041473], [8.551183, 50.041477], [8.551225, 50.041487], [8.551164, 50.041594], [8.551069, 50.041571], [8.55113, 50.041464]]]}}, {"type": "Feature", "properties": {"kind": "building", "h": 9.0, "name": ""}, "geometry": {"type": "Polygon", "coordinates": [[[8.576891, 50.047475], [8.577091, 50.047347], [8.577056, 50.047324], [8.576878, 50.047437], [8.576582, 50.047378], [8.576553, 50.047365], [8.576525, 50.047389], [8.576572, 50.047411], [8.576891, 50.047475]]]}}, {"type": "Feature", "properties": {"kind": "building", "h": 7.0, "name": "Gebäude 504"}, "geometry": {"type": "Polygon", "coordinates": [[[8.550404, 50.023314], [8.550865, 50.023424], [8.551789, 50.023645], [8.551723, 50.023759], [8.551408, 50.024303], [8.550023, 50.023972], [8.550404, 50.023314]]]}}, {"type": "Feature", "properties": {"kind": "building", "h": 9.0, "name": "Frachtumschlaghalle Fraport"}, "geometry": {"type": "Polygon", "coordinates": [[[8.557076, 50.027469], [8.560179, 50.028214], [8.560258, 50.028077], [8.560826, 50.027101], [8.558473, 50.026536], [8.557723, 50.026356], [8.55746, 50.026808], [8.557076, 50.027469]]]}}, {"type": "Feature", "properties": {"kind": "building", "h": 14.0, "name": "SkyLine Station B/C"}, "geometry": {"type": "Polygon", "coordinates": [[[8.573195, 50.050251], [8.573205, 50.050211], [8.573219, 50.050153], [8.573234, 50.050092], [8.573248, 50.050034], [8.573262, 50.049974], [8.573272, 50.049934], [8.572709, 50.0498], [8.572689, 50.049835], [8.572674, 50.049861], [8.572669, 50.04987], [8.572657, 50.049891], [8.572644, 50.049912], [8.572626, 50.049945], [8.572606, 50.049978], [8.572593, 50.050001], [8.572581, 50.050023], [8.572562, 50.050055], [8.572541, 50.050092], [8.573195, 50.050251]]]}}, {"type": "Feature", "properties": {"kind": "building", "h": 10.5, "name": ""}, "geometry": {"type": "Polygon", "coordinates": [[[8.567096, 50.04905], [8.567642, 50.049183], [8.567591, 50.049298], [8.56877, 50.049568], [8.568838, 50.049465], [8.56899, 50.049209], [8.568861, 50.049028], [8.568832, 50.049081], [8.568779, 50.049129], [8.568721, 50.049172], [8.568653, 50.049209], [8.568576, 50.049238], [8.568495, 50.049261], [8.568408, 50.049274], [8.56832, 50.049279], [8.568226, 50.049276], [8.568145, 50.049262], [8.567534, 50.049114], [8.567414, 50.049085], [8.567118, 50.049014], [8.567096, 50.04905]]]}}, {"type": "Feature", "properties": {"kind": "terminal", "h": 14.0, "name": ""}, "geometry": {"type": "Polygon", "coordinates": [[[8.564183, 50.047942], [8.56427, 50.047795], [8.564306, 50.047804], [8.564331, 50.047762], [8.564384, 50.047775], [8.56436, 50.047816], [8.564411, 50.047828], [8.564322, 50.047976], [8.564299, 50.04797], [8.564183, 50.047942]]]}}, {"type": "Feature", "properties": {"kind": "terminal", "h": 14.0, "name": ""}, "geometry": {"type": "Polygon", "coordinates": [[[8.565124, 50.048167], [8.565209, 50.048018], [8.565251, 50.048028], [8.565276, 50.047984], [8.56533, 50.047997], [8.565306, 50.048039], [8.56535, 50.04805], [8.565265, 50.048199], [8.565242, 50.048192], [8.565124, 50.048167]]]}}, {"type": "Feature", "properties": {"kind": "terminal", "h": 14.0, "name": ""}, "geometry": {"type": "Polygon", "coordinates": [[[8.558929, 50.046688], [8.558816, 50.046661], [8.558899, 50.046515], [8.558936, 50.046523], [8.558962, 50.046479], [8.559012, 50.046491], [8.558987, 50.046535], [8.559031, 50.046546], [8.558957, 50.046675], [8.558948, 50.046692], [8.558929, 50.046688]]]}}, {"type": "Feature", "properties": {"kind": "terminal", "h": 14.0, "name": ""}, "geometry": {"type": "Polygon", "coordinates": [[[8.55979, 50.046891], [8.559663, 50.046862], [8.559749, 50.046711], [8.559786, 50.046719], [8.559808, 50.04668], [8.559857, 50.046692], [8.559835, 50.046731], [8.559887, 50.046743], [8.559801, 50.046894], [8.55979, 50.046891]]]}}, {"type": "Feature", "properties": {"kind": "terminal", "h": 14.0, "name": ""}, "geometry": {"type": "Polygon", "coordinates": [[[8.560795, 50.047132], [8.560879, 50.046987], [8.560917, 50.046997], [8.560945, 50.046949], [8.560993, 50.046961], [8.560967, 50.047006], [8.561015, 50.047018], [8.56093, 50.047164], [8.560919, 50.047162], [8.560795, 50.047132]]]}}, {"type": "Feature", "properties": {"kind": "terminal", "h": 14.0, "name": ""}, "geometry": {"type": "Polygon", "coordinates": [[[8.561929, 50.047404], [8.562014, 50.047256], [8.562041, 50.047263], [8.562067, 50.047218], [8.562123, 50.047231], [8.562097, 50.047277], [8.562148, 50.047289], [8.562063, 50.047436], [8.562054, 50.047434], [8.561929, 50.047404]]]}}, {"type": "Feature", "properties": {"kind": "terminal", "h": 14.0, "name": ""}, "geometry": {"type": "Polygon", "coordinates": [[[8.563056, 50.047673], [8.563142, 50.047525], [8.563175, 50.047532], [8.563198, 50.047492], [8.563251, 50.047505], [8.563227, 50.047546], [8.563276, 50.047558], [8.563191, 50.047705], [8.563184, 50.047703], [8.563056, 50.047673]]]}}, {"type": "Feature", "properties": {"kind": "building", "h": 3.5, "name": ""}, "geometry": {"type": "Polygon", "coordinates": [[[8.552673, 50.041419], [8.552683, 50.041401], [8.552656, 50.041395], [8.552646, 50.041412], [8.552673, 50.041419]]]}}, {"type": "Feature", "properties": {"kind": "building", "h": 9.0, "name": ""}, "geometry": {"type": "Polygon", "coordinates": [[[8.554394, 50.042499], [8.55443, 50.042435], [8.554402, 50.042428], [8.554366, 50.042493], [8.554394, 50.042499]]]}}, {"type": "Feature", "properties": {"kind": "building", "h": 9.0, "name": ""}, "geometry": {"type": "Polygon", "coordinates": [[[8.554469, 50.042516], [8.554505, 50.042452], [8.554477, 50.042446], [8.554441, 50.04251], [8.554469, 50.042516]]]}}, {"type": "Feature", "properties": {"kind": "building", "h": 9.0, "name": ""}, "geometry": {"type": "Polygon", "coordinates": [[[8.554357, 50.042491], [8.554393, 50.042426], [8.554365, 50.04242], [8.554329, 50.042484], [8.554357, 50.042491]]]}}, {"type": "Feature", "properties": {"kind": "building", "h": 9.0, "name": ""}, "geometry": {"type": "Polygon", "coordinates": [[[8.554515, 50.042527], [8.554551, 50.042463], [8.554579, 50.042469], [8.554543, 50.042534], [8.554515, 50.042527]]]}}, {"type": "Feature", "properties": {"kind": "building", "h": 9.0, "name": ""}, "geometry": {"type": "Polygon", "coordinates": [[[8.554431, 50.042508], [8.554467, 50.042443], [8.554439, 50.042437], [8.554403, 50.042501], [8.554431, 50.042508]]]}}, {"type": "Feature", "properties": {"kind": "building", "h": 9.0, "name": ""}, "geometry": {"type": "Polygon", "coordinates": [[[8.554506, 50.042525], [8.554542, 50.042461], [8.554514, 50.042454], [8.554478, 50.042519], [8.554506, 50.042525]]]}}, {"type": "Feature", "properties": {"kind": "building", "h": 9.0, "name": ""}, "geometry": {"type": "Polygon", "coordinates": [[[8.554394, 50.042499], [8.55443, 50.042435], [8.554402, 50.042428], [8.554366, 50.042493], [8.554394, 50.042499]]]}}, {"type": "Feature", "properties": {"kind": "building", "h": 9.0, "name": ""}, "geometry": {"type": "Polygon", "coordinates": [[[8.554469, 50.042516], [8.554505, 50.042452], [8.554477, 50.042446], [8.554441, 50.04251], [8.554469, 50.042516]]]}}, {"type": "Feature", "properties": {"kind": "building", "h": 9.0, "name": ""}, "geometry": {"type": "Polygon", "coordinates": [[[8.554357, 50.042491], [8.554393, 50.042426], [8.554365, 50.04242], [8.554329, 50.042484], [8.554357, 50.042491]]]}}, {"type": "Feature", "properties": {"kind": "building", "h": 9.0, "name": ""}, "geometry": {"type": "Polygon", "coordinates": [[[8.554515, 50.042527], [8.554551, 50.042463], [8.554579, 50.042469], [8.554543, 50.042534], [8.554515, 50.042527]]]}}, {"type": "Feature", "properties": {"kind": "building", "h": 9.0, "name": ""}, "geometry": {"type": "Polygon", "coordinates": [[[8.554431, 50.042508], [8.554467, 50.042443], [8.554439, 50.042437], [8.554403, 50.042501], [8.554431, 50.042508]]]}}, {"type": "Feature", "properties": {"kind": "building", "h": 9.0, "name": ""}, "geometry": {"type": "Polygon", "coordinates": [[[8.554506, 50.042525], [8.554542, 50.042461], [8.554514, 50.042454], [8.554478, 50.042519], [8.554506, 50.042525]]]}}, {"type": "Feature", "properties": {"kind": "building", "h": 9.0, "name": ""}, "geometry": {"type": "Polygon", "coordinates": [[[8.554357, 50.042491], [8.554393, 50.042426], [8.554365, 50.04242], [8.554329, 50.042484], [8.554357, 50.042491]]]}}, {"type": "Feature", "properties": {"kind": "building", "h": 9.0, "name": ""}, "geometry": {"type": "Polygon", "coordinates": [[[8.554394, 50.042499], [8.55443, 50.042435], [8.554402, 50.042428], [8.554366, 50.042493], [8.554394, 50.042499]]]}}, {"type": "Feature", "properties": {"kind": "building", "h": 9.0, "name": ""}, "geometry": {"type": "Polygon", "coordinates": [[[8.554431, 50.042508], [8.554467, 50.042443], [8.554439, 50.042437], [8.554403, 50.042502], [8.554431, 50.042508]]]}}, {"type": "Feature", "properties": {"kind": "building", "h": 9.0, "name": ""}, "geometry": {"type": "Polygon", "coordinates": [[[8.554469, 50.042516], [8.554505, 50.042452], [8.554477, 50.042446], [8.554441, 50.04251], [8.554469, 50.042516]]]}}, {"type": "Feature", "properties": {"kind": "building", "h": 9.0, "name": ""}, "geometry": {"type": "Polygon", "coordinates": [[[8.554506, 50.042525], [8.554542, 50.042461], [8.554514, 50.042454], [8.554478, 50.042519], [8.554506, 50.042525]]]}}, {"type": "Feature", "properties": {"kind": "building", "h": 9.0, "name": ""}, "geometry": {"type": "Polygon", "coordinates": [[[8.554515, 50.042527], [8.554551, 50.042463], [8.554579, 50.042469], [8.554543, 50.042534], [8.554515, 50.042527]]]}}, {"type": "Feature", "properties": {"kind": "terminal", "h": 10.5, "name": "Terminal 1 Flugsteig A"}, "geometry": {"type": "Polygon", "coordinates": [[[8.568612, 50.05017], [8.568455, 50.050131], [8.56877, 50.049568], [8.568838, 50.049465], [8.56899, 50.049209], [8.568861, 50.049028], [8.568885, 50.048971], [8.56889, 50.048916], [8.568883, 50.048859], [8.568864, 50.048803], [8.568581, 50.048404], [8.568394, 50.04814], [8.568376, 50.048143], [8.568295, 50.048151], [8.568201, 50.048019], [8.568176, 50.047984], [8.567929, 50.047636], [8.567852, 50.047527], [8.567824, 50.047487], [8.567708, 50.047324], [8.567763, 50.047293], [8.567809, 50.047272], [8.567725, 50.047154], [8.567578, 50.047197], [8.567473, 50.047049], [8.567309, 50.047097], [8.567277, 50.047052], [8.567441, 50.047004], [8.56731, 50.046819], [8.567457, 50.046776], [8.567378, 50.046664], [8.56723, 50.046707], [8.567119, 50.046551], [8.566954, 50.046599], [8.566927, 50.046559], [8.567091, 50.046511], [8.566961, 50.046327], [8.567109, 50.046284], [8.567029, 50.046172], [8.566881, 50.046215], [8.566716, 50.045982], [8.566552, 50.04603], [8.566538, 50.046011], [8.566535, 50.046011], [8.566521, 50.045992], [8.566525, 50.045991], [8.566511, 50.045972], [8.566675, 50.045924], [8.566541, 50.045735], [8.566577, 50.045725], [8.566688, 50.045692], [8.566611, 50.045583], [8.566463, 50.045626], [8.566384, 50.045514], [8.566223, 50.045561], [8.56621, 50.045544], [8.566204, 50.045546], [8.566192, 50.045529], [8.566198, 50.045527], [8.566186, 50.045509], [8.566258, 50.045488], [8.566236, 50.045457], [8.566256, 50.045451], [8.566278, 50.045482], [8.566347, 50.045462], [8.566019, 50.045001], [8.565887, 50.044814], [8.565923, 50.044803], [8.565932, 50.044801], [8.565911, 50.04477], [8.565869, 50.04476], [8.565766, 50.044735], [8.565692, 50.044718], [8.56567, 50.044756], [8.565618, 50.044737], [8.565573, 50.044718], [8.565508, 50.044689], [8.565516, 50.044675], [8.565531, 50.044649], [8.565459, 50.044631], [8.565393, 50.044615], [8.565373, 50.04465], [8.565159, 50.044598], [8.565141, 50.044629], [8.565097, 50.044615], [8.56504, 50.044592], [8.564987, 50.044561], [8.564989, 50.044558], [8.565009, 50.044523], [8.564938, 50.044506], [8.564876, 50.044491], [8.564856, 50.044526], [8.564638, 50.044474], [8.564622, 50.044501], [8.564575, 50.044487], [8.564521, 50.044466], [8.564462, 50.044433], [8.564463, 50.044432], [8.564485, 50.044394], [8.564409, 50.044375], [8.564351, 50.044362], [8.564329, 50.0444], [8.564109, 50.044347], [8.564093, 50.044375], [8.564049, 50.04436], [8.563994, 50.044338], [8.56393, 50.044306], [8.563854, 50.044288], [8.563788, 50.044272], [8.563587, 50.044224], [8.563572, 50.04425], [8.563503, 50.044227], [8.563457, 50.044209], [8.563404, 50.044179], [8.563342, 50.044164], [8.563289, 50.044151], [8.563061, 50.044096], [8.563044, 50.044126], [8.562994, 50.044112], [8.562942, 50.044088], [8.562883, 50.044052], [8.562819, 50.044037], [8.562755, 50.044022], [8.562537, 50.043969], [8.562518, 50.044001], [8.562464, 50.04398], [8.562414, 50.043959], [8.562365, 50.043928], [8.562385, 50.043893], [8.562318, 50.043877], [8.562246, 50.04386], [8.562227, 50.043893], [8.562016, 50.043842], [8.561998, 50.043873], [8.561935, 50.043853], [8.561886, 50.043831], [8.561838, 50.043803], [8.56184, 50.0438], [8.561859, 50.043767], [8.561795, 50.043752], [8.561728, 50.043736], [8.561709, 50.043768], [8.561488, 50.043715], [8.561593, 50.043536], [8.561814, 50.043589], [8.561883, 50.043605], [8.561945, 50.04362], [8.562332, 50.043713], [8.562405, 50.043731], [8.56247, 50.043746], [8.562861, 50.04384], [8.562927, 50.043856], [8.562989, 50.043871], [8.563395, 50.043968], [8.56345, 50.043982], [8.56351, 50.043996], [8.563895, 50.044088], [8.563963, 50.044105], [8.564036, 50.044122], [8.564435, 50.044218], [8.564495, 50.044232], [8.564569, 50.04425], [8.564962, 50.044344], [8.565025, 50.044359], [8.565095, 50.044376], [8.565478, 50.044468], [8.565546, 50.044485], [8.565617, 50.044502], [8.565867, 50.044562], [8.566085, 50.044614], [8.566271, 50.044659], [8.566302, 50.044697], [8.566317, 50.044692], [8.566376, 50.044675], [8.56647, 50.044807], [8.566512, 50.044795], [8.566679, 50.044746], [8.566755, 50.044853], [8.566853, 50.044824], [8.567039, 50.045087], [8.566947, 50.045113], [8.567057, 50.045268], [8.567026, 50.045277], [8.567053, 50.045315], [8.566991, 50.045333], [8.566888, 50.045363], [8.566962, 50.045467], [8.566807, 50.045513], [8.566892, 50.045633], [8.567054, 50.045585], [8.567187, 50.045781], [8.567336, 50.045737], [8.567348, 50.045754], [8.567361, 50.045772], [8.567373, 50.045789], [8.567308, 50.045808], [8.567388, 50.045921], [8.567376, 50.045925], [8.567364, 50.045929], [8.567283, 50.045815], [8.567224, 50.045832], [8.567384, 50.046059], [8.567252, 50.046097], [8.567332, 50.046211], [8.567469, 50.046171], [8.56758, 50.046328], [8.567744, 50.04628], [8.567779, 50.04633], [8.567729, 50.046345], [8.567614, 50.046378], [8.567736, 50.04655], [8.567621, 50.046584], [8.567703, 50.0467], [8.567822, 50.046665], [8.567934, 50.046823], [8.568099, 50.046775], [8.568131, 50.04682], [8.568074, 50.046836], [8.567962, 50.046869], [8.568088, 50.047046], [8.567945, 50.047088], [8.568024, 50.047201], [8.568169, 50.047159], [8.568273, 50.047305], [8.56844, 50.047257], [8.568476, 50.047308], [8.568426, 50.047322], [8.568309, 50.047356], [8.568631, 50.047811], [8.568806, 50.04776], [8.568836, 50.047803], [8.56877, 50.047822], [8.56867, 50.047852], [8.568787, 50.048018], [8.568726, 50.048036], [8.568653, 50.048057], [8.568729, 50.048164], [8.568864, 50.048125], [8.568975, 50.048282], [8.569136, 50.048235], [8.569173, 50.048287], [8.569113, 50.048305], [8.569016, 50.048333], [8.56914, 50.048507], [8.569011, 50.048545], [8.569087, 50.048651], [8.569213, 50.048614], [8.569324, 50.048771], [8.569484, 50.048724], [8.569523, 50.048779], [8.569462, 50.048797], [8.569365, 50.048825], [8.569484, 50.048993], [8.569456, 50.049001], [8.569534, 50.049112], [8.56955, 50.049107], [8.569594, 50.04917], [8.570745, 50.049453], [8.571049, 50.049527], [8.571217, 50.049571], [8.571, 50.049781], [8.570686, 50.049709], [8.570604, 50.049856], [8.570511, 50.050032], [8.571184, 50.050195], [8.57116, 50.05024], [8.570374, 50.050295], [8.570196, 50.050594], [8.570173, 50.050589], [8.570153, 50.050584], [8.568613, 50.050215], [8.568589, 50.05021], [8.568612, 50.05017]]]}}, {"type": "Feature", "properties": {"kind": "building", "h": 9.0, "name": ""}, "geometry": {"type": "Polygon", "coordinates": [[[8.573718, 50.048767], [8.573737, 50.048772], [8.573755, 50.048741], [8.573761, 50.048731], [8.573766, 50.048721], [8.57379, 50.048681], [8.57377, 50.048676], [8.573747, 50.048717], [8.573741, 50.048727], [8.573736, 50.048736], [8.573718, 50.048767]]]}}, {"type": "Feature", "properties": {"kind": "building", "h": 9.0, "name": ""}, "geometry": {"type": "Polygon", "coordinates": [[[8.567132, 50.02368], [8.567221, 50.023702], [8.567237, 50.023676], [8.567149, 50.023654], [8.567132, 50.02368]]]}}, {"type": "Feature", "properties": {"kind": "building", "h": 9.0, "name": ""}, "geometry": {"type": "Polygon", "coordinates": [[[8.567266, 50.023707], [8.567313, 50.023717], [8.567323, 50.023699], [8.567276, 50.023688], [8.567266, 50.023707]]]}}, {"type": "Feature", "properties": {"kind": "terminal", "h": 18.0, "name": "Flugsteig J"}, "geometry": {"type": "Polygon", "coordinates": [[[8.577757, 50.030209], [8.57801, 50.030562], [8.577872, 50.030603], [8.57771, 50.030374], [8.577806, 50.030346], [8.577755, 50.030275], [8.577716, 50.030221], [8.576846, 50.030478], [8.577096, 50.030831], [8.576959, 50.030871], [8.576799, 50.030646], [8.576896, 50.030617], [8.576837, 50.030534], [8.576806, 50.030489], [8.575626, 50.030837], [8.575658, 50.030881], [8.57588, 50.031191], [8.57574, 50.031232], [8.575579, 50.031005], [8.575675, 50.030977], [8.575614, 50.030894], [8.575582, 50.03085], [8.574438, 50.031192], [8.574696, 50.031542], [8.574559, 50.031582], [8.574399, 50.031355], [8.574492, 50.031328], [8.574429, 50.031242], [8.574401, 50.031202], [8.573226, 50.031545], [8.573257, 50.031588], [8.573479, 50.031901], [8.573342, 50.031941], [8.573181, 50.031714], [8.573272, 50.031687], [8.57321, 50.031601], [8.57318, 50.031558], [8.572141, 50.031865], [8.572172, 50.031907], [8.572396, 50.032221], [8.572258, 50.032262], [8.572097, 50.032035], [8.572193, 50.032007], [8.57213, 50.031919], [8.5721, 50.031877], [8.571504, 50.032053], [8.571424, 50.031942], [8.571075, 50.03205], [8.570682, 50.03273], [8.570539, 50.032698], [8.570667, 50.032463], [8.570762, 50.032484], [8.571032, 50.032035], [8.570649, 50.031504], [8.570786, 50.031464], [8.570954, 50.031695], [8.570862, 50.031723], [8.57103, 50.031959], [8.571241, 50.031897], [8.571367, 50.031861], [8.571288, 50.031751], [8.571884, 50.031575], [8.571842, 50.031516], [8.571631, 50.031219], [8.571768, 50.031179], [8.57193, 50.031407], [8.571832, 50.031435], [8.571881, 50.031505], [8.571923, 50.031563], [8.572967, 50.031256], [8.572924, 50.031197], [8.572713, 50.030899], [8.572848, 50.03086], [8.573009, 50.031088], [8.572919, 50.031114], [8.572969, 50.031183], [8.573012, 50.031242], [8.574188, 50.030895], [8.574145, 50.030836], [8.57393, 50.030535], [8.574069, 50.030494], [8.574234, 50.030728], [8.574133, 50.030757], [8.574183, 50.030825], [8.574226, 50.030884], [8.575557, 50.030491], [8.575514, 50.030432], [8.5753, 50.030133], [8.575437, 50.030093], [8.575601, 50.030322], [8.575506, 50.03035], [8.575556, 50.030419], [8.575599, 50.030479], [8.576587, 50.030187], [8.576545, 50.030127], [8.57633, 50.029826], [8.57647, 50.029785], [8.576635, 50.030017], [8.576538, 50.030045], [8.576588, 50.030115], [8.57663, 50.030174], [8.57735, 50.029962], [8.577329, 50.02993], [8.577094, 50.0296], [8.577226, 50.029561], [8.577393, 50.029795], [8.577304, 50.029821], [8.577371, 50.029918], [8.577393, 50.029949], [8.577977, 50.029777], [8.578012, 50.029827], [8.578467, 50.029692], [8.578582, 50.029657], [8.578716, 50.029841], [8.578147, 50.03002], [8.578191, 50.030081], [8.577757, 50.030209]]]}}, {"type": "Feature", "properties": {"kind": "terminal", "h": 18.0, "name": "Flugsteig H"}, "geometry": {"type": "Polygon", "coordinates": [[[8.579698, 50.032351], [8.579632, 50.032335], [8.579282, 50.032251], [8.579324, 50.032179], [8.57955, 50.032233], [8.579524, 50.032276], [8.579649, 50.032306], [8.579715, 50.032322], [8.579989, 50.031848], [8.579924, 50.031832], [8.579575, 50.031748], [8.579617, 50.031676], [8.579842, 50.03173], [8.579817, 50.031773], [8.57994, 50.031803], [8.580005, 50.031819], [8.580348, 50.031242], [8.580405, 50.031256], [8.580578, 50.030944], [8.580743, 50.030986], [8.580896, 50.031019], [8.580787, 50.031224], [8.580732, 50.031335], [8.580798, 50.031351], [8.580744, 50.031446], [8.580828, 50.031468], [8.581168, 50.031548], [8.581126, 50.03162], [8.5809, 50.031566], [8.580925, 50.031523], [8.580816, 50.031497], [8.580727, 50.031475], [8.580511, 50.031852], [8.580595, 50.031872], [8.580933, 50.031953], [8.580891, 50.032025], [8.580666, 50.031971], [8.580691, 50.031928], [8.580578, 50.031901], [8.580494, 50.03188], [8.580175, 50.032435], [8.580251, 50.032453], [8.580596, 50.032536], [8.580554, 50.032608], [8.580328, 50.032554], [8.580353, 50.032511], [8.580235, 50.032482], [8.580159, 50.032464], [8.579771, 50.033138], [8.579854, 50.03316], [8.580192, 50.033245], [8.580162, 50.033296], [8.579936, 50.033242], [8.57995, 50.033219], [8.579838, 50.033189], [8.579755, 50.033167], [8.57935, 50.033872], [8.579433, 50.033894], [8.579769, 50.033978], [8.579739, 50.03403], [8.579513, 50.033975], [8.579527, 50.033952], [8.579416, 50.033923], [8.579333, 50.033901], [8.579009, 50.034464], [8.578807, 50.034416], [8.578731, 50.034544], [8.578665, 50.034657], [8.577993, 50.034498], [8.578024, 50.034444], [8.578245, 50.034497], [8.578229, 50.034524], [8.578633, 50.03462], [8.578684, 50.034533], [8.578761, 50.034405], [8.578547, 50.034354], [8.578837, 50.033843], [8.578768, 50.033826], [8.578424, 50.033743], [8.578454, 50.033692], [8.57868, 50.033746], [8.578667, 50.033769], [8.578784, 50.033797], [8.578854, 50.033814], [8.579362, 50.032933], [8.579295, 50.032917], [8.578949, 50.032833], [8.578991, 50.032761], [8.579217, 50.032816], [8.579191, 50.032859], [8.579311, 50.032888], [8.579379, 50.032905], [8.579698, 50.032351]]]}}, {"type": "Feature", "properties": {"kind": "terminal", "h": 18.0, "name": "Flugsteig G"}, "geometry": {"type": "Polygon", "coordinates": [[[8.584191, 50.031163], [8.584301, 50.031318], [8.585923, 50.033595], [8.586067, 50.033791], [8.585613, 50.033927], [8.585467, 50.033726], [8.583846, 50.031451], [8.583488, 50.03096], [8.583943, 50.030817], [8.584191, 50.031163]]]}}, {"type": "Feature", "properties": {"kind": "building", "h": 9.0, "name": ""}, "geometry": {"type": "Polygon", "coordinates": [[[8.553817, 50.045099], [8.553981, 50.045146], [8.554199, 50.044774], [8.55405, 50.044737], [8.553817, 50.045099]]]}}, {"type": "Feature", "properties": {"kind": "building", "h": 9.0, "name": "338"}, "geometry": {"type": "Polygon", "coordinates": [[[8.553982, 50.045147], [8.556864, 50.045834], [8.557101, 50.045435], [8.554223, 50.044735], [8.554199, 50.044774], [8.553982, 50.045147]]]}}, {"type": "Feature", "properties": {"kind": "building", "h": 9.0, "name": "337"}, "geometry": {"type": "Polygon", "coordinates": [[[8.556803, 50.045935], [8.556864, 50.045834], [8.557101, 50.045435], [8.557146, 50.045352], [8.55721, 50.045235], [8.557518, 50.045304], [8.557121, 50.046005], [8.556803, 50.045935]]]}}, {"type": "Feature", "properties": {"kind": "building", "h": 9.0, "name": "384"}, "geometry": {"type": "Polygon", "coordinates": [[[8.552347, 50.046462], [8.552414, 50.046352], [8.552694, 50.046422], [8.552628, 50.046532], [8.552347, 50.046462]]]}}, {"type": "Feature", "properties": {"kind": "building", "h": 9.0, "name": ""}, "geometry": {"type": "Polygon", "coordinates": [[[8.550347, 50.041158], [8.550659, 50.041233], [8.550208, 50.042005], [8.549896, 50.04193], [8.550347, 50.041158]]]}}, {"type": "Feature", "properties": {"kind": "building", "h": 9.0, "name": ""}, "geometry": {"type": "Polygon", "coordinates": [[[8.572498, 50.044789], [8.572621, 50.044577], [8.572755, 50.044342], [8.572303, 50.044234], [8.572046, 50.044681], [8.572498, 50.044789]]]}}, {"type": "Feature", "properties": {"kind": "building", "h": 9.0, "name": "556 E"}, "geometry": {"type": "Polygon", "coordinates": [[[8.573338, 50.024832], [8.573161, 50.024789], [8.573258, 50.024625], [8.573433, 50.024667], [8.573338, 50.024832]]]}}, {"type": "Feature", "properties": {"kind": "building", "h": 9.0, "name": ""}, "geometry": {"type": "Polygon", "coordinates": [[[8.560193, 50.024008], [8.560369, 50.023701], [8.5604, 50.023647], [8.560788, 50.023742], [8.560755, 50.023805], [8.560597, 50.024103], [8.560193, 50.024008]]]}}, {"type": "Feature", "properties": {"kind": "building", "h": 9.0, "name": ""}, "geometry": {"type": "Polygon", "coordinates": [[[8.561152, 50.023975], [8.56119, 50.023979], [8.5612, 50.023962], [8.561232, 50.023967], [8.56122, 50.023989], [8.561253, 50.023992], [8.5612, 50.024098], [8.561154, 50.024089], [8.561134, 50.024117], [8.561078, 50.024103], [8.561152, 50.023975]]]}}, {"type": "Feature", "properties": {"kind": "building", "h": 9.0, "name": ""}, "geometry": {"type": "Polygon", "coordinates": [[[8.560876, 50.023804], [8.560861, 50.023831], [8.560706, 50.024107], [8.560834, 50.024139], [8.560911, 50.024158], [8.560965, 50.024172], [8.561029, 50.024188], [8.561078, 50.024103], [8.561152, 50.023975], [8.561203, 50.023885], [8.561136, 50.023869], [8.561081, 50.023855], [8.561007, 50.023837], [8.560876, 50.023804]]]}}, {"type": "Feature", "properties": {"kind": "building", "h": 9.0, "name": "544 - swissport"}, "geometry": {"type": "Polygon", "coordinates": [[[8.560776, 50.022973], [8.56373, 50.023688], [8.564046, 50.023148], [8.564098, 50.02306], [8.563764, 50.022979], [8.563782, 50.022948], [8.563686, 50.022925], [8.563668, 50.022956], [8.562701, 50.022722], [8.562799, 50.022556], [8.562627, 50.022515], [8.56253, 50.022681], [8.561568, 50.022448], [8.561582, 50.022425], [8.561481, 50.022401], [8.561467, 50.022423], [8.561144, 50.022345], [8.561101, 50.022418], [8.560776, 50.022973]]]}}, {"type": "Feature", "properties": {"kind": "building", "h": 9.0, "name": ""}, "geometry": {"type": "Polygon", "coordinates": [[[8.554329, 50.041821], [8.553719, 50.041679], [8.55374, 50.04164], [8.554351, 50.041783], [8.554329, 50.041821]]]}}, {"type": "Feature", "properties": {"kind": "building", "h": 9.0, "name": ""}, "geometry": {"type": "Polygon", "coordinates": [[[8.554027, 50.041898], [8.553641, 50.041809], [8.553685, 50.04173], [8.55407, 50.041819], [8.554027, 50.041898]]]}}, {"type": "Feature", "properties": {"kind": "building", "h": 3.5, "name": ""}, "geometry": {"type": "Polygon", "coordinates": [[[8.542355, 50.04385], [8.542282, 50.043834], [8.542299, 50.043803], [8.542372, 50.04382], [8.542355, 50.04385]]]}}, {"type": "Feature", "properties": {"kind": "building", "h": 3.5, "name": ""}, "geometry": {"type": "Polygon", "coordinates": [[[8.542271, 50.043892], [8.542284, 50.043869], [8.54234, 50.043882], [8.542327, 50.043905], [8.542271, 50.043892]]]}}, {"type": "Feature", "properties": {"kind": "building", "h": 9.0, "name": ""}, "geometry": {"type": "Polygon", "coordinates": [[[8.547399, 50.044897], [8.547383, 50.044925], [8.547398, 50.044928], [8.547366, 50.044981], [8.547324, 50.044971], [8.547317, 50.044984], [8.547222, 50.044961], [8.547256, 50.044903], [8.547276, 50.044868], [8.547228, 50.044857], [8.547242, 50.044833], [8.547394, 50.04487], [8.547399, 50.044897]]]}}, {"type": "Feature", "properties": {"kind": "building", "h": 9.0, "name": ""}, "geometry": {"type": "Polygon", "coordinates": [[[8.547794, 50.044623], [8.547773, 50.044618], [8.54774, 50.044611], [8.547728, 50.044609], [8.547749, 50.04457], [8.547814, 50.044584], [8.547794, 50.044623]]]}}, {"type": "Feature", "properties": {"kind": "building", "h": 9.0, "name": ""}, "geometry": {"type": "Polygon", "coordinates": [[[8.547732, 50.044118], [8.547636, 50.044068], [8.547958, 50.043813], [8.548053, 50.043862], [8.547732, 50.044118]]]}}, {"type": "Feature", "properties": {"kind": "building", "h": 9.0, "name": ""}, "geometry": {"type": "Polygon", "coordinates": [[[8.547299, 50.044279], [8.547323, 50.044265], [8.547328, 50.044269], [8.547381, 50.044238], [8.547443, 50.044282], [8.547366, 50.044327], [8.547299, 50.044279]]]}}, {"type": "Feature", "properties": {"kind": "building", "h": 9.0, "name": ""}, "geometry": {"type": "Polygon", "coordinates": [[[8.547307, 50.04436], [8.547247, 50.044317], [8.547274, 50.044301], [8.547268, 50.044297], [8.547299, 50.044279], [8.547366, 50.044327], [8.547307, 50.04436]]]}}, {"type": "Feature", "properties": {"kind": "building", "h": 9.0, "name": ""}, "geometry": {"type": "Polygon", "coordinates": [[[8.547246, 50.0444], [8.547185, 50.044356], [8.547212, 50.04434], [8.547206, 50.044336], [8.547244, 50.044315], [8.547247, 50.044317], [8.547307, 50.04436], [8.547311, 50.044363], [8.547246, 50.0444]]]}}, {"type": "Feature", "properties": {"kind": "building", "h": 9.0, "name": ""}, "geometry": {"type": "Polygon", "coordinates": [[[8.543086, 50.041538], [8.542904, 50.041494], [8.54277, 50.041725], [8.542953, 50.041769], [8.543086, 50.041538]]]}}, {"type": "Feature", "properties": {"kind": "building", "h": 9.0, "name": ""}, "geometry": {"type": "Polygon", "coordinates": [[[8.545311, 50.042057], [8.545224, 50.042036], [8.545377, 50.041771], [8.545465, 50.041792], [8.545311, 50.042057]]]}}, {"type": "Feature", "properties": {"kind": "building", "h": 9.0, "name": ""}, "geometry": {"type": "Polygon", "coordinates": [[[8.547505, 50.044957], [8.547473, 50.044949], [8.547492, 50.044919], [8.547502, 50.044904], [8.547517, 50.044891], [8.547534, 50.044884], [8.547601, 50.044866], [8.547642, 50.044844], [8.54767, 50.044816], [8.547685, 50.044784], [8.547686, 50.044754], [8.547677, 50.044715], [8.54774, 50.044611], [8.547773, 50.044618], [8.547713, 50.044716], [8.547718, 50.044751], [8.547714, 50.044787], [8.547696, 50.044824], [8.547666, 50.044857], [8.547618, 50.044884], [8.547552, 50.044902], [8.547532, 50.044913], [8.547524, 50.044927], [8.547505, 50.044957]]]}}, {"type": "Feature", "properties": {"kind": "building", "h": 9.0, "name": ""}, "geometry": {"type": "Polygon", "coordinates": [[[8.545569, 50.043458], [8.545408, 50.043421], [8.545449, 50.043347], [8.545611, 50.043384], [8.545569, 50.043458]]]}}, {"type": "Feature", "properties": {"kind": "building", "h": 9.0, "name": ""}, "geometry": {"type": "Polygon", "coordinates": [[[8.545611, 50.043384], [8.545763, 50.043419], [8.545722, 50.043493], [8.545569, 50.043458], [8.545611, 50.043384]]]}}, {"type": "Feature", "properties": {"kind": "building", "h": 3.5, "name": ""}, "geometry": {"type": "Polygon", "coordinates": [[[8.545379, 50.043799], [8.545465, 50.043649], [8.545607, 50.043683], [8.54552, 50.043833], [8.545379, 50.043799]]]}}, {"type": "Feature", "properties": {"kind": "building", "h": 9.0, "name": ""}, "geometry": {"type": "Polygon", "coordinates": [[[8.546334, 50.041548], [8.546326, 50.041562], [8.545502, 50.041365], [8.545509, 50.041351], [8.546334, 50.041548]]]}}, {"type": "Feature", "properties": {"kind": "building", "h": 9.0, "name": ""}, "geometry": {"type": "Polygon", "coordinates": [[[8.539827, 50.041786], [8.539945, 50.041583], [8.540051, 50.041608], [8.539934, 50.041811], [8.539827, 50.041786]]]}}, {"type": "Feature", "properties": {"kind": "building", "h": 9.0, "name": ""}, "geometry": {"type": "Polygon", "coordinates": [[[8.539934, 50.041811], [8.53958, 50.042422], [8.539474, 50.042397], [8.539827, 50.041786], [8.539934, 50.041811]]]}}, {"type": "Feature", "properties": {"kind": "building", "h": 3.5, "name": ""}, "geometry": {"type": "Polygon", "coordinates": [[[8.540917, 50.043583], [8.540824, 50.04356], [8.54084, 50.043534], [8.540933, 50.043557], [8.540917, 50.043583]]]}}, {"type": "Feature", "properties": {"kind": "building", "h": 7.0, "name": ""}, "geometry": {"type": "Polygon", "coordinates": [[[8.540556, 50.043392], [8.540563, 50.043381], [8.540818, 50.043443], [8.540752, 50.043555], [8.540497, 50.043493], [8.540501, 50.043487], [8.540505, 50.043479], [8.540556, 50.043392]]]}}, {"type": "Feature", "properties": {"kind": "building", "h": 3.5, "name": ""}, "geometry": {"type": "Polygon", "coordinates": [[[8.540351, 50.043442], [8.540401, 50.043355], [8.540522, 50.043384], [8.540556, 50.043392], [8.540505, 50.043479], [8.540351, 50.043442]]]}}, {"type": "Feature", "properties": {"kind": "building", "h": 9.0, "name": ""}, "geometry": {"type": "Polygon", "coordinates": [[[8.552587, 50.045983], [8.552502, 50.046139], [8.552089, 50.046047], [8.552174, 50.045891], [8.552587, 50.045983]]]}}, {"type": "Feature", "properties": {"kind": "building", "h": 9.0, "name": ""}, "geometry": {"type": "Polygon", "coordinates": [[[8.556388, 50.024872], [8.556444, 50.024856], [8.556411, 50.024808], [8.556355, 50.024824], [8.556388, 50.024872]]]}}, {"type": "Feature", "properties": {"kind": "building", "h": 9.0, "name": ""}, "geometry": {"type": "Polygon", "coordinates": [[[8.556566, 50.024826], [8.556575, 50.024808], [8.556508, 50.024794], [8.556499, 50.024812], [8.556566, 50.024826]]]}}, {"type": "Feature", "properties": {"kind": "building", "h": 9.0, "name": ""}, "geometry": {"type": "Polygon", "coordinates": [[[8.562738, 50.022392], [8.562755, 50.022367], [8.562711, 50.022355], [8.562695, 50.022381], [8.562738, 50.022392]]]}}, {"type": "Feature", "properties": {"kind": "building", "h": 9.0, "name": "186"}, "geometry": {"type": "Polygon", "coordinates": [[[8.583364, 50.050534], [8.583132, 50.050478], [8.583018, 50.050451], [8.582996, 50.05049], [8.582445, 50.050356], [8.58238, 50.050342], [8.581549, 50.05014], [8.581679, 50.049921], [8.58171, 50.049868], [8.58096, 50.049694], [8.580844, 50.049729], [8.580095, 50.049954], [8.580135, 50.050008], [8.580016, 50.050044], [8.579945, 50.050065], [8.579879, 50.049975], [8.579631, 50.049636], [8.579605, 50.049644], [8.579637, 50.049688], [8.579582, 50.049704], [8.579529, 50.049631], [8.579615, 50.049606], [8.579489, 50.049433], [8.579569, 50.049409], [8.579666, 50.04938], [8.579606, 50.049294], [8.579568, 50.0493], [8.579425, 50.049091], [8.579446, 50.049088], [8.57957, 50.049144], [8.579615, 50.049214], [8.579679, 50.0492], [8.579721, 50.049269], [8.579881, 50.049224], [8.579928, 50.049233], [8.579964, 50.049168], [8.580027, 50.04918], [8.580046, 50.049144], [8.580314, 50.049262], [8.580282, 50.049318], [8.581078, 50.049509], [8.581088, 50.049492], [8.581068, 50.049487], [8.581116, 50.049405], [8.581452, 50.049547], [8.581427, 50.04959], [8.582221, 50.049781], [8.582232, 50.049763], [8.582209, 50.049757], [8.582258, 50.049673], [8.582584, 50.049814], [8.582548, 50.049877], [8.58325, 50.050046], [8.583168, 50.050202], [8.583191, 50.050207], [8.583196, 50.050199], [8.5833, 50.050223], [8.583521, 50.050277], [8.583364, 50.050534]]]}}, {"type": "Feature", "properties": {"kind": "building", "h": 3.5, "name": ""}, "geometry": {"type": "Polygon", "coordinates": [[[8.540993, 50.043], [8.541125, 50.043031], [8.541157, 50.042978], [8.541024, 50.042947], [8.540993, 50.043]]]}}, {"type": "Feature", "properties": {"kind": "building", "h": 3.5, "name": ""}, "geometry": {"type": "Polygon", "coordinates": [[[8.542162, 50.040823], [8.542129, 50.040809], [8.542146, 50.040791], [8.542116, 50.040779], [8.542207, 50.040685], [8.542251, 50.040702], [8.542276, 50.040676], [8.542297, 50.040684], [8.542162, 50.040823]]]}}, {"type": "Feature", "properties": {"kind": "building", "h": 9.0, "name": ""}, "geometry": {"type": "Polygon", "coordinates": [[[8.581706, 50.028197], [8.581916, 50.02805], [8.581833, 50.028001], [8.581627, 50.028148], [8.581706, 50.028197]]]}}, {"type": "Feature", "properties": {"kind": "building", "h": 9.0, "name": ""}, "geometry": {"type": "Polygon", "coordinates": [[[8.581895, 50.028307], [8.582111, 50.028166], [8.582025, 50.028115], [8.581806, 50.028258], [8.581895, 50.028307]]]}}, {"type": "Feature", "properties": {"kind": "building", "h": 9.0, "name": ""}, "geometry": {"type": "Polygon", "coordinates": [[[8.583039, 50.028716], [8.582822, 50.028864], [8.582739, 50.028816], [8.582956, 50.028667], [8.583039, 50.028716]]]}}, {"type": "Feature", "properties": {"kind": "building", "h": 9.0, "name": ""}, "geometry": {"type": "Polygon", "coordinates": [[[8.581686, 50.027915], [8.581833, 50.028001], [8.581916, 50.02805], [8.582025, 50.028115], [8.582111, 50.028166], [8.582956, 50.028667], [8.583039, 50.028716], [8.583194, 50.028807], [8.583275, 50.028751], [8.583294, 50.028738], [8.583359, 50.028693], [8.583382, 50.028677], [8.583476, 50.028612], [8.583319, 50.028519], [8.583234, 50.028469], [8.582386, 50.027967], [8.582302, 50.027917], [8.581967, 50.027719], [8.581878, 50.027781], [8.581857, 50.027795], [8.581795, 50.027839], [8.581774, 50.027854], [8.581686, 50.027915]]]}}, {"type": "Feature", "properties": {"kind": "building", "h": 9.0, "name": ""}, "geometry": {"type": "Polygon", "coordinates": [[[8.552455, 50.025509], [8.552448, 50.025525], [8.552429, 50.025537], [8.552404, 50.025541], [8.552378, 50.025537], [8.55236, 50.025525], [8.552353, 50.025509], [8.55236, 50.025492], [8.552378, 50.02548], [8.552404, 50.025476], [8.552429, 50.02548], [8.552448, 50.025492], [8.552455, 50.025509]]]}}, {"type": "Feature", "properties": {"kind": "building", "h": 9.0, "name": ""}, "geometry": {"type": "Polygon", "coordinates": [[[8.580256, 50.028152], [8.58041, 50.028246], [8.580454, 50.028217], [8.580299, 50.028123], [8.580256, 50.028152]]]}}, {"type": "Feature", "properties": {"kind": "building", "h": 3.5, "name": ""}, "geometry": {"type": "Polygon", "coordinates": [[[8.580301, 50.026772], [8.580392, 50.026738], [8.580375, 50.026719], [8.580413, 50.026705], [8.580373, 50.026661], [8.580244, 50.02671], [8.580301, 50.026772]]]}}, {"type": "Feature", "properties": {"kind": "building", "h": 9.0, "name": ""}, "geometry": {"type": "Polygon", "coordinates": [[[8.579443, 50.028679], [8.5792, 50.028532], [8.579377, 50.028411], [8.579619, 50.028558], [8.579443, 50.028679]]]}}, {"type": "Feature", "properties": {"kind": "building", "h": 9.0, "name": ""}, "geometry": {"type": "Polygon", "coordinates": [[[8.55251, 50.023737], [8.551798, 50.024992], [8.553946, 50.025494], [8.554657, 50.024239], [8.55251, 50.023737]]]}}, {"type": "Feature", "properties": {"kind": "runway", "ref": "18", "w": 45.0, "name": "Startbahn West"}, "geometry": {"type": "LineString", "coordinates": [[8.526306, 49.998487], [8.5263, 49.999077], [8.52627, 50.00191], [8.526215, 50.007268], [8.526147, 50.013807], [8.526067, 50.021586], [8.52606, 50.022243], [8.526053, 50.022882], [8.52605, 50.023193], [8.526049, 50.023336], [8.526046, 50.023591], [8.526041, 50.024045], [8.526026, 50.025497], [8.525991, 50.028884], [8.525983, 50.029705], [8.525966, 50.030668], [8.525963, 50.031639], [8.525954, 50.032099], [8.525952, 50.032663], [8.525949, 50.033112], [8.525943, 50.033547], [8.525938, 50.034043], [8.525937, 50.03416]]}}, {"type": "Feature", "properties": {"kind": "runway", "ref": "07R/25L", "w": 45.0, "name": "Start- und Landebahn Süd"}, "geometry": {"type": "LineString", "coordinates": [[8.534184, 50.027545], [8.535313, 50.027815], [8.536745, 50.028157], [8.54075, 50.029114], [8.545446, 50.030237], [8.546342, 50.030451], [8.547067, 50.030624], [8.553089, 50.032063], [8.553465, 50.032153], [8.554894, 50.032494], [8.555704, 50.032688], [8.556241, 50.032816], [8.556964, 50.032989], [8.55704, 50.033008], [8.55833, 50.033323], [8.56031, 50.033794], [8.563955, 50.034668], [8.567774, 50.03558], [8.571429, 50.036445], [8.578959, 50.038244], [8.579704, 50.038422], [8.584839, 50.039649], [8.585417, 50.039787], [8.586536, 50.040054]]}}, {"type": "Feature", "properties": {"kind": "runway", "ref": "07L/25R", "w": 45.0, "name": ""}, "geometry": {"type": "LineString", "coordinates": [[8.53371, 50.045821], [8.533503, 50.045772], [8.531708, 50.045341], [8.523829, 50.043455], [8.518311, 50.042133], [8.517394, 50.041913], [8.51279, 50.040811], [8.506984, 50.03942], [8.503619, 50.038614], [8.498765, 50.037454], [8.497509, 50.037154], [8.497069, 50.037049]]}}, {"type": "Feature", "properties": {"kind": "runway", "ref": "07C/25C", "w": 60.0, "name": "Start- und Landebahn Center"}, "geometry": {"type": "LineString", "coordinates": [[8.586985, 50.045125], [8.586411, 50.044988], [8.585656, 50.044808], [8.585413, 50.04475], [8.581976, 50.043928], [8.581497, 50.043814], [8.580791, 50.043645], [8.580552, 50.043588], [8.577941, 50.042966], [8.577792, 50.042932], [8.577181, 50.042782], [8.576555, 50.042635], [8.576338, 50.042581], [8.573058, 50.041797], [8.570664, 50.041225], [8.568105, 50.040613], [8.567926, 50.04057], [8.56732, 50.040425], [8.566584, 50.04025], [8.565556, 50.040004], [8.565293, 50.039941], [8.564242, 50.03969], [8.56194, 50.039144], [8.556548, 50.037858], [8.556459, 50.037833], [8.556208, 50.037778], [8.554661, 50.0374], [8.552505, 50.036884], [8.548561, 50.035942], [8.547756, 50.035749], [8.546939, 50.035554], [8.544652, 50.035007], [8.543834, 50.034812], [8.536773, 50.033124], [8.535566, 50.032836], [8.535005, 50.032701], [8.534633, 50.032612]]}}, {"type": "Feature", "properties": {"kind": "gate", "ref": "A1", "gtype": "gate"}, "geometry": {"type": "Point", "coordinates": [8.570745, 50.049453]}}, {"type": "Feature", "properties": {"kind": "gate", "ref": "B26", "gtype": "gate"}, "geometry": {"type": "Point", "coordinates": [8.571038, 50.046329]}}, {"type": "Feature", "properties": {"kind": "gate", "ref": "B25", "gtype": "gate"}, "geometry": {"type": "Point", "coordinates": [8.570971, 50.046704]}}, {"type": "Feature", "properties": {"kind": "gate", "ref": "B27", "gtype": "gate"}, "geometry": {"type": "Point", "coordinates": [8.571556, 50.046191]}}, {"type": "Feature", "properties": {"kind": "gate", "ref": "B28", "gtype": "gate"}, "geometry": {"type": "Point", "coordinates": [8.572001, 50.046387]}}, {"type": "Feature", "properties": {"kind": "gate", "ref": "B24", "gtype": "gate"}, "geometry": {"type": "Point", "coordinates": [8.571427, 50.046992]}}, {"type": "Feature", "properties": {"kind": "gate", "ref": "B23", "gtype": "gate"}, "geometry": {"type": "Point", "coordinates": [8.572223, 50.046938]}}, {"type": "Feature", "properties": {"kind": "gate", "ref": "B20", "gtype": "gate"}, "geometry": {"type": "Point", "coordinates": [8.572309, 50.048212]}}, {"type": "Feature", "properties": {"kind": "gate", "ref": "B10", "gtype": "gate"}, "geometry": {"type": "Point", "coordinates": [8.572054, 50.048909]}}, {"type": "Feature", "properties": {"kind": "gate", "ref": "A25", "gtype": "gate"}, "geometry": {"type": "Point", "coordinates": [8.566991, 50.045333]}}, {"type": "Feature", "properties": {"kind": "gate", "ref": "A21", "gtype": "gate"}, "geometry": {"type": "Point", "coordinates": [8.567729, 50.046345]}}, {"type": "Feature", "properties": {"kind": "gate", "ref": "A19", "gtype": "gate"}, "geometry": {"type": "Point", "coordinates": [8.568074, 50.046836]}}, {"type": "Feature", "properties": {"kind": "gate", "ref": "A17", "gtype": "gate"}, "geometry": {"type": "Point", "coordinates": [8.568426, 50.047322]}}, {"type": "Feature", "properties": {"kind": "gate", "ref": "A15", "gtype": "gate"}, "geometry": {"type": "Point", "coordinates": [8.56877, 50.047822]}}, {"type": "Feature", "properties": {"kind": "gate", "ref": "A13", "gtype": "gate"}, "geometry": {"type": "Point", "coordinates": [8.569113, 50.048305]}}, {"type": "Feature", "properties": {"kind": "gate", "ref": "A11", "gtype": "gate"}, "geometry": {"type": "Point", "coordinates": [8.569462, 50.048797]}}, {"type": "Feature", "properties": {"kind": "gate", "ref": "A38", "gtype": "gate"}, "geometry": {"type": "Point", "coordinates": [8.562434, 50.043892]}}, {"type": "Feature", "properties": {"kind": "gate", "ref": "A36", "gtype": "gate"}, "geometry": {"type": "Point", "coordinates": [8.562959, 50.04402]}}, {"type": "Feature", "properties": {"kind": "gate", "ref": "A34", "gtype": "gate"}, "geometry": {"type": "Point", "coordinates": [8.563477, 50.04415]}}, {"type": "Feature", "properties": {"kind": "gate", "ref": "A32", "gtype": "gate"}, "geometry": {"type": "Point", "coordinates": [8.564013, 50.044274]}}, {"type": "Feature", "properties": {"kind": "gate", "ref": "A30", "gtype": "gate"}, "geometry": {"type": "Point", "coordinates": [8.564555, 50.044399]}}, {"type": "Feature", "properties": {"kind": "gate", "ref": "A28", "gtype": "gate"}, "geometry": {"type": "Point", "coordinates": [8.565075, 50.044525]}}, {"type": "Feature", "properties": {"kind": "gate", "ref": "A26", "gtype": "gate"}, "geometry": {"type": "Point", "coordinates": [8.565604, 50.044649]}}, {"type": "Feature", "properties": {"kind": "gate", "ref": "A24", "gtype": "gate"}, "geometry": {"type": "Point", "coordinates": [8.566285, 50.045512]}}, {"type": "Feature", "properties": {"kind": "gate", "ref": "A22", "gtype": "gate"}, "geometry": {"type": "Point", "coordinates": [8.566613, 50.045977]}}, {"type": "Feature", "properties": {"kind": "gate", "ref": "A20", "gtype": "gate"}, "geometry": {"type": "Point", "coordinates": [8.567023, 50.046555]}}, {"type": "Feature", "properties": {"kind": "gate", "ref": "A18", "gtype": "gate"}, "geometry": {"type": "Point", "coordinates": [8.567375, 50.04705]}}, {"type": "Feature", "properties": {"kind": "gate", "ref": "A16", "gtype": "gate"}, "geometry": {"type": "Point", "coordinates": [8.56774, 50.047536]}}, {"type": "Feature", "properties": {"kind": "gate", "ref": "A14", "gtype": "gate"}, "geometry": {"type": "Point", "coordinates": [8.568092, 50.048029]}}, {"type": "Feature", "properties": {"kind": "gate", "ref": "C13", "gtype": "gate"}, "geometry": {"type": "Point", "coordinates": [8.579516, 50.049153]}}, {"type": "Feature", "properties": {"kind": "gate", "ref": "A69", "gtype": "gate"}, "geometry": {"type": "Point", "coordinates": [8.558887, 50.046638]}}, {"type": "Feature", "properties": {"kind": "gate", "ref": "A66/A68", "gtype": "gate"}, "geometry": {"type": "Point", "coordinates": [8.559744, 50.046854]}}, {"type": "Feature", "properties": {"kind": "gate", "ref": "A62/A64", "gtype": "gate"}, "geometry": {"type": "Point", "coordinates": [8.560871, 50.047133]}}, {"type": "Feature", "properties": {"kind": "gate", "ref": "A58/A60", "gtype": "gate"}, "geometry": {"type": "Point", "coordinates": [8.561993, 50.047386]}}, {"type": "Feature", "properties": {"kind": "gate", "ref": "B11", "gtype": "gate"}, "geometry": {"type": "Point", "coordinates": [8.572087, 50.048771]}}, {"type": "Feature", "properties": {"kind": "gate", "ref": "A54/A56", "gtype": "gate"}, "geometry": {"type": "Point", "coordinates": [8.563135, 50.047643]}}, {"type": "Feature", "properties": {"kind": "gate", "ref": "A52", "gtype": "gate"}, "geometry": {"type": "Point", "coordinates": [8.564245, 50.047918]}}, {"type": "Feature", "properties": {"kind": "gate", "ref": "A50", "gtype": "gate"}, "geometry": {"type": "Point", "coordinates": [8.5652, 50.048139]}}, {"type": "Feature", "properties": {"kind": "gate", "ref": "B14;B60", "gtype": "gate"}, "geometry": {"type": "Point", "coordinates": [8.573826, 50.049524]}}, {"type": "Feature", "properties": {"kind": "gate", "ref": "B15;B61", "gtype": "gate"}, "geometry": {"type": "Point", "coordinates": [8.573939, 50.049329]}}, {"type": "Feature", "properties": {"kind": "gate", "ref": "B16;B62", "gtype": "gate"}, "geometry": {"type": "Point", "coordinates": [8.574052, 50.049132]}}, {"type": "Feature", "properties": {"kind": "gate", "ref": "A4", "gtype": "gate"}, "geometry": {"type": "Point", "coordinates": [8.569909, 50.049244]}}, {"type": "Feature", "properties": {"kind": "gate", "ref": "A5", "gtype": "gate"}, "geometry": {"type": "Point", "coordinates": [8.569635, 50.049172]}}, {"type": "Feature", "properties": {"kind": "gate", "ref": "A2", "gtype": "gate"}, "geometry": {"type": "Point", "coordinates": [8.570483, 50.049393]}}, {"type": "Feature", "properties": {"kind": "gate", "ref": "A3", "gtype": "gate"}, "geometry": {"type": "Point", "coordinates": [8.570193, 50.04932]}}, {"type": "Feature", "properties": {"kind": "gate", "ref": "B13", "gtype": "gate"}, "geometry": {"type": "Point", "coordinates": [8.572271, 50.048447]}}, {"type": "Feature", "properties": {"kind": "gate", "ref": "B19", "gtype": "gate"}, "geometry": {"type": "Point", "coordinates": [8.572363, 50.048289]}}, {"type": "Feature", "properties": {"kind": "gate", "ref": "B22", "gtype": "gate"}, "geometry": {"type": "Point", "coordinates": [8.571778, 50.047542]}}, {"type": "Feature", "properties": {"kind": "gate", "ref": "B12", "gtype": "gate"}, "geometry": {"type": "Point", "coordinates": [8.572164, 50.048623]}}, {"type": "Feature", "properties": {"kind": "gate", "ref": "B42", "gtype": "gate"}, "geometry": {"type": "Point", "coordinates": [8.574781, 50.047843]}}, {"type": "Feature", "properties": {"kind": "gate", "ref": "B32", "gtype": "gate"}, "geometry": {"type": "Point", "coordinates": [8.573822, 50.047762]}}, {"type": "Feature", "properties": {"kind": "gate", "ref": "B30", "gtype": "gate"}, "geometry": {"type": "Point", "coordinates": [8.573312, 50.047644]}}, {"type": "Feature", "properties": {"kind": "gate", "ref": "B41", "gtype": "gate"}, "geometry": {"type": "Point", "coordinates": [8.574367, 50.048564]}}, {"type": "Feature", "properties": {"kind": "gate", "ref": "B45", "gtype": "gate"}, "geometry": {"type": "Point", "coordinates": [8.5767, 50.047686]}}, {"type": "Feature", "properties": {"kind": "gate", "ref": "B43", "gtype": "gate"}, "geometry": {"type": "Point", "coordinates": [8.575399, 50.048204]}}, {"type": "Feature", "properties": {"kind": "gate", "ref": "B46", "gtype": "gate"}, "geometry": {"type": "Point", "coordinates": [8.57646, 50.047384]}}, {"type": "Feature", "properties": {"kind": "gate", "ref": "B48", "gtype": "gate"}, "geometry": {"type": "Point", "coordinates": [8.575686, 50.047556]}}, {"type": "Feature", "properties": {"kind": "gate", "ref": "B44", "gtype": "gate"}, "geometry": {"type": "Point", "coordinates": [8.576373, 50.047987]}}, {"type": "Feature", "properties": {"kind": "gate", "ref": "B47", "gtype": "gate"}, "geometry": {"type": "Point", "coordinates": [8.575905, 50.047328]}}, {"type": "Feature", "properties": {"kind": "gate", "ref": "B1", "gtype": "gate"}, "geometry": {"type": "Point", "coordinates": [8.573588, 50.048803]}}, {"type": "Feature", "properties": {"kind": "gate", "ref": "C4", "gtype": "gate"}, "geometry": {"type": "Point", "coordinates": [8.574967, 50.050395]}}, {"type": "Feature", "properties": {"kind": "gate", "ref": "C5", "gtype": "gate"}, "geometry": {"type": "Point", "coordinates": [8.57575, 50.050207]}}, {"type": "Feature", "properties": {"kind": "gate", "ref": "C6", "gtype": "gate"}, "geometry": {"type": "Point", "coordinates": [8.576523, 50.050004]}}, {"type": "Feature", "properties": {"kind": "gate", "ref": "C2", "gtype": "gate"}, "geometry": {"type": "Point", "coordinates": [8.574275, 50.050366]}}, {"type": "Feature", "properties": {"kind": "gate", "ref": "C1", "gtype": "gate"}, "geometry": {"type": "Point", "coordinates": [8.573994, 50.050483]}}, {"type": "Feature", "properties": {"kind": "gate", "ref": "C8", "gtype": "gate"}, "geometry": {"type": "Point", "coordinates": [8.577618, 50.049727]}}, {"type": "Feature", "properties": {"kind": "gate", "ref": "C11", "gtype": "gate"}, "geometry": {"type": "Point", "coordinates": [8.578524, 50.049491]}}, {"type": "Feature", "properties": {"kind": "gate", "ref": "ASW", "gtype": "gate"}, "geometry": {"type": "Point", "coordinates": [8.568163, 50.049229]}}, {"type": "Feature", "properties": {"kind": "gate", "ref": "A23", "gtype": "gate"}, "geometry": {"type": "Point", "coordinates": [8.567376, 50.045925]}}, {"type": "Feature", "properties": {"kind": "gate", "ref": "Z50", "gtype": "gate"}, "geometry": {"type": "Point", "coordinates": [8.565235, 50.048057]}}, {"type": "Feature", "properties": {"kind": "gate", "ref": "Z58/Z60", "gtype": "gate"}, "geometry": {"type": "Point", "coordinates": [8.562043, 50.047295]}}, {"type": "Feature", "properties": {"kind": "gate", "ref": "Z66/Z68", "gtype": "gate"}, "geometry": {"type": "Point", "coordinates": [8.559774, 50.046758]}}, {"type": "Feature", "properties": {"kind": "gate", "ref": "Z52", "gtype": "gate"}, "geometry": {"type": "Point", "coordinates": [8.564296, 50.047833]}}, {"type": "Feature", "properties": {"kind": "gate", "ref": "Z54/Z56", "gtype": "gate"}, "geometry": {"type": "Point", "coordinates": [8.563181, 50.047554]}}, {"type": "Feature", "properties": {"kind": "gate", "ref": "Z69", "gtype": "gate"}, "geometry": {"type": "Point", "coordinates": [8.558953, 50.046558]}}, {"type": "Feature", "properties": {"kind": "gate", "ref": "B58", "gtype": "gate"}, "geometry": {"type": "Point", "coordinates": [8.573796, 50.048441]}}, {"type": "Feature", "properties": {"kind": "gate", "ref": "B59", "gtype": "gate"}, "geometry": {"type": "Point", "coordinates": [8.574004, 50.048382]}}, {"type": "Feature", "properties": {"kind": "gate", "ref": "A40", "gtype": "gate"}, "geometry": {"type": "Point", "coordinates": [8.561925, 50.043772]}}, {"type": "Feature", "properties": {"kind": "gate", "ref": "H5", "gtype": "gate"}, "geometry": {"type": "Point", "coordinates": [8.57908, 50.032831]}}, {"type": "Feature", "properties": {"kind": "gate", "ref": "H3", "gtype": "gate"}, "geometry": {"type": "Point", "coordinates": [8.579397, 50.032254]}}, {"type": "Feature", "properties": {"kind": "gate", "ref": "H1", "gtype": "gate"}, "geometry": {"type": "Point", "coordinates": [8.579697, 50.031726]}}, {"type": "Feature", "properties": {"kind": "gate", "ref": "H9", "gtype": "gate"}, "geometry": {"type": "Point", "coordinates": [8.578533, 50.033749]}}, {"type": "Feature", "properties": {"kind": "gate", "ref": "H13", "gtype": "gate"}, "geometry": {"type": "Point", "coordinates": [8.578121, 50.03451]}}, {"type": "Feature", "properties": {"kind": "gate", "ref": "H12", "gtype": "gate"}, "geometry": {"type": "Point", "coordinates": [8.579692, 50.033986]}}, {"type": "Feature", "properties": {"kind": "gate", "ref": "H8", "gtype": "gate"}, "geometry": {"type": "Point", "coordinates": [8.5801, 50.033255]}}, {"type": "Feature", "properties": {"kind": "gate", "ref": "H6", "gtype": "gate"}, "geometry": {"type": "Point", "coordinates": [8.580478, 50.032561]}}, {"type": "Feature", "properties": {"kind": "gate", "ref": "H4", "gtype": "gate"}, "geometry": {"type": "Point", "coordinates": [8.580832, 50.031965]}}, {"type": "Feature", "properties": {"kind": "gate", "ref": "H2", "gtype": "gate"}, "geometry": {"type": "Point", "coordinates": [8.581038, 50.031566]}}, {"type": "Feature", "properties": {"kind": "gate", "ref": "J53", "gtype": "gate"}, "geometry": {"type": "Point", "coordinates": [8.574282, 50.030883]}}, {"type": "Feature", "properties": {"kind": "gate", "ref": "J55", "gtype": "gate"}, "geometry": {"type": "Point", "coordinates": [8.573069, 50.03124]}}, {"type": "Feature", "properties": {"kind": "gate", "ref": "J57", "gtype": "gate"}, "geometry": {"type": "Point", "coordinates": [8.571991, 50.031548]}}, {"type": "Feature", "properties": {"kind": "gate", "ref": "J13", "gtype": "gate"}, "geometry": {"type": "Point", "coordinates": [8.571332, 50.031757]}}, {"type": "Feature", "properties": {"kind": "gate", "ref": "J11", "gtype": "gate"}, "geometry": {"type": "Point", "coordinates": [8.571902, 50.031575]}}, {"type": "Feature", "properties": {"kind": "gate", "ref": "J9", "gtype": "gate"}, "geometry": {"type": "Point", "coordinates": [8.572992, 50.031261]}}, {"type": "Feature", "properties": {"kind": "gate", "ref": "J7", "gtype": "gate"}, "geometry": {"type": "Point", "coordinates": [8.574207, 50.030904]}}, {"type": "Feature", "properties": {"kind": "gate", "ref": "J5", "gtype": "gate"}, "geometry": {"type": "Point", "coordinates": [8.575574, 50.030501]}}, {"type": "Feature", "properties": {"kind": "gate", "ref": "J3", "gtype": "gate"}, "geometry": {"type": "Point", "coordinates": [8.576609, 50.030192]}}, {"type": "Feature", "properties": {"kind": "gate", "ref": "J1", "gtype": "gate"}, "geometry": {"type": "Point", "coordinates": [8.577374, 50.029966]}}, {"type": "Feature", "properties": {"kind": "gate", "ref": "J14", "gtype": "gate"}, "geometry": {"type": "Point", "coordinates": [8.571421, 50.031923]}}, {"type": "Feature", "properties": {"kind": "gate", "ref": "J12", "gtype": "gate"}, "geometry": {"type": "Point", "coordinates": [8.57212, 50.031861]}}, {"type": "Feature", "properties": {"kind": "gate", "ref": "J10", "gtype": "gate"}, "geometry": {"type": "Point", "coordinates": [8.573193, 50.031545]}}, {"type": "Feature", "properties": {"kind": "gate", "ref": "J8", "gtype": "gate"}, "geometry": {"type": "Point", "coordinates": [8.574413, 50.031185]}}, {"type": "Feature", "properties": {"kind": "gate", "ref": "J6", "gtype": "gate"}, "geometry": {"type": "Point", "coordinates": [8.575596, 50.03084]}}, {"type": "Feature", "properties": {"kind": "gate", "ref": "J4", "gtype": "gate"}, "geometry": {"type": "Point", "coordinates": [8.576825, 50.030469]}}, {"type": "Feature", "properties": {"kind": "gate", "ref": "J2", "gtype": "gate"}, "geometry": {"type": "Point", "coordinates": [8.577742, 50.030199]}}, {"type": "Feature", "properties": {"kind": "gate", "ref": "N4", "gtype": "parking_position"}, "geometry": {"type": "Point", "coordinates": [8.574622, 50.046305]}}, {"type": "Feature", "properties": {"kind": "gate", "ref": "N4", "gtype": "parking_position"}, "geometry": {"type": "Point", "coordinates": [8.57373, 50.046206]}}, {"type": "Feature", "properties": {"kind": "gate", "ref": "N", "gtype": "parking_position"}, "geometry": {"type": "Point", "coordinates": [8.574928, 50.046209]}}, {"type": "Feature", "properties": {"kind": "gate", "ref": "A14", "gtype": "parking_position"}, "geometry": {"type": "Point", "coordinates": [8.56718, 50.04804]}}, {"type": "Feature", "properties": {"kind": "gate", "ref": "V 126", "gtype": "parking_position"}, "geometry": {"type": "Point", "coordinates": [8.58232, 50.047757]}}, {"type": "Feature", "properties": {"kind": "gate", "ref": "V 127", "gtype": "parking_position"}, "geometry": {"type": "Point", "coordinates": [8.582126, 50.047646]}}, {"type": "Feature", "properties": {"kind": "gate", "ref": "V 128", "gtype": "parking_position"}, "geometry": {"type": "Point", "coordinates": [8.581641, 50.047626]}}, {"type": "Feature", "properties": {"kind": "gate", "ref": "V 129", "gtype": "parking_position"}, "geometry": {"type": "Point", "coordinates": [8.58109, 50.047401]}}, {"type": "Feature", "properties": {"kind": "gate", "ref": "V 130", "gtype": "parking_position"}, "geometry": {"type": "Point", "coordinates": [8.580922, 50.047378]}}, {"type": "Feature", "properties": {"kind": "gate", "ref": "C14", "gtype": "parking_position"}, "geometry": {"type": "Point", "coordinates": [8.580761, 50.048836]}}, {"type": "Feature", "properties": {"kind": "gate", "ref": "B46", "gtype": "parking_position"}, "geometry": {"type": "Point", "coordinates": [8.578694, 50.047754]}}, {"type": "Feature", "properties": {"kind": "gate", "ref": "B46", "gtype": "parking_position"}, "geometry": {"type": "Point", "coordinates": [8.578181, 50.047617]}}, {"type": "Feature", "properties": {"kind": "gate", "ref": "B 45", "gtype": "parking_position"}, "geometry": {"type": "Point", "coordinates": [8.577443, 50.048343]}}, {"type": "Feature", "properties": {"kind": "gate", "ref": "B 44", "gtype": "parking_position"}, "geometry": {"type": "Point", "coordinates": [8.576359, 50.048685]}}, {"type": "Feature", "properties": {"kind": "gate", "ref": "B 43", "gtype": "parking_position"}, "geometry": {"type": "Point", "coordinates": [8.575515, 50.048931]}}, {"type": "Feature", "properties": {"kind": "gate", "ref": "C2", "gtype": "parking_position"}, "geometry": {"type": "Point", "coordinates": [8.57426, 50.049928]}}, {"type": "Feature", "properties": {"kind": "gate", "ref": "C4", "gtype": "parking_position"}, "geometry": {"type": "Point", "coordinates": [8.574919, 50.049794]}}, {"type": "Feature", "properties": {"kind": "gate", "ref": "C5", "gtype": "parking_position"}, "geometry": {"type": "Point", "coordinates": [8.575802, 50.049554]}}, {"type": "Feature", "properties": {"kind": "gate", "ref": "C6", "gtype": "parking_position"}, "geometry": {"type": "Point", "coordinates": [8.576589, 50.049313]}}, {"type": "Feature", "properties": {"kind": "gate", "ref": "C8", "gtype": "parking_position"}, "geometry": {"type": "Point", "coordinates": [8.577648, 50.049013]}}, {"type": "Feature", "properties": {"kind": "gate", "ref": "C11", "gtype": "parking_position"}, "geometry": {"type": "Point", "coordinates": [8.578561, 50.048803]}}, {"type": "Feature", "properties": {"kind": "gate", "ref": "C13", "gtype": "parking_position"}, "geometry": {"type": "Point", "coordinates": [8.579673, 50.048654]}}, {"type": "Feature", "properties": {"kind": "gate", "ref": "B 47", "gtype": "parking_position"}, "geometry": {"type": "Point", "coordinates": [8.575833, 50.046517]}}, {"type": "Feature", "properties": {"kind": "gate", "ref": "B 47", "gtype": "parking_position"}, "geometry": {"type": "Point", "coordinates": [8.576001, 50.046804]}}, {"type": "Feature", "properties": {"kind": "gate", "ref": "B28", "gtype": "parking_position"}, "geometry": {"type": "Point", "coordinates": [8.573401, 50.046269]}}, {"type": "Feature", "properties": {"kind": "gate", "ref": "B28", "gtype": "parking_position"}, "geometry": {"type": "Point", "coordinates": [8.573065, 50.046295]}}, {"type": "Feature", "properties": {"kind": "gate", "ref": "B 42", "gtype": "parking_position"}, "geometry": {"type": "Point", "coordinates": [8.574597, 50.047548]}}, {"type": "Feature", "properties": {"kind": "gate", "ref": "B 42", "gtype": "parking_position"}, "geometry": {"type": "Point", "coordinates": [8.574311, 50.047337]}}, {"type": "Feature", "properties": {"kind": "gate", "ref": "", "gtype": "parking_position"}, "geometry": {"type": "Point", "coordinates": [8.573889, 50.046726]}}, {"type": "Feature", "properties": {"kind": "gate", "ref": "", "gtype": "parking_position"}, "geometry": {"type": "Point", "coordinates": [8.573345, 50.047057]}}, {"type": "Feature", "properties": {"kind": "gate", "ref": "B23", "gtype": "parking_position"}, "geometry": {"type": "Point", "coordinates": [8.572845, 50.047097]}}, {"type": "Feature", "properties": {"kind": "gate", "ref": "B22", "gtype": "parking_position"}, "geometry": {"type": "Point", "coordinates": [8.571267, 50.047507]}}, {"type": "Feature", "properties": {"kind": "gate", "ref": "B22", "gtype": "parking_position"}, "geometry": {"type": "Point", "coordinates": [8.570726, 50.047692]}}, {"type": "Feature", "properties": {"kind": "gate", "ref": "B24", "gtype": "parking_position"}, "geometry": {"type": "Point", "coordinates": [8.570698, 50.047051]}}, {"type": "Feature", "properties": {"kind": "gate", "ref": "B24", "gtype": "parking_position"}, "geometry": {"type": "Point", "coordinates": [8.570216, 50.04727]}}, {"type": "Feature", "properties": {"kind": "gate", "ref": "B25", "gtype": "parking_position"}, "geometry": {"type": "Point", "coordinates": [8.570139, 50.046539]}}, {"type": "Feature", "properties": {"kind": "gate", "ref": "", "gtype": "parking_position"}, "geometry": {"type": "Point", "coordinates": [8.56968, 50.046611]}}, {"type": "Feature", "properties": {"kind": "gate", "ref": "B26", "gtype": "parking_position"}, "geometry": {"type": "Point", "coordinates": [8.569762, 50.045663]}}, {"type": "Feature", "properties": {"kind": "gate", "ref": "B27", "gtype": "parking_position"}, "geometry": {"type": "Point", "coordinates": [8.571956, 50.04583]}}, {"type": "Feature", "properties": {"kind": "gate", "ref": "A11", "gtype": "parking_position"}, "geometry": {"type": "Point", "coordinates": [8.570571, 50.048791]}}, {"type": "Feature", "properties": {"kind": "gate", "ref": "A13", "gtype": "parking_position"}, "geometry": {"type": "Point", "coordinates": [8.570029, 50.048346]}}, {"type": "Feature", "properties": {"kind": "gate", "ref": "A15", "gtype": "parking_position"}, "geometry": {"type": "Point", "coordinates": [8.569646, 50.047878]}}, {"type": "Feature", "properties": {"kind": "gate", "ref": "A17", "gtype": "parking_position"}, "geometry": {"type": "Point", "coordinates": [8.569266, 50.047406]}}, {"type": "Feature", "properties": {"kind": "gate", "ref": "A19", "gtype": "parking_position"}, "geometry": {"type": "Point", "coordinates": [8.568939, 50.046879]}}, {"type": "Feature", "properties": {"kind": "gate", "ref": "A21", "gtype": "parking_position"}, "geometry": {"type": "Point", "coordinates": [8.568771, 50.046406]}}, {"type": "Feature", "properties": {"kind": "gate", "ref": "A23", "gtype": "parking_position"}, "geometry": {"type": "Point", "coordinates": [8.568715, 50.045893]}}, {"type": "Feature", "properties": {"kind": "gate", "ref": "A25", "gtype": "parking_position"}, "geometry": {"type": "Point", "coordinates": [8.568434, 50.045248]}}, {"type": "Feature", "properties": {"kind": "gate", "ref": "A16", "gtype": "parking_position"}, "geometry": {"type": "Point", "coordinates": [8.566872, 50.047529]}}, {"type": "Feature", "properties": {"kind": "gate", "ref": "A1", "gtype": "parking_position"}, "geometry": {"type": "Point", "coordinates": [8.570773, 50.049047]}}, {"type": "Feature", "properties": {"kind": "gate", "ref": "B10", "gtype": "parking_position"}, "geometry": {"type": "Point", "coordinates": [8.571327, 50.048858]}}, {"type": "Feature", "properties": {"kind": "gate", "ref": "B20", "gtype": "parking_position"}, "geometry": {"type": "Point", "coordinates": [8.571116, 50.048397]}}, {"type": "Feature", "properties": {"kind": "gate", "ref": "A50", "gtype": "parking_position"}, "geometry": {"type": "Point", "coordinates": [8.565961, 50.047876]}}, {"type": "Feature", "properties": {"kind": "gate", "ref": "B48", "gtype": "parking_position"}, "geometry": {"type": "Point", "coordinates": [8.575037, 50.046776]}}, {"type": "Feature", "properties": {"kind": "gate", "ref": "B48", "gtype": "parking_position"}, "geometry": {"type": "Point", "coordinates": [8.574735, 50.046598]}}, {"type": "Feature", "properties": {"kind": "gate", "ref": "", "gtype": "parking_position"}, "geometry": {"type": "Point", "coordinates": [8.574536, 50.04604]}}, {"type": "Feature", "properties": {"kind": "gate", "ref": "", "gtype": "parking_position"}, "geometry": {"type": "Point", "coordinates": [8.574271, 50.046145]}}, {"type": "Feature", "properties": {"kind": "gate", "ref": "A36", "gtype": "parking_position"}, "geometry": {"type": "Point", "coordinates": [8.562645, 50.044466]}}, {"type": "Feature", "properties": {"kind": "gate", "ref": "A30", "gtype": "parking_position"}, "geometry": {"type": "Point", "coordinates": [8.564106, 50.044796]}}, {"type": "Feature", "properties": {"kind": "gate", "ref": "A28", "gtype": "parking_position"}, "geometry": {"type": "Point", "coordinates": [8.564675, 50.044948]}}, {"type": "Feature", "properties": {"kind": "gate", "ref": "A26 A28", "gtype": "parking_position"}, "geometry": {"type": "Point", "coordinates": [8.564257, 50.045258]}}, {"type": "Feature", "properties": {"kind": "gate", "ref": "V144", "gtype": "parking_position"}, "geometry": {"type": "Point", "coordinates": [8.563185, 50.045702]}}, {"type": "Feature", "properties": {"kind": "gate", "ref": "V143", "gtype": "parking_position"}, "geometry": {"type": "Point", "coordinates": [8.562365, 50.045497]}}, {"type": "Feature", "properties": {"kind": "gate", "ref": "V163", "gtype": "parking_position"}, "geometry": {"type": "Point", "coordinates": [8.555444, 50.040437]}}, {"type": "Feature", "properties": {"kind": "gate", "ref": "V162", "gtype": "parking_position"}, "geometry": {"type": "Point", "coordinates": [8.556186, 50.040616]}}, {"type": "Feature", "properties": {"kind": "gate", "ref": "V161", "gtype": "parking_position"}, "geometry": {"type": "Point", "coordinates": [8.55642, 50.040692]}}, {"type": "Feature", "properties": {"kind": "gate", "ref": "V160", "gtype": "parking_position"}, "geometry": {"type": "Point", "coordinates": [8.556829, 50.040749]}}, {"type": "Feature", "properties": {"kind": "gate", "ref": "V159", "gtype": "parking_position"}, "geometry": {"type": "Point", "coordinates": [8.557427, 50.040877]}}, {"type": "Feature", "properties": {"kind": "gate", "ref": "V158", "gtype": "parking_position"}, "geometry": {"type": "Point", "coordinates": [8.557545, 50.04093]}}, {"type": "Feature", "properties": {"kind": "gate", "ref": "V157", "gtype": "parking_position"}, "geometry": {"type": "Point", "coordinates": [8.558255, 50.041132]}}, {"type": "Feature", "properties": {"kind": "gate", "ref": "V156", "gtype": "parking_position"}, "geometry": {"type": "Point", "coordinates": [8.558477, 50.041154]}}, {"type": "Feature", "properties": {"kind": "gate", "ref": "V155", "gtype": "parking_position"}, "geometry": {"type": "Point", "coordinates": [8.558913, 50.041248]}}, {"type": "Feature", "properties": {"kind": "gate", "ref": "V170", "gtype": "parking_position"}, "geometry": {"type": "Point", "coordinates": [8.544932, 50.037922]}}, {"type": "Feature", "properties": {"kind": "gate", "ref": "V169", "gtype": "parking_position"}, "geometry": {"type": "Point", "coordinates": [8.545867, 50.038148]}}, {"type": "Feature", "properties": {"kind": "gate", "ref": "V168", "gtype": "parking_position"}, "geometry": {"type": "Point", "coordinates": [8.546947, 50.038414]}}, {"type": "Feature", "properties": {"kind": "gate", "ref": "V167", "gtype": "parking_position"}, "geometry": {"type": "Point", "coordinates": [8.547894, 50.038634]}}, {"type": "Feature", "properties": {"kind": "gate", "ref": "V166", "gtype": "parking_position"}, "geometry": {"type": "Point", "coordinates": [8.548835, 50.038858]}}, {"type": "Feature", "properties": {"kind": "gate", "ref": "V164", "gtype": "parking_position"}, "geometry": {"type": "Point", "coordinates": [8.551242, 50.039323]}}, {"type": "Feature", "properties": {"kind": "gate", "ref": "V173B", "gtype": "parking_position"}, "geometry": {"type": "Point", "coordinates": [8.540455, 50.036788]}}, {"type": "Feature", "properties": {"kind": "gate", "ref": "V173", "gtype": "parking_position"}, "geometry": {"type": "Point", "coordinates": [8.540584, 50.03678]}}, {"type": "Feature", "properties": {"kind": "gate", "ref": "V173A", "gtype": "parking_position"}, "geometry": {"type": "Point", "coordinates": [8.540917, 50.036897]}}, {"type": "Feature", "properties": {"kind": "gate", "ref": "V172", "gtype": "parking_position"}, "geometry": {"type": "Point", "coordinates": [8.541393, 50.036986]}}, {"type": "Feature", "properties": {"kind": "gate", "ref": "V171A", "gtype": "parking_position"}, "geometry": {"type": "Point", "coordinates": [8.542289, 50.037228]}}, {"type": "Feature", "properties": {"kind": "gate", "ref": "V171", "gtype": "parking_position"}, "geometry": {"type": "Point", "coordinates": [8.542177, 50.037207]}}, {"type": "Feature", "properties": {"kind": "gate", "ref": "V177", "gtype": "parking_position"}, "geometry": {"type": "Point", "coordinates": [8.537239, 50.036043]}}, {"type": "Feature", "properties": {"kind": "gate", "ref": "V176", "gtype": "parking_position"}, "geometry": {"type": "Point", "coordinates": [8.537902, 50.0362]}}, {"type": "Feature", "properties": {"kind": "gate", "ref": "V175", "gtype": "parking_position"}, "geometry": {"type": "Point", "coordinates": [8.538666, 50.036386]}}, {"type": "Feature", "properties": {"kind": "gate", "ref": "V174", "gtype": "parking_position"}, "geometry": {"type": "Point", "coordinates": [8.539435, 50.036561]}}, {"type": "Feature", "properties": {"kind": "gate", "ref": "F215", "gtype": "parking_position"}, "geometry": {"type": "Point", "coordinates": [8.547031, 50.040483]}}, {"type": "Feature", "properties": {"kind": "gate", "ref": "F216", "gtype": "parking_position"}, "geometry": {"type": "Point", "coordinates": [8.546695, 50.041116]}}, {"type": "Feature", "properties": {"kind": "gate", "ref": "V143", "gtype": "parking_position"}, "geometry": {"type": "Point", "coordinates": [8.562183, 50.04533]}}, {"type": "Feature", "properties": {"kind": "gate", "ref": "V144", "gtype": "parking_position"}, "geometry": {"type": "Point", "coordinates": [8.563008, 50.04555]}}, {"type": "Feature", "properties": {"kind": "gate", "ref": "A26", "gtype": "parking_position"}, "geometry": {"type": "Point", "coordinates": [8.564695, 50.045428]}}, {"type": "Feature", "properties": {"kind": "gate", "ref": "A54", "gtype": "parking_position"}, "geometry": {"type": "Point", "coordinates": [8.563971, 50.047391]}}, {"type": "Feature", "properties": {"kind": "gate", "ref": "A16", "gtype": "parking_position"}, "geometry": {"type": "Point", "coordinates": [8.567202, 50.047407]}}, {"type": "Feature", "properties": {"kind": "gate", "ref": "A14", "gtype": "parking_position"}, "geometry": {"type": "Point", "coordinates": [8.56747, 50.04792]}}, {"type": "Feature", "properties": {"kind": "gate", "ref": "B 41", "gtype": "parking_position"}, "geometry": {"type": "Point", "coordinates": [8.574662, 50.049037]}}, {"type": "Feature", "properties": {"kind": "gate", "ref": "NV7", "gtype": "parking_position"}, "geometry": {"type": "Point", "coordinates": [8.556857, 50.047382]}}, {"type": "Feature", "properties": {"kind": "gate", "ref": "NV7", "gtype": "parking_position"}, "geometry": {"type": "Point", "coordinates": [8.556997, 50.047464]}}, {"type": "Feature", "properties": {"kind": "gate", "ref": "NV7", "gtype": "parking_position"}, "geometry": {"type": "Point", "coordinates": [8.556938, 50.047509]}}, {"type": "Feature", "properties": {"kind": "gate", "ref": "NV7", "gtype": "parking_position"}, "geometry": {"type": "Point", "coordinates": [8.557224, 50.047786]}}, {"type": "Feature", "properties": {"kind": "gate", "ref": "V171B", "gtype": "parking_position"}, "geometry": {"type": "Point", "coordinates": [8.541838, 50.037114]}}, {"type": "Feature", "properties": {"kind": "gate", "ref": "A58", "gtype": "parking_position"}, "geometry": {"type": "Point", "coordinates": [8.562823, 50.047117]}}, {"type": "Feature", "properties": {"kind": "gate", "ref": "A40", "gtype": "parking_position"}, "geometry": {"type": "Point", "coordinates": [8.561487, 50.044176]}}, {"type": "Feature", "properties": {"kind": "gate", "ref": "A38", "gtype": "parking_position"}, "geometry": {"type": "Point", "coordinates": [8.562065, 50.044317]}}, {"type": "Feature", "properties": {"kind": "gate", "ref": "A34", "gtype": "parking_position"}, "geometry": {"type": "Point", "coordinates": [8.563234, 50.044601]}}, {"type": "Feature", "properties": {"kind": "gate", "ref": "A69", "gtype": "parking_position"}, "geometry": {"type": "Point", "coordinates": [8.559484, 50.046326]}}, {"type": "Feature", "properties": {"kind": "gate", "ref": "A66B", "gtype": "parking_position"}, "geometry": {"type": "Point", "coordinates": [8.560322, 50.046378]}}, {"type": "Feature", "properties": {"kind": "gate", "ref": "", "gtype": "parking_position"}, "geometry": {"type": "Point", "coordinates": [8.555071, 50.047247]}}, {"type": "Feature", "properties": {"kind": "gate", "ref": "", "gtype": "parking_position"}, "geometry": {"type": "Point", "coordinates": [8.554998, 50.047239]}}, {"type": "Feature", "properties": {"kind": "gate", "ref": "NV3", "gtype": "parking_position"}, "geometry": {"type": "Point", "coordinates": [8.554761, 50.047088]}}, {"type": "Feature", "properties": {"kind": "gate", "ref": "", "gtype": "parking_position"}, "geometry": {"type": "Point", "coordinates": [8.554491, 50.047111]}}, {"type": "Feature", "properties": {"kind": "gate", "ref": "", "gtype": "parking_position"}, "geometry": {"type": "Point", "coordinates": [8.553974, 50.046998]}}, {"type": "Feature", "properties": {"kind": "gate", "ref": "", "gtype": "parking_position"}, "geometry": {"type": "Point", "coordinates": [8.553854, 50.04697]}}, {"type": "Feature", "properties": {"kind": "gate", "ref": "", "gtype": "parking_position"}, "geometry": {"type": "Point", "coordinates": [8.553454, 50.046878]}}, {"type": "Feature", "properties": {"kind": "gate", "ref": "NV2", "gtype": "parking_position"}, "geometry": {"type": "Point", "coordinates": [8.554211, 50.046626]}}, {"type": "Feature", "properties": {"kind": "gate", "ref": "NV5", "gtype": "parking_position"}, "geometry": {"type": "Point", "coordinates": [8.556024, 50.047487]}}, {"type": "Feature", "properties": {"kind": "gate", "ref": "NV4", "gtype": "parking_position"}, "geometry": {"type": "Point", "coordinates": [8.555532, 50.047362]}}, {"type": "Feature", "properties": {"kind": "gate", "ref": "", "gtype": "parking_position"}, "geometry": {"type": "Point", "coordinates": [8.553375, 50.046159]}}, {"type": "Feature", "properties": {"kind": "gate", "ref": "", "gtype": "parking_position"}, "geometry": {"type": "Point", "coordinates": [8.555392, 50.046642]}}, {"type": "Feature", "properties": {"kind": "gate", "ref": "", "gtype": "parking_position"}, "geometry": {"type": "Point", "coordinates": [8.555033, 50.04353]}}, {"type": "Feature", "properties": {"kind": "gate", "ref": "", "gtype": "parking_position"}, "geometry": {"type": "Point", "coordinates": [8.555111, 50.043548]}}, {"type": "Feature", "properties": {"kind": "gate", "ref": "", "gtype": "parking_position"}, "geometry": {"type": "Point", "coordinates": [8.555489, 50.043639]}}, {"type": "Feature", "properties": {"kind": "gate", "ref": "", "gtype": "parking_position"}, "geometry": {"type": "Point", "coordinates": [8.555761, 50.043625]}}, {"type": "Feature", "properties": {"kind": "gate", "ref": "", "gtype": "parking_position"}, "geometry": {"type": "Point", "coordinates": [8.555929, 50.043864]}}, {"type": "Feature", "properties": {"kind": "gate", "ref": "", "gtype": "parking_position"}, "geometry": {"type": "Point", "coordinates": [8.555081, 50.042979]}}, {"type": "Feature", "properties": {"kind": "gate", "ref": "", "gtype": "parking_position"}, "geometry": {"type": "Point", "coordinates": [8.556661, 50.043988]}}, {"type": "Feature", "properties": {"kind": "gate", "ref": "", "gtype": "parking_position"}, "geometry": {"type": "Point", "coordinates": [8.556706, 50.044027]}}, {"type": "Feature", "properties": {"kind": "gate", "ref": "", "gtype": "parking_position"}, "geometry": {"type": "Point", "coordinates": [8.557391, 50.043131]}}, {"type": "Feature", "properties": {"kind": "gate", "ref": "", "gtype": "parking_position"}, "geometry": {"type": "Point", "coordinates": [8.556856, 50.044034]}}, {"type": "Feature", "properties": {"kind": "gate", "ref": "", "gtype": "parking_position"}, "geometry": {"type": "Point", "coordinates": [8.556346, 50.042893]}}, {"type": "Feature", "properties": {"kind": "gate", "ref": "", "gtype": "parking_position"}, "geometry": {"type": "Point", "coordinates": [8.556913, 50.044076]}}, {"type": "Feature", "properties": {"kind": "gate", "ref": "", "gtype": "parking_position"}, "geometry": {"type": "Point", "coordinates": [8.557368, 50.043567]}}, {"type": "Feature", "properties": {"kind": "gate", "ref": "", "gtype": "parking_position"}, "geometry": {"type": "Point", "coordinates": [8.557417, 50.044099]}}, {"type": "Feature", "properties": {"kind": "gate", "ref": "", "gtype": "parking_position"}, "geometry": {"type": "Point", "coordinates": [8.557774, 50.043951]}}, {"type": "Feature", "properties": {"kind": "gate", "ref": "", "gtype": "parking_position"}, "geometry": {"type": "Point", "coordinates": [8.555622, 50.043312]}}, {"type": "Feature", "properties": {"kind": "gate", "ref": "SV1", "gtype": "parking_position"}, "geometry": {"type": "Point", "coordinates": [8.555353, 50.043214]}}, {"type": "Feature", "properties": {"kind": "gate", "ref": "", "gtype": "parking_position"}, "geometry": {"type": "Point", "coordinates": [8.555272, 50.043103]}}, {"type": "Feature", "properties": {"kind": "gate", "ref": "", "gtype": "parking_position"}, "geometry": {"type": "Point", "coordinates": [8.556733, 50.042991]}}, {"type": "Feature", "properties": {"kind": "gate", "ref": "", "gtype": "parking_position"}, "geometry": {"type": "Point", "coordinates": [8.556467, 50.043331]}}, {"type": "Feature", "properties": {"kind": "gate", "ref": "", "gtype": "parking_position"}, "geometry": {"type": "Point", "coordinates": [8.555721, 50.042741]}}, {"type": "Feature", "properties": {"kind": "gate", "ref": "", "gtype": "parking_position"}, "geometry": {"type": "Point", "coordinates": [8.557703, 50.043998]}}, {"type": "Feature", "properties": {"kind": "gate", "ref": "", "gtype": "parking_position"}, "geometry": {"type": "Point", "coordinates": [8.55771, 50.043701]}}, {"type": "Feature", "properties": {"kind": "gate", "ref": "", "gtype": "parking_position"}, "geometry": {"type": "Point", "coordinates": [8.557671, 50.043295]}}, {"type": "Feature", "properties": {"kind": "gate", "ref": "", "gtype": "parking_position"}, "geometry": {"type": "Point", "coordinates": [8.555786, 50.043536]}}, {"type": "Feature", "properties": {"kind": "gate", "ref": "SV4", "gtype": "parking_position"}, "geometry": {"type": "Point", "coordinates": [8.557668, 50.043058]}}, {"type": "Feature", "properties": {"kind": "gate", "ref": "", "gtype": "parking_position"}, "geometry": {"type": "Point", "coordinates": [8.556207, 50.043285]}}, {"type": "Feature", "properties": {"kind": "gate", "ref": "", "gtype": "parking_position"}, "geometry": {"type": "Point", "coordinates": [8.556442, 50.043136]}}, {"type": "Feature", "properties": {"kind": "gate", "ref": "", "gtype": "parking_position"}, "geometry": {"type": "Point", "coordinates": [8.555332, 50.042755]}}, {"type": "Feature", "properties": {"kind": "gate", "ref": "", "gtype": "parking_position"}, "geometry": {"type": "Point", "coordinates": [8.555395, 50.043428]}}, {"type": "Feature", "properties": {"kind": "gate", "ref": "", "gtype": "parking_position"}, "geometry": {"type": "Point", "coordinates": [8.55654, 50.043714]}}, {"type": "Feature", "properties": {"kind": "gate", "ref": "", "gtype": "parking_position"}, "geometry": {"type": "Point", "coordinates": [8.566235, 50.047661]}}, {"type": "Feature", "properties": {"kind": "gate", "ref": "A18", "gtype": "parking_position"}, "geometry": {"type": "Point", "coordinates": [8.566656, 50.046975]}}, {"type": "Feature", "properties": {"kind": "gate", "ref": "A20", "gtype": "parking_position"}, "geometry": {"type": "Point", "coordinates": [8.566218, 50.04651]}}, {"type": "Feature", "properties": {"kind": "gate", "ref": "A22", "gtype": "parking_position"}, "geometry": {"type": "Point", "coordinates": [8.565774, 50.045927]}}, {"type": "Feature", "properties": {"kind": "gate", "ref": "A24", "gtype": "parking_position"}, "geometry": {"type": "Point", "coordinates": [8.565416, 50.045462]}}, {"type": "Feature", "properties": {"kind": "gate", "ref": "A68", "gtype": "parking_position"}, "geometry": {"type": "Point", "coordinates": [8.560535, 50.046577]}}, {"type": "Feature", "properties": {"kind": "gate", "ref": "A68A", "gtype": "parking_position"}, "geometry": {"type": "Point", "coordinates": [8.561038, 50.046396]}}, {"type": "Feature", "properties": {"kind": "gate", "ref": "A58A", "gtype": "parking_position"}, "geometry": {"type": "Point", "coordinates": [8.563341, 50.046938]}}, {"type": "Feature", "properties": {"kind": "gate", "ref": "A62", "gtype": "parking_position"}, "geometry": {"type": "Point", "coordinates": [8.561674, 50.046856]}}, {"type": "Feature", "properties": {"kind": "gate", "ref": "A62B", "gtype": "parking_position"}, "geometry": {"type": "Point", "coordinates": [8.561472, 50.046646]}}, {"type": "Feature", "properties": {"kind": "gate", "ref": "A45B", "gtype": "parking_position"}, "geometry": {"type": "Point", "coordinates": [8.563751, 50.047206]}}, {"type": "Feature", "properties": {"kind": "gate", "ref": "NV6", "gtype": "parking_position"}, "geometry": {"type": "Point", "coordinates": [8.556434, 50.047581]}}, {"type": "Feature", "properties": {"kind": "gate", "ref": "", "gtype": "parking_position"}, "geometry": {"type": "Point", "coordinates": [8.556107, 50.046848]}}, {"type": "Feature", "properties": {"kind": "gate", "ref": "A25", "gtype": "parking_position"}, "geometry": {"type": "Point", "coordinates": [8.567831, 50.045321]}}, {"type": "Feature", "properties": {"kind": "gate", "ref": "A23", "gtype": "parking_position"}, "geometry": {"type": "Point", "coordinates": [8.568191, 50.045941]}}, {"type": "Feature", "properties": {"kind": "gate", "ref": "B26", "gtype": "parking_position"}, "geometry": {"type": "Point", "coordinates": [8.569109, 50.045511]}}, {"type": "Feature", "properties": {"kind": "gate", "ref": "K2", "gtype": "parking_position"}, "geometry": {"type": "Point", "coordinates": [8.577328, 50.028286]}}, {"type": "Feature", "properties": {"kind": "gate", "ref": "K6", "gtype": "parking_position"}, "geometry": {"type": "Point", "coordinates": [8.575448, 50.028085]}}, {"type": "Feature", "properties": {"kind": "gate", "ref": "K4", "gtype": "parking_position"}, "geometry": {"type": "Point", "coordinates": [8.576471, 50.028279]}}, {"type": "Feature", "properties": {"kind": "gate", "ref": "G5", "gtype": "parking_position"}, "geometry": {"type": "Point", "coordinates": [8.583282, 50.032524]}}, {"type": "Feature", "properties": {"kind": "gate", "ref": "H6", "gtype": "parking_position"}, "geometry": {"type": "Point", "coordinates": [8.581103, 50.033003]}}, {"type": "Feature", "properties": {"kind": "gate", "ref": "G13", "gtype": "parking_position"}, "geometry": {"type": "Point", "coordinates": [8.585388, 50.035414]}}, {"type": "Feature", "properties": {"kind": "gate", "ref": "G3", "gtype": "parking_position"}, "geometry": {"type": "Point", "coordinates": [8.583099, 50.03215]}}, {"type": "Feature", "properties": {"kind": "gate", "ref": "H8", "gtype": "parking_position"}, "geometry": {"type": "Point", "coordinates": [8.580808, 50.033641]}}, {"type": "Feature", "properties": {"kind": "gate", "ref": "G11", "gtype": "parking_position"}, "geometry": {"type": "Point", "coordinates": [8.584834, 50.034693]}}, {"type": "Feature", "properties": {"kind": "gate", "ref": "G1", "gtype": "parking_position"}, "geometry": {"type": "Point", "coordinates": [8.582906, 50.031775]}}, {"type": "Feature", "properties": {"kind": "gate", "ref": "H12", "gtype": "parking_position"}, "geometry": {"type": "Point", "coordinates": [8.580371, 50.034395]}}, {"type": "Feature", "properties": {"kind": "gate", "ref": "G9", "gtype": "parking_position"}, "geometry": {"type": "Point", "coordinates": [8.584213, 50.033783]}}, {"type": "Feature", "properties": {"kind": "gate", "ref": "H2", "gtype": "parking_position"}, "geometry": {"type": "Point", "coordinates": [8.58156, 50.031928]}}, {"type": "Feature", "properties": {"kind": "gate", "ref": "G7", "gtype": "parking_position"}, "geometry": {"type": "Point", "coordinates": [8.583669, 50.033056]}}, {"type": "Feature", "properties": {"kind": "gate", "ref": "H4", "gtype": "parking_position"}, "geometry": {"type": "Point", "coordinates": [8.581493, 50.032445]}}, {"type": "Feature", "properties": {"kind": "gate", "ref": "G16", "gtype": "parking_position"}, "geometry": {"type": "Point", "coordinates": [8.588077, 50.036406]}}, {"type": "Feature", "properties": {"kind": "gate", "ref": "G15 G16A", "gtype": "parking_position"}, "geometry": {"type": "Point", "coordinates": [8.585394, 50.036228]}}, {"type": "Feature", "properties": {"kind": "gate", "ref": "G15 G16A", "gtype": "parking_position"}, "geometry": {"type": "Point", "coordinates": [8.585268, 50.036014]}}, {"type": "Feature", "properties": {"kind": "gate", "ref": "G10", "gtype": "parking_position"}, "geometry": {"type": "Point", "coordinates": [8.587498, 50.034108]}}, {"type": "Feature", "properties": {"kind": "gate", "ref": "G6", "gtype": "parking_position"}, "geometry": {"type": "Point", "coordinates": [8.586474, 50.03268]}}, {"type": "Feature", "properties": {"kind": "gate", "ref": "G4", "gtype": "parking_position"}, "geometry": {"type": "Point", "coordinates": [8.586044, 50.032065]}}, {"type": "Feature", "properties": {"kind": "gate", "ref": "G2", "gtype": "parking_position"}, "geometry": {"type": "Point", "coordinates": [8.585597, 50.031448]}}, {"type": "Feature", "properties": {"kind": "gate", "ref": "G8", "gtype": "parking_position"}, "geometry": {"type": "Point", "coordinates": [8.586927, 50.033291]}}, {"type": "Feature", "properties": {"kind": "gate", "ref": "W1", "gtype": "parking_position"}, "geometry": {"type": "Point", "coordinates": [8.548806, 50.043985]}}, {"type": "Feature", "properties": {"kind": "gate", "ref": "W1A", "gtype": "parking_position"}, "geometry": {"type": "Point", "coordinates": [8.549385, 50.044168]}}, {"type": "Feature", "properties": {"kind": "gate", "ref": "W2", "gtype": "parking_position"}, "geometry": {"type": "Point", "coordinates": [8.549996, 50.044266]}}, {"type": "Feature", "properties": {"kind": "gate", "ref": "W9", "gtype": "parking_position"}, "geometry": {"type": "Point", "coordinates": [8.549812, 50.043012]}}, {"type": "Feature", "properties": {"kind": "gate", "ref": "W3", "gtype": "parking_position"}, "geometry": {"type": "Point", "coordinates": [8.550963, 50.044529]}}, {"type": "Feature", "properties": {"kind": "gate", "ref": "W1", "gtype": "parking_position"}, "geometry": {"type": "Point", "coordinates": [8.549024, 50.043872]}}, {"type": "Feature", "properties": {"kind": "gate", "ref": "", "gtype": "parking_position"}, "geometry": {"type": "Point", "coordinates": [8.549976, 50.043201]}}, {"type": "Feature", "properties": {"kind": "gate", "ref": "", "gtype": "parking_position"}, "geometry": {"type": "Point", "coordinates": [8.55141, 50.0437]}}, {"type": "Feature", "properties": {"kind": "gate", "ref": "", "gtype": "parking_position"}, "geometry": {"type": "Point", "coordinates": [8.550698, 50.043453]}}, {"type": "Feature", "properties": {"kind": "gate", "ref": "", "gtype": "parking_position"}, "geometry": {"type": "Point", "coordinates": [8.550175, 50.04333]}}, {"type": "Feature", "properties": {"kind": "gate", "ref": "", "gtype": "parking_position"}, "geometry": {"type": "Point", "coordinates": [8.551201, 50.043571]}}, {"type": "Feature", "properties": {"kind": "gate", "ref": "W7", "gtype": "parking_position"}, "geometry": {"type": "Point", "coordinates": [8.551837, 50.043533]}}, {"type": "Feature", "properties": {"kind": "gate", "ref": "W7", "gtype": "parking_position"}, "geometry": {"type": "Point", "coordinates": [8.551748, 50.043904]}}, {"type": "Feature", "properties": {"kind": "gate", "ref": "", "gtype": "parking_position"}, "geometry": {"type": "Point", "coordinates": [8.550516, 50.043254]}}, {"type": "Feature", "properties": {"kind": "gate", "ref": "", "gtype": "parking_position"}, "geometry": {"type": "Point", "coordinates": [8.551023, 50.043387]}}, {"type": "Feature", "properties": {"kind": "gate", "ref": "W8", "gtype": "parking_position"}, "geometry": {"type": "Point", "coordinates": [8.550744, 50.043663]}}, {"type": "Feature", "properties": {"kind": "gate", "ref": "W8", "gtype": "parking_position"}, "geometry": {"type": "Point", "coordinates": [8.550833, 50.043295]}}, {"type": "Feature", "properties": {"kind": "gate", "ref": "", "gtype": "parking_position"}, "geometry": {"type": "Point", "coordinates": [8.552011, 50.043629]}}, {"type": "Feature", "properties": {"kind": "gate", "ref": "", "gtype": "parking_position"}, "geometry": {"type": "Point", "coordinates": [8.551709, 50.043684]}}, {"type": "Feature", "properties": {"kind": "gate", "ref": "W4", "gtype": "parking_position"}, "geometry": {"type": "Point", "coordinates": [8.55146, 50.044146]}}, {"type": "Feature", "properties": {"kind": "gate", "ref": "W6", "gtype": "parking_position"}, "geometry": {"type": "Point", "coordinates": [8.552282, 50.044174]}}, {"type": "Feature", "properties": {"kind": "gate", "ref": "", "gtype": "parking_position"}, "geometry": {"type": "Point", "coordinates": [8.54968, 50.043484]}}, {"type": "Feature", "properties": {"kind": "gate", "ref": "", "gtype": "parking_position"}, "geometry": {"type": "Point", "coordinates": [8.548996, 50.043361]}}, {"type": "Feature", "properties": {"kind": "gate", "ref": "W6", "gtype": "parking_position"}, "geometry": {"type": "Point", "coordinates": [8.552518, 50.044091]}}, {"type": "Feature", "properties": {"kind": "gate", "ref": "", "gtype": "parking_position"}, "geometry": {"type": "Point", "coordinates": [8.552017, 50.044165]}}, {"type": "Feature", "properties": {"kind": "gate", "ref": "W5", "gtype": "parking_position"}, "geometry": {"type": "Point", "coordinates": [8.552441, 50.044559]}}, {"type": "Feature", "properties": {"kind": "gate", "ref": "", "gtype": "parking_position"}, "geometry": {"type": "Point", "coordinates": [8.549613, 50.0432]}}, {"type": "Feature", "properties": {"kind": "gate", "ref": "F223", "gtype": "parking_position"}, "geometry": {"type": "Point", "coordinates": [8.541582, 50.03918]}}, {"type": "Feature", "properties": {"kind": "gate", "ref": "F225", "gtype": "parking_position"}, "geometry": {"type": "Point", "coordinates": [8.541398, 50.039525]}}, {"type": "Feature", "properties": {"kind": "gate", "ref": "F214", "gtype": "parking_position"}, "geometry": {"type": "Point", "coordinates": [8.545705, 50.040865]}}, {"type": "Feature", "properties": {"kind": "gate", "ref": "F224", "gtype": "parking_position"}, "geometry": {"type": "Point", "coordinates": [8.541362, 50.039474]}}, {"type": "Feature", "properties": {"kind": "gate", "ref": "F213", "gtype": "parking_position"}, "geometry": {"type": "Point", "coordinates": [8.546075, 50.04024]}}, {"type": "Feature", "properties": {"kind": "gate", "ref": "F221A", "gtype": "parking_position"}, "geometry": {"type": "Point", "coordinates": [8.541773, 50.038835]}}, {"type": "Feature", "properties": {"kind": "gate", "ref": "F221", "gtype": "parking_position"}, "geometry": {"type": "Point", "coordinates": [8.541701, 50.038916]}}, {"type": "Feature", "properties": {"kind": "gate", "ref": "F212", "gtype": "parking_position"}, "geometry": {"type": "Point", "coordinates": [8.542627, 50.040136]}}, {"type": "Feature", "properties": {"kind": "gate", "ref": "F211", "gtype": "parking_position"}, "geometry": {"type": "Point", "coordinates": [8.543028, 50.03952]}}, {"type": "Feature", "properties": {"kind": "gate", "ref": "", "gtype": "parking_position"}, "geometry": {"type": "Point", "coordinates": [8.543875, 50.025906]}}, {"type": "Feature", "properties": {"kind": "gate", "ref": "", "gtype": "parking_position"}, "geometry": {"type": "Point", "coordinates": [8.546234, 50.025847]}}, {"type": "Feature", "properties": {"kind": "gate", "ref": "W755", "gtype": "parking_position"}, "geometry": {"type": "Point", "coordinates": [8.547092, 50.026445]}}, {"type": "Feature", "properties": {"kind": "gate", "ref": "", "gtype": "parking_position"}, "geometry": {"type": "Point", "coordinates": [8.546672, 50.026216]}}, {"type": "Feature", "properties": {"kind": "gate", "ref": "", "gtype": "parking_position"}, "geometry": {"type": "Point", "coordinates": [8.546459, 50.025887]}}, {"type": "Feature", "properties": {"kind": "gate", "ref": "W755 W755A", "gtype": "parking_position"}, "geometry": {"type": "Point", "coordinates": [8.547406, 50.026133]}}, {"type": "Feature", "properties": {"kind": "gate", "ref": "", "gtype": "parking_position"}, "geometry": {"type": "Point", "coordinates": [8.546149, 50.026451]}}, {"type": "Feature", "properties": {"kind": "gate", "ref": "", "gtype": "parking_position"}, "geometry": {"type": "Point", "coordinates": [8.546165, 50.026162]}}, {"type": "Feature", "properties": {"kind": "gate", "ref": "W755A", "gtype": "parking_position"}, "geometry": {"type": "Point", "coordinates": [8.547195, 50.026379]}}, {"type": "Feature", "properties": {"kind": "gate", "ref": "3 3A", "gtype": "parking_position"}, "geometry": {"type": "Point", "coordinates": [8.545617, 50.025476]}}, {"type": "Feature", "properties": {"kind": "gate", "ref": "", "gtype": "parking_position"}, "geometry": {"type": "Point", "coordinates": [8.549411, 50.027014]}}, {"type": "Feature", "properties": {"kind": "gate", "ref": "", "gtype": "parking_position"}, "geometry": {"type": "Point", "coordinates": [8.549594, 50.026161]}}, {"type": "Feature", "properties": {"kind": "gate", "ref": "", "gtype": "parking_position"}, "geometry": {"type": "Point", "coordinates": [8.54978, 50.026938]}}, {"type": "Feature", "properties": {"kind": "gate", "ref": "", "gtype": "parking_position"}, "geometry": {"type": "Point", "coordinates": [8.549635, 50.026984]}}, {"type": "Feature", "properties": {"kind": "gate", "ref": "", "gtype": "parking_position"}, "geometry": {"type": "Point", "coordinates": [8.549813, 50.027019]}}, {"type": "Feature", "properties": {"kind": "gate", "ref": "", "gtype": "parking_position"}, "geometry": {"type": "Point", "coordinates": [8.549885, 50.026604]}}, {"type": "Feature", "properties": {"kind": "gate", "ref": "", "gtype": "parking_position"}, "geometry": {"type": "Point", "coordinates": [8.549762, 50.026359]}}, {"type": "Feature", "properties": {"kind": "gate", "ref": "", "gtype": "parking_position"}, "geometry": {"type": "Point", "coordinates": [8.550208, 50.026035]}}, {"type": "Feature", "properties": {"kind": "gate", "ref": "", "gtype": "parking_position"}, "geometry": {"type": "Point", "coordinates": [8.549894, 50.026091]}}, {"type": "Feature", "properties": {"kind": "gate", "ref": "", "gtype": "parking_position"}, "geometry": {"type": "Point", "coordinates": [8.549976, 50.026483]}}, {"type": "Feature", "properties": {"kind": "gate", "ref": "", "gtype": "parking_position"}, "geometry": {"type": "Point", "coordinates": [8.550074, 50.02631]}}, {"type": "Feature", "properties": {"kind": "gate", "ref": "", "gtype": "parking_position"}, "geometry": {"type": "Point", "coordinates": [8.55022, 50.025985]}}, {"type": "Feature", "properties": {"kind": "gate", "ref": "", "gtype": "parking_position"}, "geometry": {"type": "Point", "coordinates": [8.549319, 50.025983]}}, {"type": "Feature", "properties": {"kind": "gate", "ref": "", "gtype": "parking_position"}, "geometry": {"type": "Point", "coordinates": [8.571573, 50.048889]}}, {"type": "Feature", "properties": {"kind": "gate", "ref": "", "gtype": "parking_position"}, "geometry": {"type": "Point", "coordinates": [8.554369, 50.046397]}}, {"type": "Feature", "properties": {"kind": "gate", "ref": "NV1", "gtype": "parking_position"}, "geometry": {"type": "Point", "coordinates": [8.553084, 50.046728]}}, {"type": "Feature", "properties": {"kind": "gate", "ref": "", "gtype": "parking_position"}, "geometry": {"type": "Point", "coordinates": [8.570752, 50.049244]}}, {"type": "Feature", "properties": {"kind": "gate", "ref": "", "gtype": "parking_position"}, "geometry": {"type": "Point", "coordinates": [8.574152, 50.050066]}}, {"type": "Feature", "properties": {"kind": "gate", "ref": "K8", "gtype": "parking_position"}, "geometry": {"type": "Point", "coordinates": [8.574367, 50.027835]}}, {"type": "Feature", "properties": {"kind": "gate", "ref": "K10", "gtype": "parking_position"}, "geometry": {"type": "Point", "coordinates": [8.573182, 50.027549]}}, {"type": "Feature", "properties": {"kind": "gate", "ref": "V 134", "gtype": "parking_position"}, "geometry": {"type": "Point", "coordinates": [8.570288, 50.043971]}}, {"type": "Feature", "properties": {"kind": "gate", "ref": "V 135", "gtype": "parking_position"}, "geometry": {"type": "Point", "coordinates": [8.569853, 50.044125]}}, {"type": "Feature", "properties": {"kind": "gate", "ref": "V 136", "gtype": "parking_position"}, "geometry": {"type": "Point", "coordinates": [8.569688, 50.043821]}}, {"type": "Feature", "properties": {"kind": "gate", "ref": "H14", "gtype": "parking_position"}, "geometry": {"type": "Point", "coordinates": [8.58018, 50.034775]}}, {"type": "Feature", "properties": {"kind": "gate", "ref": "G15", "gtype": "parking_position"}, "geometry": {"type": "Point", "coordinates": [8.586088, 50.036085]}}, {"type": "Feature", "properties": {"kind": "gate", "ref": "G15", "gtype": "parking_position"}, "geometry": {"type": "Point", "coordinates": [8.586267, 50.03597]}}, {"type": "Feature", "properties": {"kind": "gate", "ref": "", "gtype": "parking_position"}, "geometry": {"type": "Point", "coordinates": [8.546963, 50.02661]}}, {"type": "Feature", "properties": {"kind": "gate", "ref": "", "gtype": "parking_position"}, "geometry": {"type": "Point", "coordinates": [8.547447, 50.026251]}}, {"type": "Feature", "properties": {"kind": "gate", "ref": "W753B", "gtype": "parking_position"}, "geometry": {"type": "Point", "coordinates": [8.544784, 50.025891]}}, {"type": "Feature", "properties": {"kind": "gate", "ref": "", "gtype": "parking_position"}, "geometry": {"type": "Point", "coordinates": [8.544623, 50.025872]}}, {"type": "Feature", "properties": {"kind": "gate", "ref": "", "gtype": "parking_position"}, "geometry": {"type": "Point", "coordinates": [8.547627, 50.026033]}}, {"type": "Feature", "properties": {"kind": "gate", "ref": "", "gtype": "parking_position"}, "geometry": {"type": "Point", "coordinates": [8.544457, 50.026159]}}, {"type": "Feature", "properties": {"kind": "gate", "ref": "N7 Blue", "gtype": "parking_position"}, "geometry": {"type": "Point", "coordinates": [8.562511, 50.043042]}}, {"type": "Feature", "properties": {"kind": "gate", "ref": "N7 Blue", "gtype": "parking_position"}, "geometry": {"type": "Point", "coordinates": [8.563391, 50.041508]}}, {"type": "Feature", "properties": {"kind": "gate", "ref": "N7 Blue", "gtype": "parking_position"}, "geometry": {"type": "Point", "coordinates": [8.563169, 50.041458]}}, {"type": "Feature", "properties": {"kind": "gate", "ref": "N7 Blue", "gtype": "parking_position"}, "geometry": {"type": "Point", "coordinates": [8.56229, 50.042981]}}, {"type": "Feature", "properties": {"kind": "gate", "ref": "N7 Blue", "gtype": "parking_position"}, "geometry": {"type": "Point", "coordinates": [8.562838, 50.042242]}}, {"type": "Feature", "properties": {"kind": "gate", "ref": "A52", "gtype": "parking_position"}, "geometry": {"type": "Point", "coordinates": [8.56502, 50.047642]}}, {"type": "Feature", "properties": {"kind": "gate", "ref": "A54A", "gtype": "parking_position"}, "geometry": {"type": "Point", "coordinates": [8.564484, 50.047202]}}, {"type": "Feature", "properties": {"kind": "gate", "ref": "A62A", "gtype": "parking_position"}, "geometry": {"type": "Point", "coordinates": [8.562171, 50.046678]}}, {"type": "Feature", "properties": {"kind": "gate", "ref": "A58B", "gtype": "parking_position"}, "geometry": {"type": "Point", "coordinates": [8.562612, 50.046916]}}, {"type": "Feature", "properties": {"kind": "gate", "ref": "", "gtype": "parking_position"}, "geometry": {"type": "Point", "coordinates": [8.550232, 50.026392]}}, {"type": "Feature", "properties": {"kind": "gate", "ref": "", "gtype": "parking_position"}, "geometry": {"type": "Point", "coordinates": [8.549864, 50.027076]}}, {"type": "Feature", "properties": {"kind": "gate", "ref": "", "gtype": "parking_position"}, "geometry": {"type": "Point", "coordinates": [8.549701, 50.026954]}}, {"type": "Feature", "properties": {"kind": "gate", "ref": "W9", "gtype": "parking_position"}, "geometry": {"type": "Point", "coordinates": [8.54956, 50.043392]}}, {"type": "Feature", "properties": {"kind": "gate", "ref": "", "gtype": "parking_position"}, "geometry": {"type": "Point", "coordinates": [8.551558, 50.044679]}}, {"type": "Feature", "properties": {"kind": "gate", "ref": "", "gtype": "parking_position"}, "geometry": {"type": "Point", "coordinates": [8.555545, 50.046679]}}, {"type": "Feature", "properties": {"kind": "gate", "ref": "", "gtype": "parking_position"}, "geometry": {"type": "Point", "coordinates": [8.554455, 50.046315]}}, {"type": "Feature", "properties": {"kind": "gate", "ref": "", "gtype": "parking_position"}, "geometry": {"type": "Point", "coordinates": [8.563256, 50.044884]}}, {"type": "Feature", "properties": {"kind": "gate", "ref": "", "gtype": "parking_position"}, "geometry": {"type": "Point", "coordinates": [8.56124, 50.044385]}}, {"type": "Feature", "properties": {"kind": "gate", "ref": "", "gtype": "parking_position"}, "geometry": {"type": "Point", "coordinates": [8.563081, 50.044835]}}, {"type": "Feature", "properties": {"kind": "gate", "ref": "", "gtype": "parking_position"}, "geometry": {"type": "Point", "coordinates": [8.562007, 50.044595]}}, {"type": "Feature", "properties": {"kind": "gate", "ref": "", "gtype": "parking_position"}, "geometry": {"type": "Point", "coordinates": [8.562466, 50.044686]}}, {"type": "Feature", "properties": {"kind": "gate", "ref": "", "gtype": "parking_position"}, "geometry": {"type": "Point", "coordinates": [8.564029, 50.045052]}}, {"type": "Feature", "properties": {"kind": "gate", "ref": "A28", "gtype": "parking_position"}, "geometry": {"type": "Point", "coordinates": [8.564578, 50.045208]}}, {"type": "Feature", "properties": {"kind": "gate", "ref": "", "gtype": "parking_position"}, "geometry": {"type": "Point", "coordinates": [8.561848, 50.044545]}}, {"type": "Feature", "properties": {"kind": "gate", "ref": "A28", "gtype": "parking_position"}, "geometry": {"type": "Point", "coordinates": [8.564409, 50.045221]}}, {"type": "Feature", "properties": {"kind": "gate", "ref": "", "gtype": "parking_position"}, "geometry": {"type": "Point", "coordinates": [8.561411, 50.044432]}}, {"type": "Feature", "properties": {"kind": "gate", "ref": "A26", "gtype": "parking_position"}, "geometry": {"type": "Point", "coordinates": [8.565067, 50.045206]}}, {"type": "Feature", "properties": {"kind": "gate", "ref": "", "gtype": "parking_position"}, "geometry": {"type": "Point", "coordinates": [8.562625, 50.044733]}}, {"type": "Feature", "properties": {"kind": "gate", "ref": "", "gtype": "parking_position"}, "geometry": {"type": "Point", "coordinates": [8.563849, 50.045005]}}, {"type": "Feature", "properties": {"kind": "gate", "ref": "A1", "gtype": "parking_position"}, "geometry": {"type": "Point", "coordinates": [8.570931, 50.049061]}}, {"type": "Feature", "properties": {"kind": "gate", "ref": "", "gtype": "parking_position"}, "geometry": {"type": "Point", "coordinates": [8.570748, 50.049211]}}, {"type": "Feature", "properties": {"kind": "gate", "ref": "B10", "gtype": "parking_position"}, "geometry": {"type": "Point", "coordinates": [8.571388, 50.04871]}}, {"type": "Feature", "properties": {"kind": "gate", "ref": "", "gtype": "parking_position"}, "geometry": {"type": "Point", "coordinates": [8.556623, 50.042806]}}, {"type": "Feature", "properties": {"kind": "gate", "ref": "SV2", "gtype": "parking_position"}, "geometry": {"type": "Point", "coordinates": [8.555593, 50.042557]}}, {"type": "Feature", "properties": {"kind": "gate", "ref": "J13", "gtype": "parking_position"}, "geometry": {"type": "Point", "coordinates": [8.570783, 50.030832]}}, {"type": "Feature", "properties": {"kind": "gate", "ref": "J17", "gtype": "parking_position"}, "geometry": {"type": "Point", "coordinates": [8.569698, 50.032097]}}, {"type": "Feature", "properties": {"kind": "gate", "ref": "J12", "gtype": "parking_position"}, "geometry": {"type": "Point", "coordinates": [8.572023, 50.032682]}}, {"type": "Feature", "properties": {"kind": "gate", "ref": "J12", "gtype": "parking_position"}, "geometry": {"type": "Point", "coordinates": [8.57193, 50.032658]}}, {"type": "Feature", "properties": {"kind": "gate", "ref": "J2", "gtype": "parking_position"}, "geometry": {"type": "Point", "coordinates": [8.577685, 50.03094]}}, {"type": "Feature", "properties": {"kind": "gate", "ref": "J4", "gtype": "parking_position"}, "geometry": {"type": "Point", "coordinates": [8.576795, 50.031297]}}, {"type": "Feature", "properties": {"kind": "gate", "ref": "J6", "gtype": "parking_position"}, "geometry": {"type": "Point", "coordinates": [8.575463, 50.03169]}}, {"type": "Feature", "properties": {"kind": "gate", "ref": "J8", "gtype": "parking_position"}, "geometry": {"type": "Point", "coordinates": [8.574323, 50.03203]}}, {"type": "Feature", "properties": {"kind": "gate", "ref": "J10", "gtype": "parking_position"}, "geometry": {"type": "Point", "coordinates": [8.57318, 50.032365]}}, {"type": "Feature", "properties": {"kind": "gate", "ref": "J11", "gtype": "parking_position"}, "geometry": {"type": "Point", "coordinates": [8.572012, 50.030725]}}, {"type": "Feature", "properties": {"kind": "gate", "ref": "J9", "gtype": "parking_position"}, "geometry": {"type": "Point", "coordinates": [8.573158, 50.030394]}}, {"type": "Feature", "properties": {"kind": "gate", "ref": "J7", "gtype": "parking_position"}, "geometry": {"type": "Point", "coordinates": [8.574293, 50.030049]}}, {"type": "Feature", "properties": {"kind": "gate", "ref": "H1", "gtype": "parking_position"}, "geometry": {"type": "Point", "coordinates": [8.579296, 50.031382]}}, {"type": "Feature", "properties": {"kind": "gate", "ref": "H3", "gtype": "parking_position"}, "geometry": {"type": "Point", "coordinates": [8.578886, 50.031817]}}, {"type": "Feature", "properties": {"kind": "gate", "ref": "H9", "gtype": "parking_position"}, "geometry": {"type": "Point", "coordinates": [8.577806, 50.033358]}}, {"type": "Feature", "properties": {"kind": "gate", "ref": "H13", "gtype": "parking_position"}, "geometry": {"type": "Point", "coordinates": [8.577386, 50.034121]}}, {"type": "Feature", "properties": {"kind": "gate", "ref": "V328", "gtype": "parking_position"}, "geometry": {"type": "Point", "coordinates": [8.569048, 50.029568]}}, {"type": "Feature", "properties": {"kind": "gate", "ref": "H11", "gtype": "parking_position"}, "geometry": {"type": "Point", "coordinates": [8.577587, 50.033737]}}, {"type": "Feature", "properties": {"kind": "gate", "ref": "H5", "gtype": "parking_position"}, "geometry": {"type": "Point", "coordinates": [8.578434, 50.03236]}}, {"type": "Feature", "properties": {"kind": "gate", "ref": "H7", "gtype": "parking_position"}, "geometry": {"type": "Point", "coordinates": [8.578024, 50.032978]}}, {"type": "Feature", "properties": {"kind": "gate", "ref": "J5", "gtype": "parking_position"}, "geometry": {"type": "Point", "coordinates": [8.575586, 50.029439]}}, {"type": "Feature", "properties": {"kind": "gate", "ref": "V322", "gtype": "parking_position"}, "geometry": {"type": "Point", "coordinates": [8.570127, 50.027381]}}, {"type": "Feature", "properties": {"kind": "gate", "ref": "V324", "gtype": "parking_position"}, "geometry": {"type": "Point", "coordinates": [8.569714, 50.028097]}}, {"type": "Feature", "properties": {"kind": "gate", "ref": "V326", "gtype": "parking_position"}, "geometry": {"type": "Point", "coordinates": [8.569302, 50.028814]}}]}